# sanitizer=none; Unity Jobs/Burst; safety validation uses a separate editor run; memory not measured
backend,workers,frame,live_rows,frame_us,mutation_us,admission_order,light_sum,content_spawned,content_despawned,enemies_spawned,enemies_despawned,live_enemies
Unity,8,0,1163300,5335.700,4367.600,0213,22173.078125000,2700,2700,163300,0,403300
Unity,8,1,1155200,2964.100,2226.800,3102,22173.078125000,100,100,16600,24700,395200
Unity,8,2,1053000,8381.100,7677.700,0231,22173.078125000,7800,7800,0,102200,293000
Unity,8,3,1015100,4022.600,3336.700,1203,22173.078125000,5200,5200,3000,40900,255100
Unity,8,4,1000000,1876.200,1322.400,1302,22173.078125000,2600,2600,0,15100,240000
Unity,8,5,1000000,562.700,24.100,3120,22173.078125000,100,100,0,0,240000
Unity,8,6,1074500,3018.900,2496.200,3201,22173.078125000,7700,7700,74500,0,314500
Unity,8,7,1000000,5757.200,5157.200,0231,22173.078125000,5200,5200,0,74500,240000
Unity,8,8,1118800,3021.800,2330.100,3021,22173.078125000,2800,2800,118800,0,358800
Unity,8,9,1082400,4230.600,3550.700,3012,22173.078125000,300,300,12500,48900,322400
Unity,8,10,1000000,6751.700,6060.900,3012,22173.078125000,7900,7900,0,82400,240000
Unity,8,11,1008500,1534.500,892.400,3012,22173.078125000,5300,5300,8500,0,248500
Unity,8,12,1000000,1508.700,924.900,1320,22173.078125000,2700,2700,0,8500,240000
Unity,8,13,1000000,596.800,35.200,3012,22173.078125000,200,200,0,0,240000
Unity,8,14,1030000,2083.600,1564.600,3201,22173.078125000,7800,7800,30000,0,270000
Unity,8,15,1000000,3142.400,2546.600,0132,22173.078125000,5300,5300,0,30000,240000
Unity,8,16,1120700,3040.800,2490.400,3120,22173.078125000,2900,2900,120700,0,360700
Unity,8,17,1106200,3255.900,2578.100,1230,22173.078125000,400,400,18000,32500,346200
Unity,8,18,1046700,5450.000,4824.200,2301,22173.078125000,8000,8000,0,59500,286700
Unity,8,19,1004500,4385.900,3804.900,3120,22173.078125000,5500,5500,4500,46700,244500
Unity,8,20,1000000,1194.700,672.800,1320,22173.078125000,2900,2900,0,4500,240000
Unity,8,21,1000000,582.500,49.100,3021,22173.078125000,300,300,0,0,240000
Unity,8,22,1031900,2208.800,1674.400,3102,22173.078125000,7900,7900,31900,0,271900
Unity,8,23,1000000,3323.500,2737.600,2031,22173.078125000,5400,5400,0,31900,240000
Unity,8,24,1122600,2940.500,2399.700,2013,22173.078125000,3000,3000,122600,0,362600
Unity,8,25,1139400,1687.000,1016.200,1302,22173.078125000,500,500,23500,6700,379400
Unity,8,26,1078000,5740.900,5082.400,3021,22173.078125000,8100,8100,0,61400,318000
Unity,8,27,1055600,3750.900,3122.900,1320,22173.078125000,5600,5600,10000,32400,295600
Unity,8,28,1000000,4375.900,3814.500,0132,22173.078125000,3000,3000,0,55600,240000
Unity,8,29,1000000,582.900,62.500,3012,22173.078125000,400,400,0,0,240000
Unity,8,30,1033800,2326.600,1755.800,2310,22173.078125000,8100,8100,33800,0,273800
Unity,8,31,1000000,3474.900,2930.700,1023,22173.078125000,5500,5500,0,33800,240000
