# backend=Unity; Burst + IL2CPP; one warmup; seven standalone cases; memory not measured
backend,operation,rows,sample,operations,hits,batches,total_ms,ns_per_operation,checksum
unity,create_population,1000000,1,1000000,0,0,16.966500,16.967,0.000000000
unity,boids,1000000,1,250000,13491,1954,9.473700,37.895,1178568521.466690000
unity,explosion_r50_first,1000000,1,500000,125290,3908,2.222000,4.444,71071818.000000000
unity,nearby_lights,1000000,1,250000,62383,1954,1.082200,4.329,37144.550850000
unity,position_lookup,1000000,1,1000000,0,0,26.621200,26.621,-1453538.000000000
unity,spawn_wave,1000000,1,100000,0,0,2.914800,29.148,0.000000000
unity,despawn_wave,1000000,1,10000,0,0,4.601300,460.130,0.000000000
unity,create_population,1000000,2,1000000,0,0,16.278800,16.279,0.000000000
unity,boids,1000000,2,250000,13491,1954,9.484800,37.939,1178568521.466690000
unity,explosion_r50_first,1000000,2,500000,125290,3908,2.189700,4.379,71071818.000000000
unity,nearby_lights,1000000,2,250000,62383,1954,1.103000,4.412,37144.550850000
unity,position_lookup,1000000,2,1000000,0,0,28.504100,28.504,-1453538.000000000
unity,spawn_wave,1000000,2,100000,0,0,2.835700,28.357,0.000000000
unity,despawn_wave,1000000,2,10000,0,0,5.200700,520.070,0.000000000
unity,create_population,1000000,3,1000000,0,0,16.791300,16.791,0.000000000
unity,boids,1000000,3,250000,13491,1954,9.544700,38.179,1178568521.466690000
unity,explosion_r50_first,1000000,3,500000,125290,3908,2.256000,4.512,71071818.000000000
unity,nearby_lights,1000000,3,250000,62383,1954,1.114100,4.456,37144.550850000
unity,position_lookup,1000000,3,1000000,0,0,29.350000,29.350,-1453538.000000000
unity,spawn_wave,1000000,3,100000,0,0,2.795200,27.952,0.000000000
unity,despawn_wave,1000000,3,10000,0,0,4.721700,472.170,0.000000000
unity,create_population,1000000,4,1000000,0,0,16.692500,16.693,0.000000000
unity,boids,1000000,4,250000,13491,1954,9.507000,38.028,1178568521.466690000
unity,explosion_r50_first,1000000,4,500000,125290,3908,2.278900,4.558,71071818.000000000
unity,nearby_lights,1000000,4,250000,62383,1954,1.061400,4.246,37144.550850000
unity,position_lookup,1000000,4,1000000,0,0,26.771800,26.772,-1453538.000000000
unity,spawn_wave,1000000,4,100000,0,0,2.858700,28.587,0.000000000
unity,despawn_wave,1000000,4,10000,0,0,4.268000,426.800,0.000000000
unity,create_population,1000000,5,1000000,0,0,16.616500,16.617,0.000000000
unity,boids,1000000,5,250000,13491,1954,9.451000,37.804,1178568521.466690000
unity,explosion_r50_first,1000000,5,500000,125290,3908,2.193300,4.387,71071818.000000000
unity,nearby_lights,1000000,5,250000,62383,1954,1.074100,4.296,37144.550850000
unity,position_lookup,1000000,5,1000000,0,0,27.072800,27.073,-1453538.000000000
unity,spawn_wave,1000000,5,100000,0,0,2.768400,27.684,0.000000000
unity,despawn_wave,1000000,5,10000,0,0,4.605900,460.590,0.000000000
unity,create_population,1000000,6,1000000,0,0,16.714900,16.715,0.000000000
unity,boids,1000000,6,250000,13491,1954,9.388200,37.553,1178568521.466690000
unity,explosion_r50_first,1000000,6,500000,125290,3908,2.219800,4.440,71071818.000000000
unity,nearby_lights,1000000,6,250000,62383,1954,1.102500,4.410,37144.550850000
unity,position_lookup,1000000,6,1000000,0,0,31.343100,31.343,-1453538.000000000
unity,spawn_wave,1000000,6,100000,0,0,2.836300,28.363,0.000000000
unity,despawn_wave,1000000,6,10000,0,0,4.683300,468.330,0.000000000
unity,create_population,1000000,7,1000000,0,0,16.788800,16.789,0.000000000
unity,boids,1000000,7,250000,13491,1954,9.545400,38.182,1178568521.466690000
unity,explosion_r50_first,1000000,7,500000,125290,3908,2.275600,4.551,71071818.000000000
unity,nearby_lights,1000000,7,250000,62383,1954,1.132100,4.528,37144.550850000
unity,position_lookup,1000000,7,1000000,0,0,29.433400,29.433,-1453538.000000000
unity,spawn_wave,1000000,7,100000,0,0,2.866200,28.662,0.000000000
unity,despawn_wave,1000000,7,10000,0,0,5.004400,500.440,0.000000000
