case,mode,repeat,ups,wasm,rss,cpu,cpu_per_update,simulation,simulation_p99,preparation,preparation_p99,queue,queue_p99,render,render_p99,age,age_p99,fps,update_p99,submit_p99,over_60,over_120,sync_ms,sync_calls,retries,dispatch_age,dispatch_age_p99,idle,wake,worker,raf,busy_callbacks
bunny10k,direct,1,119.99780086733,65.125,1048.01171875,67.8286609956198,5.652492004466932,1.0943640911617565,1.5210799999999998,0.07059811006114508,0.09,0,0,2.669591995553085,2.95502,3.8349138410227903,4.3701799999999995,120.01647169680807,10.32916015625,10.39111328125,0.055586436909394105,13.841022790439133,0,0,0,0,0,0,0,0,0,0
bunny10k,threaded,1,120.00133734059,78.1875,956.615234375,71.07244333755273,5.922637606598801,0.8564019988895059,1.27,0.2945902276513048,0.335,0.0014169905607995558,0.006,3.0162642976124374,3.194,8.188214325374792,10.279,120.00088867845619,10.43999267578125,10.43603515625,0,16.0,3.131505446193087,1.0,0,11.377814462885203,13.4541015625,3.986966145833333,0.02616452773632704,4.302796189616879,8.333322211371527,0
bunny10k,scheduled,1,119.99807170152,78.1875,1029.64453125,71.63926750707816,5.97003489233325,0.8740666666666667,1.16103,0.2950683333333333,0.33,6.982328888888889,9.07004,3.002831666666667,3.16504,16.453046666666665,18.31015,120.01238250500643,10.404052734375,10.384130859375,0,13.173985547526405,0.037446560329861114,1.0,0,16.5272216796875,18.38404296875,0.10003305873054474,0.012381727430555555,8.206588270399305,8.332456833657588,100
bunny10k,cached_raf,1,119.99939918819,78.1875,1026.556640625,74.52847491683325,6.2107373387722875,1.0141444444444445,1.6265399999999994,0.30794444444444447,0.344,1.7878538888888889,2.17005,3.0928377777777776,3.37,11.394528333333334,13.53401,119.9998449661536,10.364990234375,10.479121093749999,0,20.066703724291273,0.0,0.0,0,11.456588270399305,13.595009765625,5.154724765711854,0.02956732855902778,3.1309516059027778,8.333301758355336,0
bunny10k,cached_completion,1,119.99371059072,78.1875,1021.779296875,71.41979134858451,5.951961231717084,0.9761121599111604,1.305,0.29405830094392005,0.326,6.928747917823431,9.17,3.1371943364797334,3.425,16.49641032759578,18.4,120.00624055889625,10.469013671875,10.444140625,0,14.222222222222221,0.0,0.0,0,16.52925824086445,18.429931640625,0.09305948893229167,0.010659632452456968,8.21569207428165,8.332969428168402,100
bunny10k,cached_retry,1,120.01634777035,78.1875,1019.978515625,75.17013649280483,6.263324779441055,1.0323853414769573,1.531,0.3083609106052193,0.345,1.7816057745696836,2.191,3.106804553026097,3.39,11.402152692948363,13.59,120.00884830863994,10.36605712890625,10.5011572265625,0,18.166666666666668,0.0,0.0,0,11.470196136694891,13.655029296875,5.1355208333333335,0.035391037097445864,3.1437447403352303,8.33243882921007,0
bunny30k,direct,1,82.043557645718,78.1875,1053.330078125,116.36774772976406,14.183654520720006,4.676015447154471,6.006360000000001,0.21663739837398374,0.284,0,0,7.0841056910569105,7.48284,11.977135772357723,13.52455,82.04942596524087,13.833681640625004,13.942658691406251,0,100,0,0,0,0,0,0,0,0,0,0
bunny30k,threaded,1,59.799860277502,93.875,1047.41796875,96.37487777010443,16.11623795153962,4.219526198439242,5.71152,0.9559230769230769,1.0590799999999998,0.0019163879598662207,0.009039999999999963,8.1790624303233,8.51504,16.51760646599777,20.32524,59.79922830654358,20.515270996093747,20.506201171875,14.732142857142858,100,8.337740384615385,1.0,0,24.934235265555323,28.534580078125,3.121352331978934,0.0385222333995262,13.5422945734915,8.333354684894386,50.16666666666667
bunny30k,scheduled,1,80.789411203308,93.875,1059.1484375,133.0087044251461,16.463630869944986,4.708108085808581,6.121600000000004,0.974872112211221,1.1136700000000004,2.4689529702970296,12.068140000000003,8.534773102310231,9.104560000000001,17.965889438943893,26.914050000000003,80.84427092277339,26.84975585937501,24.118566894531252,3.9603960396039604,85.97359735973598,4.042229082401587,1.0,0,22.062742932008046,33.01877197265625,0.11239432659086221,0.025904467552040396,12.217195792327907,8.333833414713542,99.22265408106608
bunny30k,cached_raf,1,111.93790396394,93.875,1059.802734375,178.14352792286465,15.91449559215012,4.764444642857143,6.05731,0.9658357142857142,1.081,2.9467482142857144,3.9473100000000003,8.612667857142856,8.99584,17.507848214285715,19.251660000000008,111.93772776366156,10.475776367187503,10.7051171875,0.6551518761167362,50.9827278141751,0.0,0.0,0,17.567397925967263,19.31544433593751,0.18649188388735854,0.030030314127604166,8.699104672386532,8.792034117865255,1.5817223198594026
bunny30k,cached_completion,1,111.77793562917,93.875,1056.275390625,176.2185467028562,15.765056467626293,4.629862254025045,5.862040000000001,0.9624496124031008,1.055,3.1646451997614786,5.480000000000001,8.5788038163387,8.99448,17.609403100775193,23.854760000000002,111.77714910252254,14.09893798828125,13.849365234375,0.5369928400954653,50.0,0.0,0.0,0,17.660670444804712,23.90501953125,0.12970990383539677,0.02452324882602862,8.777090583305382,8.732652934123836,99.941792782305
bunny30k,cached_retry,1,112.99691979539,93.875,1066.08203125,178.16908869021353,15.767605790744962,4.677817109144542,6.049039999999993,0.9589480825958702,1.08,2.9689274336283185,3.96006,8.540491445427728,8.92,17.351605309734513,21.659859999999984,112.99739461668764,13.919450683593746,13.557045898437485,0.23612750885478156,35.30106257378985,0.0,0.0,1,17.40765463679941,21.725239257812483,0.17867881752396755,0.02556591652839233,8.628894727138643,8.72600984406832,1.4543339150668992
render50k,direct,1,53.003574995552,112.6875,1085.984375,114.016514649105,21.511098951093988,6.096226130653267,6.575,0.3428718592964824,0.46619999999999984,0,0,12.26043216080402,12.651,18.699824120603015,19.35745,53.00100670857469,19.7420751953125,19.698735351562497,100,100,0,0,0,0,0,0,0,0,0,0
render50k,threaded,1,40.000482142923,135.25,1092.890625,98.38629868269338,24.596278197636718,6.091645590682196,6.625,1.0213361064891846,1.07,0.0020898502495840265,0.01,14.002028286189685,14.399,24.83985524126456,26.19,39.99902671639094,26.40507080078125,26.3255615234375,100,100,14.194684883917429,1.0,0,39.105095023918466,40.40966796875,3.6818075830646837,0.03195398619488353,21.33441172264975,8.336836972591218,66.66666666666666
render50k,scheduled,1,48.02206990753,135.25,1090.484375,117.21216135465508,24.407977744473666,6.1147558945908465,6.538799999999999,1.023363384188627,1.1347999999999996,6.0623425797503465,13.598199999999997,14.47025520110957,15.2506,30.395700416088765,35.85179999999999,48.03334815264973,35.97510986328125,27.9339453125,49.861111111111114,100,7.516425483269765,1.0,0,37.96647959377167,42.6162109375,0.09523211305911927,0.021711584929785022,20.740896026569,10.418285912560721,100
render50k,cached_raf,1,66.200108339738,135.25,1091.232421875,158.9632535902019,24.012536773263996,6.117408450704225,6.622679999999999,1.0410684104627765,1.1596999999999993,7.751553319919517,8.38128,14.850952716297787,15.39542,29.95638028169014,30.690749999999998,66.19815882851687,15.737490234375,15.682734375,0.10080645161290322,100,0.0,0.0,0,30.01469927966235,30.7510107421875,0.1626209896095322,0.026016450264084508,14.934617470447686,15.083492658605527,0.2008032128514056
render50k,cached_completion,1,65.891689787399,135.25,1117.0625,157.9654601996258,23.973502684375656,6.066885743174924,6.53,1.0375733063700707,1.155,7.904159757330637,10.566,14.847499494438827,15.33,30.132100101112236,33.79388,65.88538720445217,17.83268798828125,17.468730468749996,1.3171225937183384,100,0.0,0.0,0,30.1864930742069,33.847412109375,0.14392497156218403,0.023464901020601617,15.031973041345426,14.943406306414966,99.80099502487563
render50k,cached_retry,1,66.614111931168,135.25,1084.27734375,159.33361534419083,23.918898072052567,6.127783,6.704059999999999,1.042509,1.144,7.671281,8.24005,14.776871,15.299069999999999,29.806239,30.52628,66.5828933736941,15.58029296875,15.55617919921875,0,100,0.0,0.0,1,29.857190185546877,30.58036865234375,0.155761474609375,0.01960498046875,14.86621630859375,15.018388505693194,0
balanced,direct,1,65.094663222028,65.125,1032.298828125,111.33485572207853,17.103530491022322,12.504824974411465,15.445,0.06957318321392017,0.099,0,0,2.592021494370522,2.7512,15.166910951893552,18.1324,65.09609022658988,18.32586669921875,18.33782958984375,7.684426229508197,100,0,0,0,0,0,0,0,0,0,0
balanced,threaded,1,53.51227548807,78.1875,1021.005859375,97.16406103804721,18.15734056379436,12.624733830845772,15.856550000000002,0.24209328358208956,0.29,0.0016044776119402986,0.01,2.862129353233831,3.02,18.525427860696517,25.72097,53.52960438302801,25.894819335937502,25.869775390625,32.25404732254047,100,2.9835672710665424,1.0,0,21.57152044951026,28.75511962890625,2.757125930406561,0.028574170164800995,15.87257468759717,8.333865149833517,55.46311702717692
balanced,scheduled,1,78.820954828599,78.1875,1032.265625,136.289637290386,17.291041143406115,12.26488672865596,15.164820000000004,0.23249535080304312,0.29,0.0020414201183431954,0.01,2.8465122569737953,3.00418,19.60809129332206,25.392800000000015,78.80078877742673,16.288312988281266,17.75492919921875,8.037225042301184,54.82233502538071,0.07849564798182587,1.0,0,19.721843135830515,25.457705078125013,0.0648978613033601,0.010983026138524936,12.592922646013841,8.333316786024305,99.44475291504719
balanced,cached_raf,1,59.980786755951,78.1875,1024.74609375,107.26924308812511,17.883933987825255,12.379987777777778,15.36009,0.24410333333333334,0.29003999999999996,0.0014766666666666667,0.01,2.880822222222222,3.01104,19.513265555555556,20.50609,59.96671073867408,17.61916015625,17.69412109375,6.904231625835189,100,0.0,0.0,0,19.589488661024305,20.57504150390625,3.9663704427083335,0.0405859375,12.648710666232638,8.333344455295139,50.02776235424764
balanced,cached_completion,1,78.913151794873,78.1875,1044.4609375,137.39697600201524,17.41116314288969,12.320067567567568,15.41238,0.2345912162162162,0.3006800000000003,0.0021148648648648648,0.006,2.8633673986486485,3.0115100000000004,19.63464864864865,25.43668,78.9120989204934,15.7659912109375,17.7321826171875,5.9171597633136095,53.93068469991547,0.0,0.0,0,19.66957071665171,25.4898486328125,0.07212850209828969,0.011458938186233109,12.571393399625212,8.33327678788563,99.77777777777777
balanced,cached_retry,1,59.912025205676,78.1875,1039.115234375,107.24193478054171,17.89990146592169,12.394543937708566,15.41528,0.24424471635150166,0.29501999999999995,0.001654060066740823,0.01,2.883100111234705,3.04404,19.52984427141268,21.5062,59.8904146406181,18.62002685546875,18.677880859374998,9.92196209587514,100,0.0,0.0,0,19.61092620272525,21.5804736328125,3.966167649384733,0.04613877615753615,12.662981926532954,8.333697102864583,50.08328706274292
fill,direct,1,106.309548486,65.125,1041.171875,121.07977567461839,11.389360353699885,1.0161648902821316,1.361,0.0660319749216301,0.1,0,0,8.1420802507837,8.591239999999999,9.224613793103448,9.936799999999998,106.30925438929498,10.40577880859375,10.43658203125,0,95.92220828105395,0,0,0,0,0,0,0,0,0,0
fill,threaded,1,59.972212315222,78.1875,1044.349609375,82.91787287410932,13.826048710406386,1.0291066666666666,1.47505,0.23427333333333333,0.2911299999999999,0.002306666666666667,0.006,9.539463333333334,9.95516,16.506736666666665,17.83514,59.971975432347264,18.0450048828125,18.0163916015625,10.011123470522804,100,9.676583930121527,1.0,0,26.25509223090278,27.760458984375,5.664066840277778,0.03249701605902778,10.967821994357639,8.333558213975694,50.02776235424764
fill,scheduled,1,80.041420651255,78.1875,1038.181640625,103.49902792990096,12.930683524578118,0.8460049958368027,1.3,0.2258434637801832,0.275,6.282418817651957,13.679,9.694620316402997,10.246,19.106238134887594,24.68,80.05785039687615,24.88505126953125,16.0812939453125,0,100,5.040480385811303,1.0,0,24.188996352323585,25.9599609375,0.0554264268708368,0.018986456598667777,12.412920466668401,8.332697211371528,98.61188228761799
fill,cached_raf,1,98.191423894973,78.1875,1037.53125,127.02453244749645,12.936418213403623,0.9869293957909029,1.414,0.22723761031907672,0.2721199999999999,8.747342158859471,9.35308,9.95786286490156,10.41528,20.092161575016974,20.9312,98.15147087942113,11.109521484374993,10.7933349609375,0,100,0.0,0.0,0,20.1444702562797,20.981816406249997,0.1713109738310421,0.025083833216649695,9.983728433416072,10.098882049663299,0.8748317631224763
fill,cached_completion,1,99.079704090069,78.1875,1040.279296875,126.55270076014011,12.772817795771436,0.9386292059219381,1.3141500000000002,0.2211399730820996,0.2641500000000001,8.77807806191117,9.784000000000042,9.853417900403768,10.3056,19.986687752355316,24.33670000000005,99.03211935290275,11.395380859375017,11.433193359375014,0.13468013468013468,100,0.0,0.0,0,20.035736207204746,24.401306152343796,0.10230658673662517,0.024901029399394346,9.958406717908815,9.969867044746678,98.00796812749005
fill,cached_retry,1,98.549543032961,78.1875,1029.36328125,128.27377630304403,13.016171598090661,1.0802521974306964,2.1073800000000023,0.2321866125760649,0.3416600000000001,8.596700473292765,9.1972,9.886802569303583,10.4295,19.998412440838404,22.494680000000002,98.55007172248415,13.196203613281261,12.342207031250004,0.2031144211238998,100,0.0,0.0,2,20.052102646689065,22.600742187500003,0.17939879009254564,0.02585249482336038,9.931960533405173,10.01756671655958,1.400933955970647
bunny10k,threaded,2,120.00010586271,78.1875,1029.103515625,70.83608324947897,5.903001729891912,0.8670666666666667,1.26406,0.2909561111111111,0.326,0.0013422222222222223,0.006,3.026728888888889,3.1710299999999996,8.196222777777777,9.241,120.00008007817844,9.39404296875,9.38409423828125,0,8.38888888888889,3.1336380504754304,1.0,0,11.387988009982639,12.41436279296875,3.9774647352430557,0.02638087889540533,4.312814224302471,8.333300103081598,0
bunny10k,scheduled,2,120.00182536358,78.1875,1024.5859375,71.01142284349937,5.91752855661569,0.8715274847307052,1.195,0.2946246529705719,0.326,6.989756246529706,8.061,2.996283731260411,3.135,16.456375902276513,17.469,120.00104688413298,9.35498046875,9.34013671875,0,6.611111111111111,0.03669226189443365,1.0,0,16.533040726072322,17.5439453125,0.09279215494791666,0.017210490699611326,8.209902240725638,8.333325059678819,100
bunny10k,cached_raf,2,120.00027361672,78.1875,1028.0390625,75.9449422837468,6.328730759924298,1.095152692948362,3.67,0.31224264297612436,0.35,1.9303981121599112,2.455,3.3348745141588005,3.674,11.60899111604664,12.825,120.01084082302357,9.35913818359375,9.51015869140625,0,9.055555555555555,0.0,0.0,0,11.698175357223418,12.885009765625,4.898192410466407,0.05223267347133537,3.364092566846544,8.333308376736111,0
bunny10k,cached_completion,2,120.00813379933,78.1875,1034.849609375,71.00051568494624,5.916308623186225,0.8742654081066075,1.199,0.2967729039422543,0.336,7.025449194891727,8.075,3.0025824541921153,3.15,16.501967795669074,17.505,120.0076411115239,9.35010498046875,9.35010498046875,0,6.5,0.0,0.0,0,16.535781580762425,17.534912109375,0.09456570095486111,0.012533455805802332,8.21219697281892,8.332791612413194,100
bunny10k,cached_retry,2,120.00109714323,78.1875,1026.662109375,75.55366554352457,6.296081231102896,1.045716823986674,1.52,0.31669961132704055,0.354,2.024933370349806,2.459,3.379189339255969,3.711,11.664066629650195,12.775,119.99680867862335,9.31594970703125,9.446142578125,0,7.333333333333333,0.0,0.0,0,11.74152855076173,12.849853515625,4.861889919704861,0.04113125628990839,3.412912693902693,8.33328599717882,0
bunny10k,direct,2,120.00094654379,65.125,1017.3515625,66.83741175674925,5.569740379702702,1.0817856746252081,1.414,0.071199888950583,0.091,0,0,2.669596890616324,2.945,3.8229466962798444,4.26,119.9998730470093,9.330126953125,9.414072265625,0,8.38888888888889,0,0,0,0,0,0,0,0,0,0
bunny30k,threaded,2,60.000965078891,93.875,1058.57421875,94.27074636351807,15.711538346019632,4.0614617092119865,5.465,0.9428457269700333,1.015,0.0014572697003329635,0.006,8.072086570477248,8.445,16.472975582685905,17.845,59.99621996472195,18.05593994140625,18.03617919921875,13.0,100,8.218988179366676,1.0,0,24.772327080153996,25.948974609375,3.3565486653645835,0.04183421415441176,13.249692182297448,8.333777804904514,49.97223764575236
bunny30k,scheduled,2,86.084696473744,93.875,1058.55078125,134.5347492136658,15.62818418657016,4.261077399380805,5.365,0.9475921052631578,1.035,2.8245092879256966,6.651339999999998,8.34152399380805,8.8499,17.638729102167183,20.587259999999997,86.11003702955533,20.5813720703125,16.866186523437495,0.5422153369481022,69.1711851278079,3.432324105372001,1.0,0,21.11764233474023,25.435788574218744,0.09501968253776143,0.017984774090557275,11.48833302595298,8.333574896918403,99.66685174902833
bunny30k,cached_raf,2,112.00644286554,93.875,1063.93359375,175.16541864802443,15.638869887003258,4.514350386674598,6.3628000000000515,0.9589904818560381,1.0642,3.188719214753123,4.051,8.59641998810232,8.9602,17.50161689470553,20.046200000000148,112.0065720001963,10.290668945312506,10.916491699218838,0.7738095238095238,48.095238095238095,0.0,0.0,0,17.546296091890987,20.131250000000144,0.21078026181175596,0.014938472495910172,8.684357833181513,8.771356736567983,1.7533606078316772
bunny30k,cached_completion,2,111.82615550778,93.875,1054.447265625,175.89934245335118,15.729713827201497,4.605202622169249,5.99868,0.9617258641239571,1.055,3.182721692491061,7.181830000000002,8.56433432657926,8.960920000000002,17.597241954707986,24.00115,111.82352043220288,14.2836328125,14.993906250000004,0.7155635062611807,46.034585569469286,0.0,0.0,0,17.644329011937575,24.0468115234375,0.13707142990166865,0.020401019163438616,8.769852502979738,8.719200666560683,99.82568274259151
bunny30k,cached_retry,2,111.85231234916,93.875,1061.716796875,175.99312848145897,15.734420217623748,4.58065831842576,6.114000000000002,0.9635116279069768,1.065,3.1353995229576626,3.99524,8.618502087060227,9.014,17.515954084675016,19.0452,111.85052024393374,10.3912353515625,10.602861328125002,0.5963029218843172,53.60763267740012,0.0,0.0,0,17.574653165995826,19.107783203125003,0.18787924050573943,0.02969640429454708,8.704601483350714,8.803896157516148,1.5258215962441315
bunny30k,direct,2,82.109905450936,78.1875,1048.2265625,116.35190826583808,14.170264552961038,4.650799512987013,5.765350000000001,0.21716964285714285,0.2887600000000002,0,0,7.094287337662338,7.38,11.962667207792208,13.264490000000002,82.11407337722596,13.5748291015625,13.502832031250001,0,100,0,0,0,0,0,0,0,0,0,0
render50k,threaded,2,40.00234011409,135.25,1102.771484375,97.66155733008446,24.41396104616519,5.932535773710483,6.396,1.0187371048252911,1.065,0.0015540765391014975,0.006,14.02424292845258,14.361,24.8168918469218,27.051,40.00654534169555,27.1847900390625,27.195485839843748,100,100,14.219936580308861,1.0,0,39.11132974989601,41.39404296875,3.7985750474469633,0.03604913035565724,21.19678262466202,8.383038520812988,66.48075850529838
render50k,scheduled,2,48.06429303871,135.25,1090.046875,116.50842672344915,24.24012075442692,6.045968055555556,6.595389999999999,0.9972027777777778,1.1292399999999996,6.200581944444444,14.45062,14.380927777777778,15.15796,30.452090277777778,36.58153,48.0815014317482,36.756181640625,28.85326416015625,49.583333333333336,100,7.413973105929265,1.0,0,37.90341016981337,43.53037841796875,0.09989211761009015,0.017313328926837724,20.72575659890777,10.4408327321973,100
render50k,cached_raf,2,62.349911606591,135.25,1143.1015625,155.11978685800204,24.878910468512093,6.061314102564102,6.6175,1.0336976495726495,1.15,8.725596153846153,9.3576,15.757108974358975,16.351499999999998,31.808189102564103,33.10065,62.33523542563486,17.274682617187498,17.228146972656248,1.177730192719486,100,0.0,0.0,0,31.859747470953526,33.15435791015625,0.19758488581730768,0.019763913928952992,15.845152765257746,16.016328760755737,0.21321961620469082
render50k,cached_completion,2,65.947241837562,135.25,1090.158203125,158.36333258561788,24.013640020865562,6.148256565656566,6.66065,1.0324363636363636,1.13644,7.818361616161616,9.27576,14.846693939393939,15.310550000000001,30.10049898989899,33.42127000000001,65.9131566836733,16.447255859375,16.4824560546875,0.8097165991902834,100,0.0,0.0,0,30.160670918166037,33.4645556640625,0.13450693458017676,0.03048354640151515,15.021927034011995,14.958793541251246,99.9003984063745
render50k,cached_retry,2,66.07147261152,135.25,1104.6640625,159.7403910917008,24.17690794193817,6.219336693548387,6.74626,1.0408497983870968,1.14509,7.6814344758064514,8.29909,14.87984375,15.39099,30.02471875,30.90715,66.03458002242255,16.000390625,15.751811523437501,0.10101010101010101,100,0.0,0.0,0,30.082151597545995,30.9808056640625,0.17071164038873488,0.025101200226814516,14.966742238690776,15.127439683483493,0.10070493454179255
render50k,direct,2,52.71061101784,112.6875,1088.31640625,113.90437611184288,21.60938261051304,6.121644753476612,6.538600000000001,0.34217446270543617,0.44510000000000005,0,0,12.335257901390644,12.710500000000001,18.79938432364096,19.4014,52.708098801101855,19.735107421875,19.71551513671875,100,100,0,0,0,0,0,0,0,0,0,0
balanced,threaded,2,55.305584969598,78.1875,1096.134765625,96.76877606754167,17.4971074116179,12.18811686746988,15.268960000000003,0.23845180722891565,0.3054200000000001,0.001583132530120482,0.01,2.847019277108434,3.0528399999999998,17.93349277108434,25.44825,55.29813097918134,25.616318359375,25.590244140625003,27.38238841978287,100,2.9627461996423192,1.0,0,20.95823195124247,28.53923095703125,2.622641836878765,0.031624741152108435,15.410014766095632,8.333311089409722,53.91449194891727
balanced,scheduled,2,78.550356177293,78.1875,1016.140625,135.59749688402582,17.26249293866649,12.282236641221374,15.134860000000002,0.23269211195928755,0.29,0.015409669211195928,0.44848000000000227,2.849027989821883,3.0322,19.772896522476675,25.8416,78.5336516093628,15.71079345703125,20.275427246093752,9.252971137521222,56.79117147707979,0.0867515091576548,1.0,0,19.905914332524915,25.955302734375003,0.05660521529103053,0.021275437009648006,12.632985821207061,8.333372124565972,99.50027762354247
balanced,cached_raf,2,59.787759174888,78.1875,1084.314453125,103.49310802617866,17.310083109729213,12.091386845039018,15.021359999999998,0.24224860646599777,0.3001599999999998,0.0016889632107023411,0.01,2.852344481605351,3.0142399999999996,19.54744816053512,23.369199999999996,59.76625764090618,20.5681640625,20.578110351562493,13.631284916201118,100,0.0,0.0,0,19.61858484444677,23.434199218749995,4.315920146146879,0.033142430062012264,12.355071647244287,8.332394341362848,50.19433647973348
balanced,cached_completion,2,79.785479613279,78.1875,1009.958984375,136.70669281739708,17.13428226288991,12.18405602006689,15.06985,0.2279933110367893,0.2890499999999999,0.016478260869565216,0.62,2.864227424749164,3.03,19.79516137123746,25.8368,79.77542837545462,15.3965380859375,19.727392578125,10.953177257525084,54.682274247491634,0.0,0.0,0,19.829781726849916,25.88525390625,0.06425960885242475,0.011250677714778428,12.44283169647523,8.332563883463541,99.50027762354247
balanced,cached_retry,2,59.846538531696,78.1875,1053.70703125,103.89173336357038,17.35968961823032,12.151493318485523,15.368129999999992,0.24158463251670378,0.2910899999999999,0.0019888641425389758,0.01,2.851998886414254,3.0211499999999996,19.526858574610245,23.23948,59.83349795896927,20.405595703124998,20.417041015625,12.611607142857142,100,0.0,0.0,0,19.592666048249583,23.29610107421875,4.243135787861916,0.03459021349526726,12.41442626409382,8.333341742621528,50.1388117712382
balanced,direct,2,65.399563410812,65.125,1016.708984375,110.6416126675037,16.917790715589426,12.460321100917431,15.3184,0.06834454638124363,0.095,0,0,2.554656472986748,2.7692,15.083675840978593,17.941200000000002,65.39651057756073,18.201875,18.270773925781253,6.63265306122449,100,0,0,0,0,0,0,0,0,0,0
fill,threaded,2,60.002903777157,78.1875,1039.02734375,79.56254034303812,13.259781666321196,0.9497277777777777,1.274,0.23089555555555555,0.28901999999999994,0.0014911111111111112,0.006029999999999973,9.456597777777779,9.825449999999998,16.509057777777777,18.62579,60.00067969519967,18.7757666015625,18.78444580078125,18.666666666666668,100,9.57215046432783,1.0,0,26.152132975260418,28.25034912109375,5.835770584766926,0.03409216538915094,10.787413941107102,8.333997795278664,50.0
fill,scheduled,2,80.677349285839,78.1875,1022.11328125,103.17323567047612,12.788376983598509,0.7961098265895954,1.32,0.22102312138728325,0.2749000000000001,6.395638315441784,14.417500000000006,9.639254335260116,10.2049,19.093201486374898,25.296100000000006,80.6999737945228,25.41813232421875,16.812800292968753,0.4132231404958678,100,4.872856159036953,1.0,0,24.00821973704583,26.633398437500002,0.06591252548255574,0.019447786565854667,12.303647835918147,8.335294460720487,99.61132704053304
fill,cached_raf,2,98.929204112848,78.1875,1025.4609375,126.27237697078971,12.763913154173515,0.9303214285714285,1.2950200000000005,0.22382681940700808,0.2791700000000001,8.707483827493261,9.286,9.844173180592993,10.256680000000001,19.914748652291106,21.243330000000004,98.89708300402378,11.714389648437505,11.53412109375,0.1349527665317139,100,0.0,0.0,0,19.97253138292832,21.290295410156254,0.19230483227341644,0.029688256770131403,9.884662638456032,9.990009915264823,1.3981358189081226
fill,cached_completion,2,98.206164440573,78.1875,1018.3125,126.28048321359044,12.858712478278887,1.0059138398914518,1.8223299999999985,0.22863500678426052,0.2918099999999999,8.77784328358209,13.69641999999999,9.809978968792402,10.307699999999999,20.138748982360923,27.63224,98.15670146602122,16.208623046874997,16.264362792968733,0.33967391304347827,100,0.0,0.0,0,20.194996475364654,27.66400146484375,0.11305831018911126,0.030993933917062417,10.034217451450136,9.878716273555794,98.35526315789474
fill,cached_retry,2,98.633855375303,78.1875,1038.455078125,126.47512543564585,12.822689020357815,0.9526452702702702,1.34942,0.2225493243243243,0.26663000000000014,8.733363513513513,9.28421,9.893264189189189,10.34584,19.99322837837838,21.171300000000002,98.60182982908422,11.66611328125,11.42354248046875,0.06765899864682003,100,0.0,0.0,3,20.045654791754647,21.2352099609375,0.17572499868032096,0.024894920555320946,9.931272929423564,10.07342172677762,0.8053691275167786
fill,direct,2,107.22439185715,65.125,1027.853515625,120.43850536222433,11.232379431228566,0.971667288557214,1.2955800000000004,0.0647089552238806,0.095,0,0,8.102228855721393,8.42065,9.138949004975125,9.62993,107.22591292895783,10.2496484375,10.344970703125,0,93.59452736318407,0,0,0,0,0,0,0,0,0,0
bunny10k,scheduled,3,120,78.1875,1026.708984375,71.60552458334888,5.967127048612407,0.8712872222222222,1.155,0.29588,0.33103,6.986879444444445,9.03604,3.0152505555555558,3.16501,16.44688888888889,18.44515,120.00037455821469,10.404091796875,10.3651904296875,0,12.229016120066703,0.03736083984375,1.0,0,16.529908718532987,18.5137744140625,0.08818796358219845,0.022333577473958335,8.209010416666667,8.333296329992358,100
bunny10k,cached_raf,3,120.00082644577,78.1875,1017.337890625,73.5661579508227,6.130470941720409,0.9583533333333333,1.4113299999999998,0.3119527777777778,0.35003999999999996,1.8757116666666667,2.18104,3.129591111111111,3.3510299999999997,11.434193888888888,13.565,120.00051953349929,10.360107421875,10.515185546875,0,15.944444444444445,0.0,0.0,0,11.492743462456597,13.615380859375,5.122160915798611,0.027225477430555554,3.166439208984375,8.334166666666667,0
bunny10k,cached_completion,3,120.00126490001,78.1875,1020.65234375,71.78340493655791,5.981887357301676,0.8947961111111111,1.371,0.29475944444444446,0.34,7.006459444444444,9.1551,3.0151922222222223,3.1710299999999996,16.492472777777778,18.51905,119.98464259066841,10.46068359375,10.43093994140625,0,16.555555555555557,0.0,0.0,0,16.533074951171876,18.554248046875,0.08973442925347222,0.01769077400576069,8.212104115335231,8.334377848307291,100
bunny10k,cached_retry,3,120.00009823754,78.1875,1026.59765625,75.66802398515723,6.3056635033225135,0.9905991116046641,1.715,0.31074181010549695,0.349,1.8571327040533037,2.18,3.1400666296501942,3.385,11.44330483064964,13.56,120.00419350591565,10.35986328125,10.469970703125,0,13.833333333333334,0.0,0.0,0,11.503176403734036,13.619873046875,5.10727858980254,0.027731853614311495,3.1795397413763187,8.333308241102431,0
bunny10k,direct,3,120.00671153137,65.125,1087.09765625,67.59854880829393,5.632897355963589,1.0919272626318712,1.419,0.07295502498611882,0.095,0,0,2.749974458634092,2.969,3.915260410882843,4.385,120.00964725989284,10.31886962890625,10.38094970703125,0,11.166666666666666,0,0,0,0,0,0,0,0,0,0
bunny10k,threaded,3,119.93710573526,78.1875,1040.70703125,70.8103218728867,5.903954530067449,0.8683822222222223,1.3490199999999999,0.2908738888888889,0.33,0.00133,0.006,2.9992955555555554,3.1800100000000002,8.19711,9.26604,119.93270087573106,9.3960546875,9.3999072265625,0,9.838799332962758,3.108618435329861,1.0,0,11.365442979600694,12.408935546875,4.00453309021505,0.02758938259548611,4.288978949652778,8.333277859157986,0.055524708495280406
bunny30k,scheduled,3,85.815549349349,93.875,1068.107421875,133.83299663176632,15.59542503036853,4.252546583850932,5.4620799999999985,0.9476583850931677,1.021,2.846162267080745,6.6206499999999995,8.33354347826087,8.826649999999999,17.681812888198756,20.59991,85.86483449221974,20.6404736328125,16.845078124999993,0.38819875776397517,67.3913043478261,3.44748834645526,1.0,0,21.175790348408384,25.434826660156244,0.10078208466880342,0.01822581794691382,11.516560430112092,8.333500838292963,99.61154273029966
bunny30k,cached_raf,3,112.27816736365,93.875,1055.029296875,176.26505824951738,15.69896110600244,4.567341839762611,6.221360000000004,0.9611400593471809,1.055,3.1298587537091986,4.067400000000002,8.59113649851632,8.98,17.460635014836797,19.149320000000337,112.27819418699433,9.76464355468751,10.46763671875031,0.5344418052256532,47.44655581947744,0.0,0.0,0,17.51990173520957,19.195693359375337,0.17825948031101543,0.030122171735905045,8.68006537462908,8.770903434530336,1.5195791934541203
bunny30k,cached_completion,3,111.61617780043,93.875,1065.04296875,176.62474579441405,15.824296197475919,4.673999402985075,6.111959999999999,0.9670483582089552,1.0720399999999999,3.133361791044776,5.951039999999997,8.596131940298507,8.98,17.641454328358208,24.64106,111.61447136847202,14.162304687499994,15.423977050781245,0.5376344086021506,51.732377538829155,0.0,0.0,0,17.688117712220148,24.777109375,0.1294398883195191,0.020654151119402987,8.79451361357276,8.734927124663294,99.82537834691502
bunny30k,cached_retry,3,112.59955077986,93.875,1108.48828125,177.80202386940445,15.79065126263424,4.673031379514506,6.149199999999996,0.9672238010657194,1.0666799999999985,3.009731201894612,3.99512,8.587245707519243,8.956,17.435407341622263,18.54272,112.59795803701594,9.844743652343723,9.791323242187493,0.4146919431279621,45.023696682464454,0.0,0.0,0,17.488474220831485,18.599013671874996,0.16509792816017477,0.02471009565571344,8.670884994588144,8.766815863715278,1.2857977790765636
bunny30k,direct,3,82.186986370751,78.1875,1034.421875,116.40780234077388,14.163775493075082,4.644982968369829,5.84372,0.21668613138686132,0.28568000000000005,0,0,7.104328467153285,7.3684,11.966366585563666,13.21372,82.18765423605498,13.41810546875,13.439702148437501,0,100,0,0,0,0,0,0,0,0,0,0
bunny30k,threaded,3,59.998379751091,93.875,1069.220703125,94.44611284534284,15.741443891845337,4.030885555555556,5.160489999999999,0.9507644444444444,1.0411399999999997,0.0014677777777777777,0.006,8.104474444444444,8.460040000000001,16.459983333333334,17.7502,60.00163108838161,17.9467236328125,17.9404638671875,11.568409343715238,100,8.25705078125,1.0,0,24.803173828125,25.955078125,3.3338325678705507,0.04750515407986111,13.264858940972223,8.33336024896644,50.0
render50k,scheduled,3,47.968567654766,135.25,1088.78125,116.43592464943369,24.273379494554288,6.075969401947149,6.53802,1.0001613351877607,1.16,6.128164116828929,13.608800000000004,14.400553546592489,15.1882,30.440581363004174,35.7846,48.032643278321714,35.9818896484375,27.860107421875,49.861111111111114,100,7.478230116102431,1.0,0,37.95635315705407,42.5141162109375,0.09851955837673611,0.01564602322048611,20.7476806640625,10.423529146112221,100
render50k,cached_raf,3,66.161247315013,135.25,1084.9453125,159.32272706534408,24.08097391313711,6.145721047331319,6.66532,1.041537764350453,1.1953200000000002,7.7308559919436055,8.4562,14.858311178247734,15.365680000000001,29.970926485397783,30.791240000000002,66.15792454598424,15.676049804687501,15.6416259765625,0.10090817356205853,100,0.0,0.0,0,30.02841128131294,30.845693359375,0.1619107187814703,0.025701639995594158,14.942727018819234,15.092414594991826,0.20100502512562815
render50k,cached_completion,3,65.541999898841,135.25,1112.61328125,159.4929762365555,24.33446896382786,6.282655487804878,7.4533299999999985,1.0605182926829269,1.2616999999999996,7.74085569105691,8.663549999999999,14.957988821138212,15.650949999999998,30.291388211382113,32.182919999999996,65.50330011222584,16.49727539062499,16.436701660156242,0.5091649694501018,100,0.0,0.0,0,30.348476006732724,32.23530517578125,0.1454929258765244,0.025730288125635162,15.10883139013275,15.066300357680722,99.89969909729187
render50k,cached_retry,3,66.318720238707,135.25,1101.537109375,158.94491320087693,23.966824544980973,6.0627957746478875,6.56628,1.0174195171026157,1.146,7.784956740442656,8.35691,14.851028169014084,15.31191,29.89401106639839,30.617099999999997,66.3031637947475,15.701962890625001,15.570234375,0,100,0.0,0.0,0,29.95464682627012,30.672382812499997,0.1512337076005025,0.029273074356155778,14.919422306846734,15.075025027481155,0.1004016064257028
render50k,direct,3,52.843363013159,112.6875,1069.431640625,113.97963581141572,21.569338004288753,6.097703656998739,6.5164,0.343938209331652,0.4604800000000003,0,0,12.309166456494326,12.661600000000002,18.751282471626734,19.30908,52.8446005332137,19.7200439453125,19.57052001953125,100,100,0,0,0,0,0,0,0,0,0,0
render50k,threaded,3,40.001756742067,135.25,1073.478515625,99.27843530717888,24.818518833392837,6.142234608985025,6.66,1.0243627287853576,1.106,0.0014991680532445923,0.006,14.083925124792014,14.525,24.835500831946757,26.01,39.99997330730948,26.216020507812498,26.20996337890625,100,100,14.276050739002704,1.0,0,39.18772667299293,40.35986328125,3.541739922394967,0.036621499974001666,21.468922238976706,8.336664773515539,66.66666666666666
balanced,scheduled,3,78.615639555345,78.1875,1030.521484375,135.9587067721523,17.29410426998283,12.3025122985581,15.35308,0.2311492790500424,0.295,0.011855810008481764,0.4336600000000028,2.8703324851569127,3.066,19.8729754028838,26.20402,78.59789945066898,15.993247070312501,19.753681640625,8.990670059372349,58.01526717557252,0.06746357148536895,1.0,0,19.976965259555236,26.2540478515625,0.06314772847752333,0.010941600071564885,12.62924543773855,8.33356675889757,99.61132704053304
balanced,cached_raf,3,59.683338049541,78.1875,1045.689453125,103.62477907419037,17.36243019587396,12.15555530726257,15.0862,0.23622011173184357,0.29505999999999993,0.0016033519553072626,0.01,2.8576983240223464,3.0341199999999997,19.58616312849162,25.5632,59.65888304568316,22.706936035156247,22.69636718749999,13.646532438478747,100,0.0,0.0,0,19.646818533956004,25.619111328124994,4.298348300017458,0.02858491183659218,12.41385163887919,8.333325967995211,50.27746947835738
balanced,cached_completion,3,78.718450356055,78.1875,1034.845703125,135.9240794771185,17.267118301022713,12.350580863674852,15.465,0.23371803556308213,0.286,0.01271718882303133,0.5058000000000014,2.8457061812023707,3.0312,19.88060880609653,26.4302,78.7550764181431,15.80944091796875,20.325798339843754,9.40677966101695,56.69491525423729,0.0,0.0,0,19.915148005861028,26.460205078125,0.06414614038685436,0.01127098658446232,12.611204917707452,8.332365094323235,99.66666666666667
balanced,cached_retry,3,59.755800439052,78.1875,1027.3203125,103.67788866740915,17.350263556950516,12.140146042363433,15.07,0.24203790412486065,0.2961199999999999,0.0013088071348940915,0.01,2.8565908584169453,3.03,19.54844927536232,23.26604,59.76597409716154,20.39552001953125,20.444462890624997,16.312849162011172,100,0.0,0.0,1,19.620081804800726,23.326357421875,4.270865449937291,0.039137892366917504,12.404120778027453,8.33426701420218,50.22197558268591
balanced,direct,3,65.132248392164,65.125,1019.521484375,110.57284573924993,16.976666469962186,12.511498975409836,15.2915,0.06849282786885245,0.095,0,0,2.5727438524590163,2.73,15.153087090163934,17.91375,65.12964652603198,18.095439453125,18.20660400390625,7.786885245901639,100,0,0,0,0,0,0,0,0,0,0
balanced,threaded,3,55.725921463795,78.1875,1024.79296875,96.15300129999142,17.254627429079264,11.995511961722489,14.81325,0.24101555023923446,0.305,0.0015191387559808612,0.01,2.8400334928229665,3.0185999999999997,17.776269138755982,25.9616,55.728465943524256,26.143642578124997,26.115634765625,23.832335329341316,100,2.947836551940042,1.0,0,20.790665767979963,29.05142822265625,2.683408016223086,0.035975698078648324,15.204706365411932,8.332381922248471,53.61111111111111
fill,scheduled,3,80.815623308445,78.1875,1038.482421875,105.80548861955018,13.09220721044588,0.8251648804616653,1.3385199999999995,0.22407419620774938,0.2798799999999999,6.260380873866447,14.046279999999998,9.853114591920857,10.419,18.96451607584501,25.1532,80.83289361989395,25.274152832031252,16.4291552734375,0.16501650165016502,100,4.9614004212180545,1.0,0,23.963449954593468,26.564404296874997,0.06526323713159522,0.014758532241859027,12.289070752073886,8.335522189670138,99.83342587451416
fill,cached_raf,3,98.934176036918,78.1875,1030.31640625,126.44513717301362,12.780733841239016,0.9308875420875421,1.3156400000000004,0.22272996632996633,0.274,8.705313804713805,9.34164,9.850136026936028,10.26664,19.914719191919193,21.117040000000003,98.89795215817296,11.591767578125003,11.550048828125,0.13486176668914363,100,0.0,0.0,0,19.96745745212542,21.172646484375004,0.19684261232112796,0.02499457465277778,9.881607415298822,10.029856309533757,0.8016032064128256
fill,cached_completion,3,98.434314461479,78.1875,1027.6640625,126.13190336180328,12.81381437477917,0.9352547425474255,1.34225,0.22131639566395664,0.26525,8.84354674796748,11.31275,9.881297425474255,10.277,20.119091463414634,24.60725,98.38170433796617,12.979433593749995,12.7920263671875,0.2033898305084746,100,0.0,0.0,0,20.163912145102895,24.64239501953125,0.11064830252794715,0.019909535643207993,10.020791319973746,10.008174147561332,98.19879919946631
fill,cached_retry,3,99.175859656099,78.1875,1022.75,126.48451717679193,12.7535589422051,0.9460901143241426,1.3105600000000004,0.221955615332885,0.28,8.6934492266308,9.301540000000001,9.851056489576328,10.275,19.899017484868864,20.78,99.14009068272031,11.145837402343751,10.870166015625001,0.2018842530282638,100,0.0,0.0,1,19.95029759872016,20.820751953125,0.16341611019460323,0.02506701963895427,9.883298154316577,9.998856608072916,0.9327115256495668
fill,direct,3,107.28727869136,65.125,1022.25390625,120.84606071698751,11.26378282598004,0.9833739130434782,1.3036400000000004,0.06521304347826087,0.095,0,0,8.091048447204969,8.41991,9.139937888198757,9.63091,107.28859062915608,10.117011718750003,10.255048828125,0,92.35550031075202,0,0,0,0,0,0,0,0,0,0
fill,threaded,3,60.00108511259,78.1875,1040.822265625,79.90503837447899,13.317265550204617,0.9701509433962264,1.254,0.23529300776914538,0.289,0.001870144284128746,0.006,9.486207547169812,9.829,16.51687791342952,18.504,59.999503910351784,18.68093994140625,18.65125244140625,13.555555555555557,100,9.609722649746809,1.0,0,26.19098408452414,28.135009765625,5.788268568777747,0.027437504335460598,10.841558695633324,8.333275010850695,49.97223764575236
