# suite=core; seven standalone cases; one pass; three live queries; no alternate layouts
# packed_rows=0; packed mode repeats prototype values and groups owners; sources built/validated outside timing
# Flecs 4.1.6; seed=305419896; samples=7; one warmup; read_passes=1; damage=25; explosion_radius=50
# Data: inline Light + dense rows per resource table + pooled registrations + shared defaults/reset; Flecs: inline Light, mutable components; no serialization or disk I/O
# Type percentages: SpotLight=10,PointLight=15,Player=1,Enemy=24,Pickup=25,Breakable=25; dense owners are per row; packed owners are per group
backend,operation,rows,sample,operations,hits,batches,total_ms,ns_per_operation,checksum
data,create_population,1000000,1,1000000,0,0,3.225000,3.225,0.000000000
data,movement,1000000,1,250000,0,2,0.176000,0.704,-353078.000000000
data,explosion_r50_first,1000000,1,500000,125290,3,1.302000,2.604,71071818.000000000
data,nearby_lights,1000000,1,250000,62383,2,0.619000,2.476,37144.550850000
data,position_lookup,1000000,1,1000000,0,0,8.181000,8.181,-1453538.000000000
data,spawn_wave,1000000,1,100000,0,0,1.869000,18.690,0.000000000
data,despawn_wave,1000000,1,10000,0,0,0.989000,98.900,0.000000000
data,create_population,1000000,2,1000000,0,0,2.970000,2.970,0.000000000
data,movement,1000000,2,250000,0,2,0.174000,0.696,-353078.000000000
data,explosion_r50_first,1000000,2,500000,125290,3,1.314000,2.628,71071818.000000000
data,nearby_lights,1000000,2,250000,62383,2,0.645000,2.580,37144.550850000
data,position_lookup,1000000,2,1000000,0,0,7.824000,7.824,-1453538.000000000
data,spawn_wave,1000000,2,100000,0,0,1.657000,16.570,0.000000000
data,despawn_wave,1000000,2,10000,0,0,0.982000,98.200,0.000000000
data,create_population,1000000,3,1000000,0,0,2.990000,2.990,0.000000000
data,movement,1000000,3,250000,0,2,0.174000,0.696,-353078.000000000
data,explosion_r50_first,1000000,3,500000,125290,3,1.296000,2.592,71071818.000000000
data,nearby_lights,1000000,3,250000,62383,2,0.651000,2.604,37144.550850000
data,position_lookup,1000000,3,1000000,0,0,7.789000,7.789,-1453538.000000000
data,spawn_wave,1000000,3,100000,0,0,1.691000,16.910,0.000000000
data,despawn_wave,1000000,3,10000,0,0,1.043000,104.300,0.000000000
data,create_population,1000000,4,1000000,0,0,3.054000,3.054,0.000000000
data,movement,1000000,4,250000,0,2,0.174000,0.696,-353078.000000000
data,explosion_r50_first,1000000,4,500000,125290,3,1.318000,2.636,71071818.000000000
data,nearby_lights,1000000,4,250000,62383,2,0.615000,2.460,37144.550850000
data,position_lookup,1000000,4,1000000,0,0,8.213000,8.213,-1453538.000000000
data,spawn_wave,1000000,4,100000,0,0,1.558000,15.580,0.000000000
data,despawn_wave,1000000,4,10000,0,0,0.979000,97.900,0.000000000
data,create_population,1000000,5,1000000,0,0,2.941000,2.941,0.000000000
data,movement,1000000,5,250000,0,2,0.170000,0.680,-353078.000000000
data,explosion_r50_first,1000000,5,500000,125290,3,1.299000,2.598,71071818.000000000
data,nearby_lights,1000000,5,250000,62383,2,0.631000,2.524,37144.550850000
data,position_lookup,1000000,5,1000000,0,0,8.514000,8.514,-1453538.000000000
data,spawn_wave,1000000,5,100000,0,0,1.466000,14.660,0.000000000
data,despawn_wave,1000000,5,10000,0,0,1.059000,105.900,0.000000000
data,create_population,1000000,6,1000000,0,0,2.980000,2.980,0.000000000
data,movement,1000000,6,250000,0,2,0.185000,0.740,-353078.000000000
data,explosion_r50_first,1000000,6,500000,125290,3,1.277000,2.554,71071818.000000000
data,nearby_lights,1000000,6,250000,62383,2,0.644000,2.576,37144.550850000
data,position_lookup,1000000,6,1000000,0,0,8.390000,8.390,-1453538.000000000
data,spawn_wave,1000000,6,100000,0,0,1.509000,15.090,0.000000000
data,despawn_wave,1000000,6,10000,0,0,1.056000,105.600,0.000000000
data,create_population,1000000,7,1000000,0,0,3.145000,3.145,0.000000000
data,movement,1000000,7,250000,0,2,0.176000,0.704,-353078.000000000
data,explosion_r50_first,1000000,7,500000,125290,3,1.343000,2.686,71071818.000000000
data,nearby_lights,1000000,7,250000,62383,2,0.616000,2.464,37144.550850000
data,position_lookup,1000000,7,1000000,0,0,8.234000,8.234,-1453538.000000000
data,spawn_wave,1000000,7,100000,0,0,1.531000,15.310,0.000000000
data,despawn_wave,1000000,7,10000,0,0,1.155000,115.500,0.000000000
