# File-to-store allocation experiment; no live queries during loading; 7 samples after one warmup
# Includes caller file buffer, blob handle, registration metadata and store growth; excludes prior store creation, fixture generation and validation queries
# Counts C++/dlib heap requests only, not stdio/system allocator internals or RSS; no disk-throughput timing; fixture file may be cached
tables,rows,sample,store_state,file_bytes,before_bytes,live_bytes,peak_bytes,allocations,reallocations,frees,live_blocks
1,1,1,fresh,152,112,9144,9144,5,0,0,6
1,1,1,reused,152,624,9272,9272,3,0,0,7
1,1,2,fresh,152,112,9144,9144,5,0,0,6
1,1,2,reused,152,624,9272,9272,3,0,0,7
1,1,3,fresh,152,112,9144,9144,5,0,0,6
1,1,3,reused,152,624,9272,9272,3,0,0,7
1,1,4,fresh,152,112,9144,9144,5,0,0,6
1,1,4,reused,152,624,9272,9272,3,0,0,7
1,1,5,fresh,152,112,9144,9144,5,0,0,6
1,1,5,reused,152,624,9272,9272,3,0,0,7
1,1,6,fresh,152,112,9144,9144,5,0,0,6
1,1,6,reused,152,624,9272,9272,3,0,0,7
1,1,7,fresh,152,112,9144,9144,5,0,0,6
1,1,7,reused,152,624,9272,9272,3,0,0,7
6,6,1,fresh,808,112,14816,14816,5,0,0,6
6,6,1,reused,808,624,14944,14944,3,0,0,7
6,6,2,fresh,808,112,14816,14816,5,0,0,6
6,6,2,reused,808,624,14944,14944,3,0,0,7
6,6,3,fresh,808,112,14816,14816,5,0,0,6
6,6,3,reused,808,624,14944,14944,3,0,0,7
6,6,4,fresh,808,112,14816,14816,5,0,0,6
6,6,4,reused,808,624,14944,14944,3,0,0,7
6,6,5,fresh,808,112,14816,14816,5,0,0,6
6,6,5,reused,808,624,14944,14944,3,0,0,7
6,6,6,fresh,808,112,14816,14816,5,0,0,6
6,6,6,reused,808,624,14944,14944,3,0,0,7
6,6,7,fresh,808,112,14816,14816,5,0,0,6
6,6,7,reused,808,624,14944,14944,3,0,0,7
1024,1024,1,fresh,135184,112,381368,381368,5,0,0,6
1024,1024,1,reused,135184,24816,381496,381496,3,0,0,7
1024,1024,2,fresh,135184,112,381368,381368,5,0,0,6
1024,1024,2,reused,135184,24816,381496,381496,3,0,0,7
1024,1024,3,fresh,135184,112,381368,381368,5,0,0,6
1024,1024,3,reused,135184,24816,381496,381496,3,0,0,7
1024,1024,4,fresh,135184,112,381368,381368,5,0,0,6
1024,1024,4,reused,135184,24816,381496,381496,3,0,0,7
1024,1024,5,fresh,135184,112,381368,381368,5,0,0,6
1024,1024,5,reused,135184,24816,381496,381496,3,0,0,7
1024,1024,6,fresh,135184,112,381368,381368,5,0,0,6
1024,1024,6,reused,135184,24816,381496,381496,3,0,0,7
1024,1024,7,fresh,135184,112,381368,381368,5,0,0,6
1024,1024,7,reused,135184,24816,381496,381496,3,0,0,7
6,1000000,1,fresh,32000616,112,100779032,100779032,5,0,0,6
6,1000000,1,reused,32000616,16777584,100779160,100779160,3,0,0,7
6,1000000,2,fresh,32000616,112,100779032,100779032,5,0,0,6
6,1000000,2,reused,32000616,16777584,100779160,100779160,3,0,0,7
6,1000000,3,fresh,32000616,112,100779032,100779032,5,0,0,6
6,1000000,3,reused,32000616,16777584,100779160,100779160,3,0,0,7
6,1000000,4,fresh,32000616,112,100779032,100779032,5,0,0,6
6,1000000,4,reused,32000616,16777584,100779160,100779160,3,0,0,7
6,1000000,5,fresh,32000616,112,100779032,100779032,5,0,0,6
6,1000000,5,reused,32000616,16777584,100779160,100779160,3,0,0,7
6,1000000,6,fresh,32000616,112,100779032,100779032,5,0,0,6
6,1000000,6,reused,32000616,16777584,100779160,100779160,3,0,0,7
6,1000000,7,fresh,32000616,112,100779032,100779032,5,0,0,6
6,1000000,7,reused,32000616,16777584,100779160,100779160,3,0,0,7
