# suite=core; seven standalone cases; Defold creation compares AoS and SoA inputs; one pass; three live queries
# packed_rows=0; packed mode repeats prototype values and groups owners; sources built/validated outside timing
# Flecs 4.1.6; seed=305419896; samples=7; one warmup; read_passes=1; damage=25; explosion_radius=50
# Data: inline Light + dense rows per resource table + pooled registrations + shared defaults/reset; Flecs: inline Light, mutable components; no serialization or disk I/O
# Type percentages: SpotLight=10,PointLight=15,Player=1,Enemy=24,Pickup=25,Breakable=25; dense owners are per row; packed owners are per group
# measurement=memory; requested payload bytes; backend-owned C++ new/delete and Flecs OS allocation hooks; no timing results
# fixtures and shared resource buffers/handles are separate; allocator/tracker overhead, libc/platform internals and RSS are excluded
backend,operation,rows,sample,operations,hits,batches,checksum,before_bytes,live_bytes,peak_bytes,live_blocks,peak_blocks,allocations,reallocations,frees,allocated_bytes,total_allocations,total_reallocations,total_frees,total_allocated_bytes,fixture_bytes,fixture_blocks,shared_bytes,shared_blocks
data,create_population,1000000,1,1000000,0,0,0.000000000,2920,130419560,130419560,40,40,22,0,3,145096704,43,0,3,145099624,105108000,38,0,0
data,boids,1000000,1,250000,13491,2,1178568521.458981037,151650704,151650704,151650704,71,71,0,0,0,0,74,0,3,166330768,105108000,38,0,0
data,explosion_r50_first,1000000,1,500000,125290,3,71071818.000000000,130422480,130422480,130422480,63,63,0,0,0,0,82,0,19,187558992,105108000,38,0,0
data,nearby_lights,1000000,1,250000,62383,2,37144.550850000,130422480,130422480,130422480,63,63,0,0,0,0,82,0,19,187558992,105108000,38,0,0
data,position_lookup,1000000,1,1000000,0,0,-1453538.000000000,130422480,130422480,130422480,63,63,0,0,0,0,82,0,19,187558992,105108000,38,0,0
data,spawn_wave,1000000,1,100000,0,0,0.000000000,130422480,182851280,189142736,63,64,6,0,6,104857600,88,0,25,292416592,105108000,38,0,0
data,despawn_wave,1000000,1,10000,0,0,0.000000000,182851280,182851280,182851280,63,63,0,0,0,0,88,0,25,292416592,105108000,38,0,0
data,create_population_soa,1000000,1,1000000,0,0,0.000000000,2920,130419560,130419560,40,40,22,0,3,145096704,43,0,3,145099624,105108000,38,0,0
data,create_population_soa,1000000,2,1000000,0,0,0.000000000,2920,130419560,130419560,40,40,22,0,3,145096704,43,0,3,145099624,105108000,38,0,0
data,create_population,1000000,2,1000000,0,0,0.000000000,2920,130419560,130419560,40,40,22,0,3,145096704,43,0,3,145099624,105108000,38,0,0
data,boids,1000000,2,250000,13491,2,1178568521.458981037,151650704,151650704,151650704,71,71,0,0,0,0,74,0,3,166330768,105108000,38,0,0
data,explosion_r50_first,1000000,2,500000,125290,3,71071818.000000000,130422480,130422480,130422480,63,63,0,0,0,0,82,0,19,187558992,105108000,38,0,0
data,nearby_lights,1000000,2,250000,62383,2,37144.550850000,130422480,130422480,130422480,63,63,0,0,0,0,82,0,19,187558992,105108000,38,0,0
data,position_lookup,1000000,2,1000000,0,0,-1453538.000000000,130422480,130422480,130422480,63,63,0,0,0,0,82,0,19,187558992,105108000,38,0,0
data,spawn_wave,1000000,2,100000,0,0,0.000000000,130422480,182851280,189142736,63,64,6,0,6,104857600,88,0,25,292416592,105108000,38,0,0
data,despawn_wave,1000000,2,10000,0,0,0.000000000,182851280,182851280,182851280,63,63,0,0,0,0,88,0,25,292416592,105108000,38,0,0
data,create_population,1000000,3,1000000,0,0,0.000000000,2920,130419560,130419560,40,40,22,0,3,145096704,43,0,3,145099624,105108000,38,0,0
data,boids,1000000,3,250000,13491,2,1178568521.458981037,151650704,151650704,151650704,71,71,0,0,0,0,74,0,3,166330768,105108000,38,0,0
data,explosion_r50_first,1000000,3,500000,125290,3,71071818.000000000,130422480,130422480,130422480,63,63,0,0,0,0,82,0,19,187558992,105108000,38,0,0
data,nearby_lights,1000000,3,250000,62383,2,37144.550850000,130422480,130422480,130422480,63,63,0,0,0,0,82,0,19,187558992,105108000,38,0,0
data,position_lookup,1000000,3,1000000,0,0,-1453538.000000000,130422480,130422480,130422480,63,63,0,0,0,0,82,0,19,187558992,105108000,38,0,0
data,spawn_wave,1000000,3,100000,0,0,0.000000000,130422480,182851280,189142736,63,64,6,0,6,104857600,88,0,25,292416592,105108000,38,0,0
data,despawn_wave,1000000,3,10000,0,0,0.000000000,182851280,182851280,182851280,63,63,0,0,0,0,88,0,25,292416592,105108000,38,0,0
data,create_population_soa,1000000,3,1000000,0,0,0.000000000,2920,130419560,130419560,40,40,22,0,3,145096704,43,0,3,145099624,105108000,38,0,0
data,create_population_soa,1000000,4,1000000,0,0,0.000000000,2920,130419560,130419560,40,40,22,0,3,145096704,43,0,3,145099624,105108000,38,0,0
data,create_population,1000000,4,1000000,0,0,0.000000000,2920,130419560,130419560,40,40,22,0,3,145096704,43,0,3,145099624,105108000,38,0,0
data,boids,1000000,4,250000,13491,2,1178568521.458981037,151650704,151650704,151650704,71,71,0,0,0,0,74,0,3,166330768,105108000,38,0,0
data,explosion_r50_first,1000000,4,500000,125290,3,71071818.000000000,130422480,130422480,130422480,63,63,0,0,0,0,82,0,19,187558992,105108000,38,0,0
data,nearby_lights,1000000,4,250000,62383,2,37144.550850000,130422480,130422480,130422480,63,63,0,0,0,0,82,0,19,187558992,105108000,38,0,0
data,position_lookup,1000000,4,1000000,0,0,-1453538.000000000,130422480,130422480,130422480,63,63,0,0,0,0,82,0,19,187558992,105108000,38,0,0
data,spawn_wave,1000000,4,100000,0,0,0.000000000,130422480,182851280,189142736,63,64,6,0,6,104857600,88,0,25,292416592,105108000,38,0,0
data,despawn_wave,1000000,4,10000,0,0,0.000000000,182851280,182851280,182851280,63,63,0,0,0,0,88,0,25,292416592,105108000,38,0,0
data,create_population,1000000,5,1000000,0,0,0.000000000,2920,130419560,130419560,40,40,22,0,3,145096704,43,0,3,145099624,105108000,38,0,0
data,boids,1000000,5,250000,13491,2,1178568521.458981037,151650704,151650704,151650704,71,71,0,0,0,0,74,0,3,166330768,105108000,38,0,0
data,explosion_r50_first,1000000,5,500000,125290,3,71071818.000000000,130422480,130422480,130422480,63,63,0,0,0,0,82,0,19,187558992,105108000,38,0,0
data,nearby_lights,1000000,5,250000,62383,2,37144.550850000,130422480,130422480,130422480,63,63,0,0,0,0,82,0,19,187558992,105108000,38,0,0
data,position_lookup,1000000,5,1000000,0,0,-1453538.000000000,130422480,130422480,130422480,63,63,0,0,0,0,82,0,19,187558992,105108000,38,0,0
data,spawn_wave,1000000,5,100000,0,0,0.000000000,130422480,182851280,189142736,63,64,6,0,6,104857600,88,0,25,292416592,105108000,38,0,0
data,despawn_wave,1000000,5,10000,0,0,0.000000000,182851280,182851280,182851280,63,63,0,0,0,0,88,0,25,292416592,105108000,38,0,0
data,create_population_soa,1000000,5,1000000,0,0,0.000000000,2920,130419560,130419560,40,40,22,0,3,145096704,43,0,3,145099624,105108000,38,0,0
data,create_population_soa,1000000,6,1000000,0,0,0.000000000,2920,130419560,130419560,40,40,22,0,3,145096704,43,0,3,145099624,105108000,38,0,0
data,create_population,1000000,6,1000000,0,0,0.000000000,2920,130419560,130419560,40,40,22,0,3,145096704,43,0,3,145099624,105108000,38,0,0
data,boids,1000000,6,250000,13491,2,1178568521.458981037,151650704,151650704,151650704,71,71,0,0,0,0,74,0,3,166330768,105108000,38,0,0
data,explosion_r50_first,1000000,6,500000,125290,3,71071818.000000000,130422480,130422480,130422480,63,63,0,0,0,0,82,0,19,187558992,105108000,38,0,0
data,nearby_lights,1000000,6,250000,62383,2,37144.550850000,130422480,130422480,130422480,63,63,0,0,0,0,82,0,19,187558992,105108000,38,0,0
data,position_lookup,1000000,6,1000000,0,0,-1453538.000000000,130422480,130422480,130422480,63,63,0,0,0,0,82,0,19,187558992,105108000,38,0,0
data,spawn_wave,1000000,6,100000,0,0,0.000000000,130422480,182851280,189142736,63,64,6,0,6,104857600,88,0,25,292416592,105108000,38,0,0
data,despawn_wave,1000000,6,10000,0,0,0.000000000,182851280,182851280,182851280,63,63,0,0,0,0,88,0,25,292416592,105108000,38,0,0
data,create_population,1000000,7,1000000,0,0,0.000000000,2920,130419560,130419560,40,40,22,0,3,145096704,43,0,3,145099624,105108000,38,0,0
data,boids,1000000,7,250000,13491,2,1178568521.458981037,151650704,151650704,151650704,71,71,0,0,0,0,74,0,3,166330768,105108000,38,0,0
data,explosion_r50_first,1000000,7,500000,125290,3,71071818.000000000,130422480,130422480,130422480,63,63,0,0,0,0,82,0,19,187558992,105108000,38,0,0
data,nearby_lights,1000000,7,250000,62383,2,37144.550850000,130422480,130422480,130422480,63,63,0,0,0,0,82,0,19,187558992,105108000,38,0,0
data,position_lookup,1000000,7,1000000,0,0,-1453538.000000000,130422480,130422480,130422480,63,63,0,0,0,0,82,0,19,187558992,105108000,38,0,0
data,spawn_wave,1000000,7,100000,0,0,0.000000000,130422480,182851280,189142736,63,64,6,0,6,104857600,88,0,25,292416592,105108000,38,0,0
data,despawn_wave,1000000,7,10000,0,0,0.000000000,182851280,182851280,182851280,63,63,0,0,0,0,88,0,25,292416592,105108000,38,0,0
data,create_population_soa,1000000,7,1000000,0,0,0.000000000,2920,130419560,130419560,40,40,22,0,3,145096704,43,0,3,145099624,105108000,38,0,0
