{"BW1":{"**":1221,"--":1751,"‧１":112,"。一":12,"。他":333,"。以":419,"。但":150,"。在":728,"。為":63,"「一":398,"「國":-206,"一一":-479,"一九":-2355,"一個":164,"一億":-418,"一千":-421,"一名":585,"一定":191,"一年":62,"一日":46,"一時":-234,"一次":414,"一步":921,"一百":-483,"一直":831,"一萬":-621,"七日":614,"七月":157,"三十":15,"三月":-503,"三百":-145,"上午":1414,"上市":-445,"下午":1264,"下跌":299,"不得":-138,"不斷":221,"不要":47,"不過":184,"世界":-522,"世紀":865,"並不":513,"中共":2177,"中國":1253,"中央":185,"中市":901,"中心":1086,"中正":-171,"中華":474,"主任":-475,"主席":392,"主持":-645,"主管":308,"九七":-570,"九二":-29,"九八":-727,"九六":-377,"九四":-98,"九日":775,"九百":167,"也有":278,"事實":7,"事長":170,"二十":-169,"二日":198,"二次":-814,"二百":-156,"五十":23,"五百":26,"交流":418,"交通":25,"人事":378,"人員":899,"人士":1809,"人才":-268,"人數":102,"人民":710,"今天":1826,"今年":297,"代表":1512,"以上":761,"以下":255,"以及":491,"任何":1246,"使得":447,"使用":20,"來自":1210,"依法":35,"促進":222,"保護":853,"價值":75,"價格":567,"先生":343,"全國":98,"全球":3,"全面":7,"八日":874,"八點":-13,"公司":538,"公尺":456,"公路":-440,"六日":445,"六月":65,"六點":-7,"共同":748,"共和":-2140,"其中":1729,"典禮":368,"出現":674,"分之":-5454,"分別":708,"分鐘":9,"初步":115,"利用":277,"到十":1696,"前往":1033,"加強":1567,"勞工":682,"北市":727,"北風":750,"十一":-405,"十三":-733,"十八":259,"十六":-188,"十分":-59,"十年":-410,"十萬":364,"千萬":434,"千零":-428,"南投":164,"南風":884,"印尼":407,"危機":365,"原則":-176,"去年":209,"參加":1877,"參觀":20,"反對":-29,"取得":276,"取消":784,"召開":330,"可以":1620,"可能":613,"台北":1321,"合作":23,"合國":1200,"名單":1292,"告訴":437,"和平":1598,"品質":224,"員工":1418,"員會":802,"問題":865,"單位":752,"嚴重":939,"四億":-315,"四日":299,"四百":-310,"因此":217,"因為":181,"國中":611,"國內":624,"國家":1091,"國小":360,"國會":330,"國民":-648,"國立":346,"國際":769,"團體":506,"土地":452,"土耳":-1630,"在一":82,"在大":-133,"地區":480,"地方":1056,"地震":338,"地點":199,"增加":488,"外交":101,"外資":49,"多雲":3062,"大學":1368,"大會":16,"大選":413,"大陸":1484,"央社":2652,"如果":481,"委會":294,"媒體":632,"學校":323,"學生":1538,"安全":111,"實施":1321,"對外":1006,"對於":451,"局部":951,"局長":791,"居民":245,"展開":1575,"工作":573,"已有":286,"已經":1944,"市場":135,"市立":408,"市長":332,"布希":308,"希望":84,"年底":772,"廠商":584,"建設":126,"建議":39,"影響":93,"德國":696,"情勢":149,"成立":1111,"我國":1191,"所提":303,"投票":-342,"投資":353,"拉克":316,"採取":101,"接受":338,"提供":370,"提出":690,"支持":394,"政治":134,"政策":459,"政黨":672,"教授":1184,"文化":586,"斯坦":240,"新竹":185,"方面":766,"旅遊":163,"日前":174,"日專":-1847,"日本":937,"日起":72,"日電":1530,"明天":79,"是一":466,"是否":2578,"晴天":914,"暫雨":513,"書長":185,"會中":371,"會有":96,"會談":242,"會議":957,"月２":-283,"有效":1253,"有關":1614,"有限":-392,"服務":546,"期貨":293,"未來":1467,"林頓":124,"業務":867,"業界":45,"機構":652,"機關":258,"檢察":-923,"此一":90,"民主":445,"民國":2563,"民眾":1910,"民進":-308,"民間":-92,"民黨":960,"決定":455,"汽車":199,"沒有":908,"沿海":786,"法國":174,"法院":430,"浪高":551,"海面":2399,"澤民":723,"濟部":462,"灣省":451,"無法":1424,"獲得":739,"生活":209,"生產":272,"由於":1148,"當地":365,"登輝":364,"發展":171,"發現":602,"發生":1017,"發行":-121,"發表":1272,"百三":203,"百分":-271,"百萬":1014,"的一":1411,"的不":619,"的二":298,"的人":47,"的大":314,"的小":1483,"的新":1500,"的最":676,"的第":665,"目前":1646,"目標":81,"直接":652,"相信":332,"相當":1709,"相關":369,"研發":180,"社會":-85,"科技":389,"移民":140,"立即":935,"立委":1857,"立法":-434,"競選":664,"符合":830,"第一":324,"第三":-260,"第二":533,"第四":-202,"系統":812,"紛紛":175,"結束":23,"絕對":-129,"統計":276,"經營":412,"經理":1055,"經費":370,"經貿":207,"綜合":430,"維持":561,"維護":31,"網路":130,"縣長":335,"總理":350,"總統":1566,"總經":-188,"美元":120,"美國":1088,"義大":-13,"股市":1163,"自己":1503,"自然":235,"自由":-1124,"至今":160,"至六":-251,"至少":580,"至廿":-589,"興建":545,"舉行":1647,"舉辦":928,"英國":313,"菲律":-760,"萬人":-314,"落實":697,"處理":498,"處長":44,"行動":43,"行政":1041,"表示":909,"製造":321,"要求":618,"視台":247,"解決":1008,"計畫":553,"討論":744,"訪問":1262,"許多":617,"評估":14,"說明":491,"調整":523,"調查":93,"談判":343,"警方":1494,"議員":369,"貿易":710,"資深":862,"資金":743,"超過":60,"軍事":278,"辦理":603,"通知":396,"通過":689,"造成":1241,"連戰":439,"進行":1534,"進黨":163,"運動":494,"運輸":572,"過去":590,"達成":731,"選手":660,"選舉":791,"部份":321,"部分":1651,"部長":1464,"都是":-717,"配合":702,"重新":217,"金融":49,"針對":140,"銀行":1015,"開始":659,"開放":828,"開發":501,"防治":138,"院長":1335,"陣雨":123,"陣風":236,"陰天":604,"陳水":-256,"雙方":325,"離開":432,"雲卅":-393,"雲時":1777,"雲林":123,"零點":-520,"電)":482,"電子":-684,"電腦":438,"電話":422,"需要":229,"非常":702,"面臨":772,"項目":1859,"順利":397,"領袖":748,"風八":405,"風７":435,"颱風":93,"飛彈":198,"首相":884,"香港":1997,"馬來":-716,"高峰":-44,"高達":63,"黨團":369,"，–":747,"，一":291,"，三":434,"，中":-227,"，也":315,"，他":1188,"，以":754,"，但":366,"，使":496,"，全":474,"，其":-467,"，台":-107,"，向":208,"，四":684,"，國":-187,"，在":247,"，將":1054,"，對":520,"，從":64,"，於":-58,"，最":17,"，東":103,"，比":31,"，為":226,"，經":397,"，美":824,"，而":484,"，自":723,"，除":180,"０‧":-920,"２０":-14,"２１":238,"２３":50,"２９":362,"３１":694},"BW2":{"**":-6143,"--":-3041,"-２":787,"一一":-1490,"一九":-2157,"一些":-569,"一位":1098,"一個":685,"一十":-2571,"一千":-307,"一名":991,"一場":1167,"一定":-458,"一家":848,"一度":1227,"一日":-834,"一時":-1144,"一月":-1512,"一次":1184,"一百":-1088,"一直":-1714,"一般":-936,"一起":-1194,"一項":173,"七十":-3152,"七年":-404,"七日":-799,"七月":-240,"七級":1131,"三十":-3725,"三名":658,"三天":718,"三年":33,"三度":344,"三日":-327,"三百":-42,"上午":-1660,"上海":-667,"下午":-1343,"下跌":-820,"下降":-1020,"不僅":-6,"不到":1921,"不可":-1584,"不同":-63,"不得":-125,"不是":1345,"不會":-1030,"不能":-1964,"不要":-1256,"不足":-69,"不過":-977,"世紀":-317,"中共":-2819,"中國":-1944,"中央":-2956,"中心":-1120,"中至":509,"中華":-2116,"主席":-544,"主張":-341,"之後":-3253,"之間":-943,"九二":-155,"九十":-2111,"事件":-1653,"事長":-252,"二一":-1270,"二十":-4943,"二年":-352,"二日":-811,"二時":-1595,"二月":-1269,"五十":-2930,"五年":121,"五日":-138,"五月":-24,"五百":-214,"五陣":-1329,"亞太":-268,"交易":-157,"交通":-745,"交部":-664,"人事":-350,"人口":-990,"人員":-898,"人才":-777,"人數":-475,"人民":-1588,"人選":-137,"今天":-3300,"今年":-710,"他們":-3068,"代表":-2710,"以上":-3324,"以下":-1583,"以來":-1641,"以及":-4583,"以後":-2307,"以色":-1291,"任何":-936,"份子":-6,"但是":-4685,"位於":-377,"使得":-1409,"使用":-2036,"來自":-1605,"依法":-144,"促進":-79,"保護":-36,"修正":-290,"個人":-1271,"個月":1892,"偏南":1185,"價格":-394,"億元":1707,"充分":-1,"全國":-945,"全民":-744,"全球":-1052,"全面":-1000,"兩人":211,"八十":-3316,"八日":-653,"八時":-991,"八月":-160,"公司":-626,"公尺":-196,"六十":-2450,"六年":-49,"六日":-321,"六時":-1401,"六月":-132,"六陣":-1010,"共同":-1309,"共和":-2051,"共有":-181,"其中":-2604,"其他":-4241,"具有":-1744,"典禮":-32,"再度":-1549,"出任":-7,"出口":-1168,"出席":-608,"出現":-969,"分之":-3088,"利用":-127,"制度":-927,"前往":-2010,"副總":-873,"加上":-25,"加強":-1009,"動中":-596,"動作":-825,"務局":-77,"北市":-1732,"北縣":-78,"北風":-251,"區晴":-2183,"十一":-4220,"十七":-3028,"十三":-2459,"十九":-2591,"十二":-3121,"十五":-3104,"十八":-3099,"十六":-2228,"十分":-112,"十四":-2670,"十多":-1307,"十年":475,"十日":-29,"十時":-671,"十萬":-174,"千一":-1013,"千五":-244,"千四":-669,"午後":-1112,"半年":239,"協會":-121,"協調":-150,"南投":-546,"南風":-704,"即將":-2724,"原住":-148,"原則":-1626,"原因":-461,"去年":-1803,"反對":-1301,"反應":-230,"取得":-927,"取消":-1025,"受到":-1693,"另外":-2212,"只是":-1699,"只有":-1029,"召開":-509,"可以":-3711,"可能":-4066,"台中":-1890,"台北":-2531,"司法":-461,"各國":114,"各界":-8,"合作":-1206,"合國":-1540,"同意":-686,"同時":-1680,"同期":2003,"名人":-178,"名單":-1378,"呈現":-45,"告訴":-405,"和平":-2958,"品質":-191,"員工":-2085,"員會":-22,"問題":-1119,"單位":-2182,"嚴重":-946,"四十":-3746,"四度":225,"四日":-511,"四時":-2380,"四月":-471,"四點":-17,"因應":-1407,"因此":-3233,"因為":-2338,"因而":-1479,"困難":-142,"國中":-1203,"國人":-657,"國內":-2059,"國家":-1863,"國小":-1301,"國會":-436,"國民":-319,"國防":-390,"國際":-1858,"團體":-1424,"土地":-861,"在一":-1236,"地區":-1058,"地方":-1080,"地檢":-1074,"地震":-466,"報告":-257,"報導":-750,"場所":-1509,"外交":-933,"外資":-203,"多人":164,"多元":-1310,"多數":-1240,"多雲":-4654,"大學":-1930,"大家":-175,"大會":-678,"大選":-61,"大陸":-2703,"央社":-3195,"如何":-487,"如果":-628,"委員":-1239,"委會":-1192,"媒體":-558,"存在":-1820,"學校":-619,"學生":-944,"學者":-296,"安全":-2239,"安排":-44,"家屬":-843,"察官":-640,"實施":-519,"將於":800,"將會":189,"專家":-130,"對外":871,"對於":-2446,"對此":72,"小組":-405,"小至":1226,"少年":-1713,"尚未":-1886,"就是":-3620,"局部":-1458,"局長":-1742,"展開":-1694,"工作":-2220,"工程":-251,"已經":-3965,"市場":-2359,"市政":-196,"市民":-122,"市立":-159,"市議":-162,"市長":-772,"平均":-692,"年來":1033,"年初":-610,"年前":-609,"年底":-1292,"年度":-2457,"座談":-226,"廠商":-273,"建立":-40,"建築":-879,"建設":-1429,"強調":-960,"德國":-502,"必要":-122,"必須":-2003,"情形":-669,"應該":-2082,"成交":-40,"成為":-684,"成立":-680,"我們":-1440,"我國":-1777,"所以":-1726,"所屬":-1083,"所有":-3035,"批評":-376,"投資":-786,"拒絕":-601,"指出":-680,"指數":-180,"採取":-864,"接受":-1353,"措施":-406,"提供":-1199,"提出":-70,"擔任":-840,"支持":-1082,"改革":-138,"政府":-820,"政治":-1026,"政策":-1151,"政部":-767,"政院":-1950,"政黨":-553,"教授":-633,"文化":-550,"斯坦":-376,"新加":-932,"新竹":-667,"新聞":-629,"新電":557,"方向":-27,"方面":-1144,"日前":-2160,"日圓":-1200,"日報":-627,"日多":81,"日專":584,"日本":-2989,"日電":1757,"明天":-875,"明年":-807,"是否":-2463,"時代":-637,"時多":213,"時間":-2175,"晚上":-1022,"晴天":-1811,"暫陣":1125,"暫雨":-1484,"更多":-1398,"書長":-151,"最低":611,"最佳":-1217,"最大":1150,"最後":-2001,"最新":517,"最近":-1399,"會中":503,"會員":-146,"會談":-1574,"會議":-1211,"會長":-662,"月份":-517,"有人":414,"有效":-1562,"有的":-1761,"有關":-2392,"有限":-541,"期貨":-660,"期間":-605,"未來":-2136,"李總":835,"東北":-886,"東南":-195,"案件":-1923,"條例":-26,"業者":-1254,"機場":-348,"機構":-72,"機關":-1073,"正在":-1892,"此外":-1306,"步黨":-84,"比較":-640,"民主":-1674,"民國":-1879,"民眾":-1019,"民黨":-282,"決定":-586,"沒有":-3060,"沿海":-222,"法國":-366,"法委":-538,"法官":-7,"法新":-1290,"法院":-702,"活動":-1204,"浪多":710,"浪陰":-5,"浪高":-554,"海外":-422,"海面":-81,"準備":-53,"演說":-1147,"濟部":-1216,"灣海":-1757,"灣省":-595,"為主":-767,"為了":-4291,"無法":-785,"營運":-155,"爭取":-465,"犯罪":-264,"獲得":-1168,"現代":-123,"現在":-2261,"現場":-252,"理事":-731,"環保":-761,"甚至":-2147,"生活":-634,"生產":-698,"由於":-3230,"發展":-1099,"發現":-369,"發生":-279,"發表":-858,"百七":-558,"百三":-1529,"百九":-40,"百二":-2384,"百五":-1566,"百八":-902,"百六":-252,"百分":-407,"百四":-1596,"百多":-832,"目前":-1615,"目的":-1680,"直接":-415,"相當":-776,"相關":-196,"省政":-53,"看到":-61,"短暫":-1571,"研究":-281,"社會":-867,"科學":-258,"科技":-1312,"積極":-636,"究所":-1069,"立即":-1203,"立委":-1358,"立法":-1952,"管理":-1021,"系統":-1226,"紐約":-35,"紛紛":-184,"絕對":-826,"統一":-917,"統府":-975,"統計":-85,"經濟":-1632,"經營":-828,"經理":-391,"經過":-856,"縣市":-818,"縣議":-194,"縣長":-445,"總統":-1919,"總經":-652,"美元":-3343,"美國":-2356,"者會":-3102,"而且":-938,"聯合":-594,"聲明":-59,"股市":-1110,"股票":-308,"育部":-2,"能夠":-2188,"自由":-1669,"至今":-2314,"至少":-1138,"至於":-2012,"與會":-1794,"興建":-205,"舉行":-1620,"舉辦":-952,"航空":-1146,"英國":-3,"華民":-71,"萬人":872,"萬元":550,"落實":-255,"處理":-1385,"行動":-769,"行情":-397,"行政":-1661,"表團":-857,"表示":-1599,"製造":-847,"要求":-1866,"視台":-704,"觀光":-686,"解決":-665,"言人":-1216,"計畫":-1019,"記者":-3074,"訪問":-2280,"許多":-515,"評估":-591,"認為":-1967,"說明":-1177,"調整":-70,"調查":-1220,"談判":-552,"警方":-475,"議會":-966,"負責":-707,"費者":-1193,"貿易":-696,"資人":-1514,"資深":-748,"資金":-174,"購買":-919,"超過":-773,"身份":-45,"軍事":-832,"辦公":-593,"透過":-962,"這些":-3725,"通知":-212,"通過":-840,"通部":-189,"造成":-1032,"連戰":-57,"進口":-385,"進行":-1255,"進黨":-603,"運作":-206,"運動":-441,"運輸":-657,"過去":-1102,"達到":-1700,"達成":-1336,"違反":-350,"遭到":-1302,"選人":-1531,"選手":-821,"選舉":-1640,"還是":-2879,"部份":-1608,"部分":-2829,"部長":-2005,"部門":-79,"部隊":-36,"配合":-814,"重大":-284,"重新":-866,"重要":-686,"金融":-1588,"針對":-2267,"銀行":-423,"銷售":-97,"開始":-682,"開放":-596,"開發":-1092,"關係":-802,"防部":-334,"院長":-1936,"院院":310,"陣雨":-327,"陣風":-760,"除了":-3777,"陰天":-658,"陳總":620,"階段":-497,"隨後":-379,"離開":-554,"雲林":-23,"電)":-541,"電影":-24,"電腦":-516,"需要":-1062,"非常":-1748,"面對":-2137,"面臨":-1219,"音樂":-406,"項目":-2303,"領導":-189,"領袖":-587,"風四":-443,"颱風":-181,"飛彈":-66,"首次":-539,"首相":-1064,"香港":-1309,"高中":-401,"高雄":-556,"點七":-125,"點三":-843,"點二":-217,"點六":-53,"點四":-38,"黨團":-382,"０‧":-409,"００":-1005,"１０":-883,"１１":-1855,"１２":-856,"２０":-366,"２１":-543,"２２":-803,"２３":-45,"２４":-184,"３０":-230,"３１":-495,"５陣":1537},"BW3":{"%，":1443,"%１":-951,")。":323,"-２":1316,"一、":118,"一九":1860,"一個":442,"一十":-923,"一定":-1023,"一次":-28,"一百":414,"一直":79,"七十":541,"七千":-107,"七日":617,"三十":865,"上的":1349,"上，":672,"下午":192,"下跌":57,"下降":181,"下，":1141,"不是":1037,"不能":-178,"世界":5,"世紀":-262,"中共":513,"中的":975,"中華":649,"中，":772,"主管":773,"主義":-377,"主要":170,"之後":978,"之間":-339,"九年":-41,"九時":256,"九百":193,"事業":929,"事長":-1207,"事，":899,"二一":-241,"二十":1853,"二千":98,"五十":722,"五日":169,"亞洲":654,"交易":703,"交流":194,"交通":875,"人。":1442,"人員":124,"人士":631,"人數":323,"人民":525,"人，":1332,"今天":1191,"代表":1186,"以上":1288,"以及":2082,"件。":761,"任何":1785,"企業":-323,"使用":734,"來的":239,"來看":210,"例，":300,"保證":335,"保護":111,"修正":126,"候選":186,"健康":357,"價值":350,"價格":1048,"元，":972,"先生":793,"兩國":595,"八十":806,"八千":-146,"八日":101,"公司":17,"公尺":51,"六十":217,"六千":-108,"共和":109,"其他":1252,"具有":54,"出席":254,"出版":420,"出現":171,"出，":-808,"分之":-2155,"分發":571,"分，":-61,"利率":1138,"利用":896,"到二":105,"制度":1102,"前往":386,"前的":9,"副總":351,"加入":354,"加強":1606,"動作":16,"化的":112,"區，":902,"十一":542,"十三":285,"十九":52,"十二":187,"十五":650,"十八":381,"十六":292,"十分":-6,"午後":813,"半年":1085,"南投":335,"即將":1080,"去年":2308,"取得":480,"受到":444,"召開":200,"可以":496,"可能":447,"台中":643,"台北":1887,"台灣":2080,"司法":623,"合作":949,"同意":199,"同時":1230,"告訴":1084,"呼籲":703,"品質":73,"員工":2631,"商業":773,"問題":1022,"單位":1117,"嘉義":367,"嚴重":681,"四十":813,"四至":-95,"因為":70,"困難":156,"國中":350,"國內":1051,"國家":2153,"國小":1733,"國會":1002,"國際":580,"園區":37,"團體":521,"土地":1101,"在台":-1020,"地區":2250,"地方":702,"地檢":472,"地震":456,"城市":1612,"基本":13,"基金":468,"報告":393,"報員":-1050,"報導":1074,"報：":-783,"場所":767,"增加":726,"外交":620,"外，":466,"多人":-655,"多元":29,"多的":187,"多雲":1255,"多，":-15,"大利":-1233,"大學":505,"大的":415,"大陸":1576,"天的":309,"天１":-303,"天２":-716,"好的":91,"好，":729,"委員":6,"委會":-232,"媒體":1150,"學校":1177,"學生":376,"學者":606,"安全":924,"官員":1226,"官方":177,"家，":607,"密切":275,"實施":584,"小組":703,"尚未":441,"就是":162,"局的":882,"局部":1683,"展開":994,"工作":1450,"工業":499,"已經":265,"市場":1181,"市府":87,"市民":282,"市立":680,"市長":286,"希望":905,"席，":606,"帶來":100,"平均":11,"年(":-228,"年以":230,"年前":760,"年十":-613,"年四":-312,"年底":196,"年度":-528,"年的":1424,"年，":909,"度*":1901,"度，":616,"廠商":792,"建立":730,"建築":670,"建設":1257,"強調":950,"後的":759,"後，":1584,"德國":200,"必須":564,"情形":427,"意見":904,"感到":158,"成功":115,"成為":850,"成立":1166,"戲院":1118,"所有":949,"投資":350,"拉克":-32,"拒絕":291,"指出":854,"指數":171,"接受":602,"措施":390,"提出":215,"擔任":378,"改革":474,"政治":1329,"政策":1295,"政部":-416,"政黨":1002,"教授":241,"文化":1538,"新台":1062,"新的":227,"方式":75,"方案":1306,"方法":286,"於十":247,"日偏":639,"日前":1490,"日圓":1739,"日多":-549,"日專":-830,"日本":2443,"日電":-1812,"明年":769,"是「":55,"時三":-600,"時報":-797,"時多":1031,"時指":583,"時的":99,"時表":1064,"時，":1574,"最高":-795,"會員":862,"會有":891,"會談":340,"會議":612,"會長":450,"會，":-559,"月十":-195,"月２":-114,"有效":248,"有的":-57,"有關":299,"期貨":43,"期間":1197,"未來":206,"校長":472,"案件":853,"業務":1413,"業者":2482,"標準":72,"機會":1060,"機構":622,"機關":576,"次，":42,"武器":402,"民主":1064,"民國":189,"民眾":1461,"民間":360,"民黨":-597,"氣象":879,"決定":384,"法國":411,"法律":1037,"法新":406,"活動":668,"浪多":-111,"浪高":920,"海峽":-294,"海面":626,"減少":136,"準備":19,"漁業":324,"演說":431,"漢城":80,"為「":-42,"為主":551,"無法":890,"營運":882,"特別":328,"獨立":160,"獲得":581,"現代":210,"現在":872,"理事":1373,"生命":557,"生活":1253,"生產":1722,"當地":389,"當局":170,"發展":1597,"發現":24,"發生":1326,"發表":1184,"百分":3429,"的，":-1211,"目前":1380,"目的":514,"直接":615,"相當":614,"相關":364,"短暫":1655,"研究":456,"社區":1009,"社會":1508,"票，":258,"科學":422,"科技":895,"積極":994,"立即":1157,"立委":1793,"立法":1353,"等，":470,"管制":105,"管理":1666,"系統":1235,"級中":368,"級，":265,"統一":670,"經濟":379,"縣市":1627,"縣政":122,"縣長":801,"總理":-360,"總統":458,"美元":1850,"美國":1730,"者的":174,"者，":1084,"聯合":292,"聲明":232,"股市":1596,"自己":751,"自然":-582,"自由":729,"至十":44,"至於":-144,"致詞":279,"興建":628,"舉行":1273,"舉辦":361,"航空":286,"英國":503,"處理":871,"行動":961,"行情":278,"行政":1430,"行為":193,"衛生":83,"表示":1541,"表達":118,"製造":512,"西亞":-244,"要求":848,"規定":83,"觀光":258,"解決":717,"計畫":500,"討論":482,"訓練":9,"記者":2670,"訪問":1447,"設計":78,"許多":852,"評估":131,"認為":1600,"說，":1725,"說：":1699,"調查":207,"談判":532,"談會":-217,"證券":877,"警方":389,"議會":534,"財產":15,"責，":528,"費用":587,"資深":342,"資源":686,"資金":335,"起，":943,"軍事":348,"辦法":72,"透過":14,"通過":898,"造成":409,"進一":1160,"進出":193,"進口":637,"進行":1678,"進黨":-344,"運輸":453,"過去":180,"道路":621,"達到":57,"達成":614,"選人":-1021,"選手":369,"選擇":371,"選民":72,"選舉":1597,"部份":517,"部分":1292,"部隊":1610,"配合":432,"重大":122,"重新":158,"重要":1260,"量，":841,"金融":1445,"針對":574,"銀行":495,"長期":494,"長的":116,"開始":137,"開發":322,"間的":1120,"院長":537,"除了":593,"隊，":676,"集團":1204,"零點":536,"電)":1419,"電影":256,"電話":-39,"需要":106,"非常":1031,"面對":845,"面臨":726,"音樂":1020,"預報":1440,"領袖":735,"類似":242,"颱風":847,"香港":1952,"體系":1232,"高雄":1031,"高，":664,"點。":1541,"點七":-467,"點二":-195,"點五":-14,"點六":-253,"點四":-413,"點，":1192,"黨團":1171,"黨籍":-11,"黨部":714,"０%":184,"０‧":818,"００":-262,"１至":36,"１０":473,"１６":62},"TW1":{"一九九":-1376,"三十分":-156,"二十一":-36,"二十九":622,"俄羅斯":680,"八十四":-26,"十一日":452,"千五百":303,"千四百":-42,"台灣省":136,"百七十":60,"百三十":224,"百五十":373,"社記者":564,"義大利":78,"黨中央":349,"，中央":57,"，台北":89,"，這是":-1651},"TW2":{"十一日":-467,"十七日":-329,"十九日":-387,"十五日":-314,"十六日":-221,"十四年":-26,"十四日":-372,"台中市":-705,"台北縣":-1315,"台灣省":-1480,"委員會":-1992,"度**":-298,"進一步":-1637},"TW3":{"三十一":219,"主進步":-557,"十分，":-31,"新台幣":-2102,"華民國":-2555,"進一步":-1123},"TW4":{"公尺小":582,"國民黨":721,"在台北":110,"委員會":1604,"方面，":260,"日偏南":-682,"時多雲":2220,"民主黨":-710,"民進黨":729,"立法院":469,"義大利":361,"陣雨１":17},"UW1":{"%":442,"(":-351,")":148,"*":50,";":61,"A":80,"S":-32,"a":-42,"o":70,"w":429,"–":158,"‧":194,"、":283,"。":323,"「":137,"」":178,"一":-224,"三":-52,"不":-61,"且":51,"世":-221,"並":279,"中":-226,"主":-437,"之":-268,"九":-233,"了":203,"事":-76,"二":-184,"些":322,"亞":-100,"人":-25,"今":-671,"仍":81,"他":333,"代":-20,"令":-492,"以":279,"任":-38,"企":-776,"但":415,"佈":72,"何":29,"作":5,"你":834,"使":-237,"來":319,"供":67,"促":-182,"保":-426,"信":1,"修":-318,"個":133,"們":-167,"候":613,"偏":93,"健":-251,"備":6,"傳":-175,"僅":16,"億":-241,"元":25,"充":-301,"免":-520,"入":132,"內":394,"全":-304,"兩":-493,"八":-404,"公":-408,"共":120,"其":-40,"兼":-25,"再":26,"出":-10,"列":255,"初":-147,"別":-70,"利":-204,"到":191,"制":78,"前":38,"副":90,"劇":129,"劉":417,"力":444,"加":-493,"助":-94,"動":234,"務":16,"勢":207,"包":-389,"北":-242,"區":311,"十":81,"午":176,"南":-300,"危":-306,"卻":23,"參":-149,"及":414,"受":16,"口":9,"古":-360,"另":-148,"只":157,"召":-503,"可":216,"台":-454,"各":-96,"合":83,"同":-217,"名":69,"向":53,"否":-52,"吳":1006,"吸":-762,"呂":38,"告":-86,"和":159,"員":-200,"唱":12,"商":116,"喜":-47,"器":4,"噸":33,"嚴":-579,"四":-105,"因":-43,"國":-13,"圍":78,"在":329,"域":506,"場":209,"塑":198,"增":-890,"外":-118,"多":-200,"大":-88,"天":260,"太":29,"央":-231,"女":-415,"她":419,"好":17,"姓":227,"委":-372,"威":27,"媒":-634,"子":402,"學":-188,"安":-526,"宋":663,"定":239,"客":-423,"宣":-369,"家":153,"察":-78,"實":-123,"將":337,"專":-143,"對":221,"小":-38,"尚":-475,"就":66,"尼":-242,"局":112,"居":-179,"屆":-114,"展":-110,"屬":275,"州":398,"工":173,"已":32,"巴":-40,"市":17,"席":-224,"常":33,"平":-78,"年":265,"底":224,"府":265,"度":327,"庫":355,"廖":10,"廣":-283,"建":-182,"廿":598,"引":-229,"張":817,"強":-9,"彭":152,"往":70,"待":294,"律":-357,"後":352,"得":-73,"心":157,"必":-482,"志":-532,"恢":-553,"情":-71,"想":-62,"愈":356,"意":157,"感":-307,"慮":78,"成":157,"或":53,"截":-62,"戰":-77,"所":65,"手":19,"承":-370,"把":546,"投":-157,"拉":182,"持":105,"指":-357,"採":-266,"接":-111,"推":-434,"提":-440,"換":-364,"搭":-159,"搶":-244,"擔":-789,"擴":-398,"支":-641,"收":-74,"放":184,"政":-97,"教":-139,"斯":-108,"新":63,"方":195,"於":316,"旅":-156,"日":-59,"明":-32,"是":89,"時":-23,"景":-78,"暴":-360,"書":-199,"最":-262,"會":190,"月":-139,"有":43,"望":81,"期":205,"本":-31,"朱":577,"李":1386,"東":42,"林":523,"果":289,"校":137,"核":-310,"案":171,"楊":318,"業":163,"極":275,"榮":-323,"機":123,"權":177,"次":406,"歐":-13,"正":-63,"此":48,"步":386,"武":-601,"每":61,"比":-250,"民":-90,"氣":127,"求":529,"江":245,"沒":-337,"沙":-113,"沿":-175,"注":-120,"泰":-228,"洛":568,"洲":-125,"流":-103,"浪":161,"海":-17,"深":-54,"清":-58,"減":-93,"源":16,"滿":171,"濟":44,"灣":252,"為":102,"烈":48,"無":-385,"爭":122,"牌":8,"物":-55,"特":-185,"犯":-123,"獎":229,"獲":9,"王":819,"現":149,"理":16,"瑞":-18,"環":-295,"生":-154,"用":208,"申":-167,"界":206,"留":-546,"畫":19,"當":-302,"疑":-258,"發":-336,"的":514,"相":-806,"眾":328,"知":-5,"示":83,"社":479,"票":-485,"科":85,"程":138,"種":373,"究":-82,"立":-17,"章":51,"童":122,"競":-251,"第":177,"等":192,"答":204,"管":56,"籲":86,"精":-76,"級":196,"索":100,"終":-264,"結":-63,"統":118,"經":-206,"綜":-289,"維":-258,"網":-209,"總":-121,"繼":-387,"置":156,"署":89,"羅":-30,"美":-339,"義":224,"者":-156,"耳":-68,"聖":51,"聞":345,"聯":-335,"職":-118,"股":-136,"胡":573,"能":266,"脫":-293,"自":-105,"至":337,"與":308,"舉":-83,"航":-68,"般":255,"英":208,"華":176,"菲":185,"葉":267,"蓮":613,"蔡":320,"處":-127,"號":215,"行":141,"街":-78,"表":-26,"被":387,"要":434,"見":129,"規":-391,"覺":-56,"言":-42,"計":148,"訪":-122,"設":-81,"調":-84,"談":277,"請":183,"謀":-71,"謝":455,"警":-407,"議":-142,"護":-24,"變":6,"財":-191,"費":88,"質":102,"起":503,"越":61,"趙":823,"車":299,"軍":-157,"輛":-250,"輪":54,"近":282,"返":-72,"迫":-79,"追":-59,"退":-316,"透":-490,"逐":-448,"這":-460,"通":-414,"速":482,"造":-321,"進":-406,"達":43,"違":-257,"適":-206,"遭":235,"選":-290,"避":-261,"還":-144,"邊":117,"那":-78,"部":-41,"都":-202,"鄉":24,"鄭":479,"配":-301,"醫":-217,"重":-250,"量":-82,"金":51,"銀":-160,"錄":467,"錢":295,"錯":-402,"鐵":-87,"長":-391,"門":290,"間":273,"關":-63,"防":-55,"院":-16,"陣":156,"除":63,"陳":401,"陸":236,"隊":541,"際":316,"隨":-391,"雅":-221,"雖":-87,"雙":-528,"雨":315,"雲":397,"零":19,"電":-472,"非":-341,"面":100,"韓":179,"項":325,"順":-40,"須":174,"預":-582,"頒":-206,"題":-174,"額":129,"顏":32,"顯":-65,"風":429,"颱":-513,"餘":116,"首":-269,"香":-478,"馬":377,"駐":-200,"驗":147,"體":355,"魚":-257,"黃":628,"點":6,"黨":88,"龍":-313,"，":293,"１":146,"４":25,"５":88,"６":98,"７":-199,"８":234,"９":-530,"：":164},"UW2":{"%":-745,"(":-888,")":-606,"*":-1838,"-":-1390,";":-734,"A":-436,"D":-130,"E":-151,"H":-36,"M":-99,"S":-270,"W":-47,"a":-207,"n":-559,"r":-6,"w":189,"–":-735,"‧":-110,"、":-960,"。":-923,"「":-768,"」":-591,"一":263,"七":146,"三":236,"下":74,"不":58,"且":-535,"並":-372,"中":-2,"主":509,"之":-503,"乏":-141,"九":-497,"也":-443,"了":-541,"事":113,"二":80,"互":233,"五":373,"些":-273,"亞":-25,"交":137,"亦":11,"京":-304,"人":-261,"今":793,"介":76,"他":-547,"代":85,"以":-613,"任":-126,"份":-85,"企":397,"休":8,"估":559,"但":-670,"位":-606,"低":-90,"住":11,"何":-377,"使":-180,"來":-192,"供":-226,"依":-499,"侵":30,"便":-425,"促":197,"俄":502,"保":589,"修":1099,"個":-232,"們":-259,"借":-724,"值":170,"健":1542,"備":-431,"傳":558,"價":-28,"億":-171,"儘":908,"優":173,"元":-158,"充":838,"光":238,"兒":149,"入":-500,"全":429,"兩":451,"八":129,"公":1016,"六":183,"共":-49,"其":161,"具":-219,"再":-87,"冰":79,"凌":516,"出":-7,"分":219,"刑":68,"別":-440,"到":-724,"制":-142,"券":-179,"前":-68,"副":-620,"劉":-669,"力":-235,"加":326,"助":-522,"動":-93,"務":-8,"勝":602,"勵":-225,"包":463,"北":341,"區":-532,"十":355,"千":-6,"卅":315,"升":215,"午":-951,"協":1076,"南":472,"印":351,"危":433,"即":-234,"卻":-50,"原":-521,"去":52,"參":438,"及":-1030,"取":-278,"受":-185,"口":-98,"另":150,"只":224,"召":926,"可":-280,"台":488,"史":-46,"各":-161,"合":-20,"吉":-149,"同":419,"名":-533,"向":-455,"否":32,"吳":-1283,"吸":1761,"呈":463,"和":-491,"品":-131,"員":-101,"哥":-149,"商":22,"啟":164,"單":120,"嚴":640,"四":301,"回":319,"因":-38,"國":-353,"園":-127,"圓":62,"團":-16,"在":-1052,"均":-119,"坡":-265,"型":-204,"執":279,"基":209,"報":373,"場":-603,"塑":-98,"境":-331,"增":1683,"士":-238,"夏":-64,"外":253,"多":-26,"夠":-865,"大":159,"天":-181,"央":139,"女":164,"她":-509,"如":-15,"始":-46,"姓":-218,"委":-259,"婦":78,"媒":102,"嫌":-91,"子":-240,"學":74,"它":-627,"安":163,"完":1228,"官":213,"定":-34,"宣":807,"家":-199,"容":-458,"富":192,"察":482,"實":16,"審":106,"寮":-273,"將":-694,"專":169,"對":-619,"小":28,"少":498,"尚":127,"就":-370,"局":-379,"居":105,"屆":-378,"屬":-307,"岸":-71,"島":-98,"州":-414,"工":-22,"己":-135,"已":-573,"市":-297,"希":290,"席":-29,"常":-107,"幣":-319,"平":-319,"年":-238,"幹":159,"幾":56,"府":-652,"度":-674,"座":-250,"庫":-194,"廖":-557,"廣":493,"延":-24,"建":509,"式":-614,"引":1309,"張":-632,"強":228,"彈":-91,"形":-49,"彭":-612,"影":555,"役":342,"往":-798,"很":-100,"律":109,"後":-102,"得":-221,"從":-438,"復":216,"心":-172,"必":758,"志":851,"性":-197,"恆":198,"恢":350,"情":596,"愛":29,"感":312,"憲":207,"應":-399,"懷":461,"成":88,"或":-732,"截":-99,"戶":-402,"所":-81,"手":133,"打":431,"批":213,"承":779,"把":-934,"投":784,"拉":335,"拒":732,"拿":514,"指":464,"捕":-16,"捷":29,"排":94,"採":782,"接":149,"推":1458,"提":947,"揭":72,"搭":745,"搶":711,"擔":777,"據":-1084,"擴":862,"支":621,"改":1014,"攻":461,"政":245,"救":73,"教":114,"整":374,"數":102,"斯":-178,"新":-185,"方":-106,"於":-936,"旅":774,"日":-59,"明":239,"易":-345,"昨":994,"是":-915,"時":-105,"晚":79,"晴":-92,"暫":281,"更":141,"書":69,"曾":-360,"最":598,"會":-441,"月":-363,"有":-475,"服":49,"望":-794,"木":218,"未":-603,"本":-3,"朱":-823,"杉":235,"李":-734,"東":246,"林":-678,"果":-28,"柏":126,"柯":-234,"校":-60,"核":631,"根":74,"格":-69,"案":-273,"楊":-1044,"業":-594,"榮":208,"槍":36,"樂":-237,"樣":-130,"機":255,"檢":1140,"次":-615,"款":-520,"歌":114,"歡":12,"止":-218,"正":-44,"此":-280,"步":-433,"段":-100,"每":713,"比":313,"民":-103,"氣":-71,"水":139,"求":-798,"決":125,"沒":362,"治":-55,"沿":2361,"法":28,"波":142,"注":648,"泰":239,"洋":-191,"洲":-50,"流":201,"浪":192,"海":365,"涉":1,"減":243,"源":-20,"準":112,"漁":599,"演":423,"漢":33,"激":3,"濟":-486,"灣":-360,"火":107,"為":-972,"烈":-35,"烏":-103,"無":29,"然":-236,"照":133,"燒":127,"爆":505,"父":776,"特":393,"獲":80,"率":-193,"王":-242,"班":184,"現":108,"理":-498,"瑞":824,"環":763,"產":62,"用":-486,"由":-990,"男":27,"界":-45,"留":634,"畢":-336,"當":164,"病":330,"症":-362,"登":235,"發":509,"百":110,"的":-1448,"盟":-72,"監":244,"目":392,"相":449,"省":-243,"看":-72,"眼":100,"眾":-516,"瞭":340,"知":-36,"研":356,"確":804,"示":-106,"社":-670,"票":317,"福":388,"租":-140,"移":205,"稿":720,"立":-406,"站":-129,"童":-432,"競":494,"第":541,"等":-571,"算":-479,"管":102,"簡":-32,"籍":-551,"籲":-300,"米":-126,"紀":305,"約":-78,"級":-962,"終":141,"結":877,"絕":-230,"給":-213,"統":-306,"經":70,"綜":63,"緊":138,"線":-149,"縣":-311,"縮":327,"總":201,"置":-793,"署":-594,"羅":316,"美":296,"群":-17,"習":-119,"考":166,"者":-902,"而":-633,"聖":-41,"聯":401,"職":-665,"股":4,"育":-230,"胞":-243,"胡":-120,"能":-347,"脫":-261,"臨":-762,"自":-249,"至":-328,"與":-1545,"舉":81,"舊":-81,"航":302,"艘":-43,"艾":-35,"若":178,"英":650,"莫":-212,"華":-300,"葉":-185,"蔡":-1094,"蕭":-125,"蘇":-83,"蘭":-216,"行":-305,"術":-114,"衝":174,"表":87,"被":-201,"西":337,"要":-490,"見":-26,"規":477,"親":-197,"角":238,"言":180,"託":-101,"設":280,"許":-178,"訴":-241,"評":271,"試":509,"話":-197,"該":-56,"認":244,"說":41,"調":280,"請":-411,"論":-89,"謝":-400,"證":52,"警":21,"議":67,"讓":-480,"財":395,"買":341,"費":-164,"資":124,"購":175,"越":-75,"趙":-766,"趨":-455,"路":-210,"軍":-92,"較":-101,"輔":691,"輪":231,"辦":51,"農":149,"迎":265,"返":929,"追":473,"送":-30,"逃":-302,"透":602,"逐":342,"這":882,"通":170,"速":-541,"連":183,"進":357,"運":128,"達":-101,"違":871,"適":955,"遭":-232,"遷":315,"選":286,"避":1306,"還":-29,"邊":-68,"邱":-280,"部":-238,"郵":504,"都":-317,"鄭":-746,"配":335,"醫":788,"重":555,"釣":-503,"長":-582,"門":-101,"開":228,"間":-348,"閣":-303,"關":-66,"防":290,"阿":-555,"附":96,"降":15,"院":-567,"陣":1509,"除":-235,"陰":-112,"陳":-1032,"陸":-655,"隊":-136,"際":-1142,"隨":55,"雄":-179,"集":43,"雖":893,"雙":339,"雨":-304,"雪":-107,"雲":-421,"電":219,"需":-243,"面":-211,"韓":-92,"項":-412,"須":-180,"預":1202,"頒":682,"頓":-287,"領":276,"頭":-47,"額":-451,"願":91,"顯":204,"風":848,"飛":631,"飲":160,"養":239,"首":767,"香":965,"馬":-267,"驚":282,"體":-45,"高":24,"魚":332,"鴻":27,"黃":-436,"點":-535,"黨":-260,"，":-954,"１":392,"２":760,"３":462,"４":419,"６":735,"７":58,"８":66,"９":152,"：":-842,"？":-444},"UW3":{"%":2051,"(":-4223,")":2869,"*":2807,"-":869,";":4955,"A":-61,"C":-206,"L":-45,"N":-74,"O":55,"R":-54,"S":-185,"a":-694,"c":-102,"e":-18,"i":-684,"o":-674,"r":-95,"u":-88,"–":1549,"‧":-209,"○":-447,"、":5467,"。":6101,"「":-5240,"」":3586,"一":671,"七":283,"三":445,"上":670,"下":360,"不":115,"且":2351,"世":-358,"並":2302,"中":-151,"主":-988,"之":1170,"乏":520,"乘":63,"九":-333,"也":2663,"亂":156,"了":1926,"事":135,"二":321,"五":354,"些":1812,"亞":-126,"交":-482,"亦":901,"京":888,"人":765,"仁":-481,"今":-210,"仍":1991,"他":1893,"令":1655,"以":1035,"件":1975,"任":318,"份":782,"企":-590,"伊":-16,"似":652,"但":2513,"佈":413,"位":757,"住":-290,"何":347,"佛":-280,"作":104,"你":1094,"併":-23,"使":1149,"來":861,"例":287,"依":780,"便":315,"係":974,"促":-96,"俄":-1131,"保":-570,"信":-183,"修":-788,"個":1471,"們":2840,"倫":-144,"值":287,"偏":303,"做":84,"停":-906,"健":-544,"偵":-567,"備":232,"傳":-517,"僅":664,"像":640,"價":415,"儘":-1242,"優":-649,"元":1140,"充":-460,"兆":-282,"先":294,"光":-201,"兌":623,"入":709,"內":199,"全":515,"兩":1691,"八":236,"公":-2204,"六":382,"共":65,"其":596,"具":577,"再":931,"出":203,"分":-386,"初":53,"別":651,"到":1795,"制":320,"券":659,"則":2030,"前":478,"剛":145,"副":-2008,"創":-806,"劃":139,"劉":-676,"力":936,"加":-1008,"助":531,"勒":-121,"動":284,"務":326,"勞":-720,"勤":67,"勵":421,"包":-625,"化":274,"北":-547,"區":1252,"十":-2,"千":-541,"卅":-143,"午":609,"半":653,"協":-897,"南":-696,"印":-1365,"危":-605,"即":232,"卻":2191,"原":-384,"去":520,"參":-3261,"又":1190,"及":2318,"友":-22,"反":-661,"取":443,"受":442,"口":665,"另":1353,"只":-151,"召":-1118,"可":933,"台":-801,"史":-111,"右":714,"各":2084,"合":9,"吉":-294,"同":205,"名":548,"向":1662,"吳":-654,"吸":-1161,"呂":-542,"呈":-115,"周":-1067,"呼":-1346,"和":1646,"品":672,"哈":-364,"員":1197,"唐":-189,"售":558,"唯":-13,"商":237,"啟":-213,"喜":-248,"嘉":-734,"器":407,"嚴":-694,"四":465,"回":-353,"因":1126,"困":-115,"國":-96,"圍":187,"園":208,"圖":314,"團":896,"土":-419,"在":2335,"地":20,"均":1629,"坡":293,"型":428,"域":1892,"執":-1638,"基":-1001,"場":1409,"增":-1594,"墨":-60,"壞":256,"士":129,"夏":-165,"外":-238,"多":1078,"夠":1339,"大":-187,"天":562,"太":13,"奇":-267,"奧":-789,"女":172,"她":1671,"好":188,"如":548,"姓":873,"委":51,"媒":-274,"嫌":855,"子":466,"存":-63,"季":712,"學":-298,"它":978,"安":-283,"宋":-490,"完":-1387,"宗":-56,"官":88,"定":853,"宜":102,"客":99,"宣":-1287,"室":1258,"害":234,"家":685,"容":402,"密":193,"富":-59,"實":-368,"審":-579,"寮":486,"寶":-89,"將":2220,"專":-849,"對":1149,"小":-291,"少":775,"尚":436,"尤":-122,"就":1486,"局":1456,"居":-178,"屆":510,"屋":373,"屏":-32,"層":306,"屬":866,"山":141,"岸":1479,"島":617,"州":1125,"巡":-699,"工":-209,"左":-1060,"已":2460,"巴":-812,"市":556,"布":-674,"師":259,"席":519,"帶":-78,"常":902,"幅":168,"幣":1737,"干":-86,"平":-433,"年":965,"幹":-205,"幾":691,"序":297,"底":1162,"府":2667,"度":1810,"庫":461,"廖":-860,"廠":457,"廢":-157,"廣":-883,"延":-1145,"廷":24,"建":-351,"廿":-1393,"式":1736,"引":-1055,"張":-412,"強":-503,"彈":13,"彭":-119,"影":-404,"往":548,"待":456,"很":1199,"後":1220,"徐":-895,"得":340,"從":643,"微":-171,"徵":-124,"德":131,"心":138,"志":-526,"快":97,"思":-321,"性":620,"恐":-435,"恢":-191,"息":26,"情":218,"愈":668,"意":36,"愛":-111,"感":-889,"慶":-294,"應":859,"懷":-197,"成":-142,"我":933,"或":921,"截":-465,"戴":-93,"戶":711,"所":1167,"扁":945,"才":1568,"打":-285,"承":-1117,"把":1440,"投":-1431,"抵":121,"拉":-619,"括":1546,"拿":-1380,"持":449,"指":-320,"捕":281,"捷":-91,"掌":-222,"排":-99,"採":-225,"接":-203,"推":-1556,"提":-1631,"揚":228,"換":87,"揭":-895,"搭":-60,"搶":-1191,"撤":-19,"擁":-914,"擊":153,"擔":-284,"據":1558,"擬":171,"擴":-1756,"攜":-185,"支":-522,"收":-417,"改":-1076,"攻":-15,"政":-161,"故":4,"教":-195,"整":-360,"數":1130,"文":-250,"料":263,"斯":-357,"新":-85,"方":202,"於":2054,"施":-97,"旅":-1381,"族":177,"日":950,"旦":532,"早":92,"明":-93,"易":45,"星":33,"昨":-1815,"是":2386,"時":1047,"普":-194,"景":-451,"晴":910,"暨":721,"暴":-369,"更":839,"曼":-393,"曾":712,"最":623,"會":1452,"月":1652,"有":1181,"望":684,"期":511,"木":-505,"未":894,"本":727,"朱":-613,"杉":-875,"李":-661,"村":377,"杜":-486,"束":17,"東":-287,"松":-117,"林":-422,"果":931,"染":217,"查":-23,"柯":-502,"校":481,"核":-596,"格":122,"桃":-570,"案":1363,"楊":-67,"業":802,"極":768,"標":-1054,"樣":911,"機":-13,"檢":-1072,"權":761,"次":854,"款":683,"歐":-1365,"歡":-527,"止":956,"正":-63,"此":1607,"步":56,"武":-15,"歷":-484,"段":1132,"每":3293,"毒":92,"比":48,"毛":-324,"民":-50,"氣":319,"水":-324,"求":1799,"江":-70,"汽":-497,"沈":-509,"沙":-148,"油":203,"治":339,"況":1122,"法":229,"波":-293,"注":-828,"泰":-584,"洋":211,"洛":-1320,"洲":714,"派":32,"流":-106,"海":-158,"消":-551,"涉":-1162,"深":-307,"清":-107,"減":-200,"測":-574,"游":-35,"源":161,"滋":-342,"漁":-859,"演":-529,"漢":-222,"漲":206,"漸":536,"潛":-1034,"澤":-709,"激":-341,"濟":577,"灣":1077,"災":71,"為":1596,"烈":484,"烏":-706,"無":-253,"然":651,"照":163,"爆":-680,"爭":-118,"爾":-66,"片":696,"版":951,"牌":343,"物":318,"特":-799,"犯":262,"狀":-40,"獨":-21,"獲":353,"率":1324,"王":-71,"班":-157,"現":-65,"球":577,"理":530,"瑜":19,"瑞":-100,"環":-557,"瓦":-204,"甚":565,"生":105,"產":-33,"用":813,"田":-538,"由":1903,"申":-666,"男":-148,"界":1339,"留":-668,"畫":404,"當":-805,"病":-69,"症":532,"登":-647,"發":-874,"白":-142,"百":-244,"的":4399,"益":535,"盛":-229,"盟":1192,"監":-340,"目":-803,"直":-93,"相":-1047,"省":223,"看":-8,"真":-695,"眾":263,"瞭":-967,"短":-501,"石":-11,"研":-1523,"示":592,"社":187,"票":302,"科":-27,"秘":-1511,"租":189,"移":-762,"稅":571,"程":582,"種":613,"稱":574,"稿":-53,"積":-196,"空":-25,"立":403,"站":545,"竟":608,"童":774,"競":-2313,"符":-327,"第":-1817,"等":1917,"算":287,"節":147,"簡":-808,"簽":-527,"籍":2124,"籲":1081,"精":-494,"約":776,"紐":-505,"級":1302,"素":261,"細":-23,"終":-23,"組":591,"結":-603,"絕":-80,"絡":43,"給":729,"經":-12,"綜":-30,"維":-1053,"緊":-621,"線":546,"縣":635,"縮":-521,"總":-1129,"織":652,"續":677,"缺":380,"置":730,"罰":348,"署":1043,"羅":-752,"美":28,"義":-67,"老":-221,"考":-649,"者":2317,"而":1294,"聖":-72,"聞":91,"聯":-1315,"聲":-65,"聽":-920,"股":284,"胞":249,"胡":-276,"能":1398,"脫":-180,"臨":-32,"自":-2,"至":1702,"與":3003,"興":-350,"舊":416,"艇":187,"艘":505,"色":-323,"艾":-431,"花":-547,"若":658,"英":-899,"華":-147,"菲":-36,"萬":17,"落":-9,"葉":-237,"著":336,"董":-993,"蒙":-56,"蓋":86,"蓮":320,"蔡":-530,"蕭":-257,"薩":-225,"藍":-70,"藝":-163,"蘇":-930,"處":451,"號":117,"行":213,"術":752,"街":206,"衛":-23,"衝":-231,"表":-493,"被":1771,"裡":1882,"西":-651,"要":1504,"見":833,"規":-1039,"視":51,"觀":-40,"解":-304,"言":-46,"計":-36,"訊":98,"討":-268,"託":245,"記":-411,"訪":884,"設":-139,"許":-549,"訴":429,"評":-148,"詞":950,"話":161,"該":3088,"認":-55,"語":64,"說":490,"調":-387,"談":61,"請":1049,"論":221,"謀":-306,"謝":-151,"證":-1,"識":250,"警":-464,"變":-240,"讓":2038,"豐":-217,"貝":-100,"負":-595,"財":-809,"貨":-268,"費":31,"資":-178,"賓":60,"賣":-14,"質":177,"賴":-150,"購":335,"賽":1093,"贏":-204,"走":-516,"赴":1806,"起":149,"超":-334,"越":330,"趙":-122,"跌":549,"跨":9,"路":655,"身":25,"車":474,"軍":281,"較":1295,"載":179,"輔":-500,"輛":898,"輸":44,"轉":-670,"農":-338,"近":847,"述":950,"追":-678,"退":-551,"透":-237,"這":3091,"通":-278,"速":211,"週":-92,"進":-634,"遊":-357,"運":-4,"過":554,"道":324,"達":1043,"違":-952,"適":-1340,"遭":649,"遷":-336,"選":-57,"遺":-419,"避":-621,"還":1209,"邊":30,"那":434,"邦":706,"邱":-703,"部":1116,"郭":-778,"郵":-160,"都":1851,"鄉":78,"鄭":-240,"配":-57,"醫":-1003,"重":-620,"野":62,"量":2099,"金":-150,"銷":256,"錢":25,"錦":-611,"長":994,"門":522,"開":-358,"間":1234,"閣":24,"防":-179,"阿":-744,"附":-444,"降":-62,"院":1342,"陣":-1592,"除":742,"陳":-992,"陽":-62,"隊":1324,"際":834,"隨":-386,"險":-104,"雄":468,"雅":-45,"集":-485,"雖":981,"雙":-1424,"難":-32,"雨":682,"零":-696,"雷":-994,"電":-644,"露":173,"青":-262,"非":790,"靠":350,"面":722,"韓":660,"項":1506,"順":-309,"須":1409,"預":-939,"頓":989,"領":-164,"頭":822,"題":682,"額":1871,"願":483,"類":314,"顯":-535,"風":132,"飛":-608,"餘":1417,"館":759,"首":-120,"香":-971,"馬":-382,"駐":803,"驗":306,"體":359,"高":-999,"魚":-347,"魯":-29,"麗":-441,"麼":293,"黃":-2036,"點":-543,"黨":505,"﹐":1083,"，":7293,"０":-713,"１":-986,"２":-605,"３":-795,"４":-126,"６":-133,"７":-337,"８":-530,"９":-601,"：":3693,"？":1485},"UW4":{"%":17,"(":4042,")":-3426,"*":2513,"-":864,";":3665,"A":-272,"C":63,"D":-8,"E":-273,"F":672,"H":-67,"I":-11,"O":-263,"R":-459,"S":91,"T":-855,"a":-1205,"e":-745,"i":-519,"l":-279,"m":-71,"o":-704,"p":-454,"r":-725,"s":-526,"w":-263,"–":792,"‧":246,"○":-798,"、":-6257,"。":-7290,"「":4120,"」":-4205,"一":592,"三":455,"上":895,"下":200,"不":752,"且":-951,"並":3149,"中":1231,"丹":-167,"主":303,"之":628,"乎":-556,"乏":-1369,"九":-120,"也":2957,"亂":-397,"了":1995,"事":-165,"二":330,"互":438,"五":-20,"些":-660,"亞":-551,"亡":-219,"交":67,"京":-1019,"人":96,"仁":-354,"今":1224,"仍":2664,"他":2153,"代":-343,"令":-174,"以":570,"任":-131,"份":-540,"伊":115,"伍":-265,"似":-432,"佈":-258,"位":345,"低":572,"住":3,"佔":425,"何":-549,"佛":40,"作":270,"你":411,"使":294,"來":-187,"例":-349,"供":969,"依":1382,"俄":303,"俊":-220,"保":299,"信":-19,"修":1066,"個":1938,"倍":1960,"們":-714,"倒":228,"值":-765,"偏":346,"做":1712,"停":549,"偵":32,"備":-791,"傳":567,"債":-272,"僅":27,"像":494,"僑":505,"價":-681,"億":-3370,"儘":930,"償":-117,"優":639,"儲":517,"元":866,"先":-49,"光":-148,"克":-912,"兌":85,"免":-263,"入":-570,"內":701,"全":1058,"兩":992,"八":155,"公":955,"六":214,"共":945,"兵":-57,"其":275,"具":394,"典":-185,"兼":614,"再":678,"准":-451,"出":-251,"分":470,"切":-499,"刑":-329,"別":-655,"利":-887,"到":-42,"制":-600,"券":-1389,"刻":-294,"則":1290,"前":547,"副":1115,"創":733,"劃":-1432,"劇":-196,"劉":1002,"力":-1495,"助":-1025,"動":-742,"務":-2037,"勢":-498,"勵":-613,"包":229,"化":-544,"北":171,"區":-1457,"十":1060,"千":-1783,"卅":243,"升":-23,"午":-575,"協":933,"南":333,"卡":-481,"印":1020,"危":154,"即":122,"卻":1296,"原":726,"參":2162,"又":1258,"及":1564,"反":1250,"取":-119,"受":381,"口":-447,"另":99,"只":1688,"召":547,"可":585,"台":595,"右":337,"各":1726,"合":-182,"同":52,"名":699,"向":458,"否":-1255,"含":1147,"吳":599,"吸":317,"告":-693,"周":438,"命":-89,"和":1616,"品":-1026,"員":-1845,"哥":-128,"唐":202,"售":-901,"唯":35,"商":-590,"問":-161,"單":216,"嘉":170,"器":-723,"噸":1282,"嚴":557,"四":296,"回":332,"因":1192,"國":65,"園":-905,"圖":-161,"團":-638,"土":192,"在":1724,"地":233,"均":54,"坡":-686,"垃":51,"型":-511,"城":-419,"域":-1877,"執":933,"基":433,"堂":-886,"報":-187,"場":-406,"境":-712,"增":558,"士":-2781,"壽":-56,"外":408,"多":-29,"夠":289,"大":652,"天":259,"太":223,"失":1,"奧":352,"女":-12,"她":1550,"好":172,"如":88,"委":-555,"威":-57,"嫌":-271,"子":-1208,"字":-260,"存":150,"學":-56,"它":36,"宅":-316,"守":-445,"安":179,"宋":704,"完":870,"宗":335,"官":-380,"定":-793,"宜":-248,"宣":866,"室":-506,"害":-1689,"家":39,"容":-921,"察":-1618,"實":-92,"審":264,"寬":-89,"將":2165,"專":766,"對":1198,"導":-423,"小":830,"少":-570,"尚":495,"就":1115,"尼":-459,"局":-1189,"居":403,"屆":1639,"屋":-87,"屬":-214,"山":-578,"岸":-3269,"峰":-387,"島":-457,"峽":-410,"川":-48,"州":-524,"工":80,"左":1139,"差":5,"己":-1002,"已":1310,"巴":414,"市":-737,"師":-557,"常":-335,"幅":-192,"幣":-1386,"幫":293,"平":86,"年":-62,"幾":174,"序":-1049,"底":-594,"店":-84,"府":-1839,"庫":-124,"庭":-669,"廠":-426,"廢":652,"廣":170,"廳":-777,"延":1100,"廷":-584,"廿":917,"式":-1800,"引":644,"弟":-78,"張":1151,"強":538,"彈":-95,"往":-109,"很":1683,"律":-1131,"後":561,"徒":-919,"得":-318,"從":1070,"復":-166,"德":-537,"心":-472,"必":301,"志":-641,"快":391,"念":-1179,"性":-1440,"恐":124,"息":-1114,"情":-150,"惠":-26,"想":32,"意":-570,"愛":290,"感":158,"態":-56,"慧":-420,"應":620,"成":-226,"我":1098,"或":1840,"戶":-90,"所":287,"扁":23,"手":-41,"才":544,"打":777,"批":1073,"找":268,"承":373,"把":1389,"投":887,"拆":571,"拉":-931,"拍":132,"括":-1067,"持":-229,"指":1225,"按":420,"排":88,"採":958,"推":1820,"措":230,"提":1623,"揚":-270,"揭":469,"搭":221,"搶":652,"擁":378,"擇":-356,"擊":-736,"擔":283,"據":-1371,"擴":1524,"攜":14,"支":998,"收":160,"改":920,"攻":304,"政":-294,"故":-199,"敏":-148,"教":107,"整":183,"數":-845,"文":-185,"料":-933,"斯":-1844,"新":809,"斷":-370,"方":-499,"於":-454,"施":-307,"旅":1409,"族":-133,"日":-929,"旦":-1031,"早":-41,"明":-178,"易":-940,"昨":877,"是":1212,"時":187,"晚":59,"晤":-974,"晨":-2972,"景":-176,"晴":1143,"暨":708,"更":1107,"書":-405,"曾":1421,"最":2150,"會":-617,"月":-991,"有":766,"望":-2373,"期":-604,"木":319,"未":763,"本":-41,"李":1470,"村":-137,"束":-95,"東":321,"析":-413,"林":-141,"果":-1103,"架":304,"染":-344,"查":-92,"柯":38,"核":438,"格":-1022,"桃":895,"案":-843,"桿":635,"條":688,"棄":-385,"楚":-792,"業":-1798,"榮":-36,"構":-767,"樂":-407,"樓":-365,"樣":-3658,"機":-153,"檢":219,"櫃":-3,"權":-818,"次":542,"款":-658,"歐":544,"歡":285,"止":-577,"正":97,"此":604,"步":-342,"歲":2937,"歷":3,"死":241,"段":-204,"殺":86,"毀":338,"每":1912,"毒":-90,"比":1050,"民":-370,"氣":-299,"永":-27,"求":-1348,"江":-139,"汽":354,"沒":1031,"油":-85,"治":-448,"沿":1152,"況":-1936,"法":-470,"注":603,"泰":137,"洋":-172,"洲":-1941,"流":-40,"浪":-584,"消":307,"涉":1084,"深":168,"清":-47,"減":243,"湖":-209,"源":-1296,"溝":117,"溪":-410,"滿":-336,"演":565,"漸":-614,"潛":1065,"澄":324,"澤":-1203,"激":93,"濟":-956,"灣":-2536,"為":131,"烈":-290,"無":497,"然":-2761,"照":-152,"熱":150,"營":-264,"爆":587,"爭":164,"父":313,"爾":-2217,"版":-958,"牙":-894,"物":-666,"特":43,"犯":-181,"獎":-128,"獲":184,"率":-1359,"王":312,"玩":19,"球":-446,"理":-1026,"瑜":-983,"瑞":-217,"環":785,"瓦":-269,"生":-723,"產":-115,"用":-592,"由":654,"申":253,"男":886,"界":-2516,"留":24,"畫":-325,"當":615,"疑":-1,"症":-547,"痛":-226,"療":-174,"登":52,"發":469,"百":-1427,"的":3495,"益":-846,"監":93,"盤":-177,"相":554,"省":145,"看":1658,"真":415,"眾":-997,"瞭":1197,"短":182,"研":1431,"確":-906,"示":-821,"社":-378,"祭":-247,"秀":-540,"秘":329,"移":568,"稅":-103,"程":-1132,"種":1217,"稱":155,"穩":170,"立":-618,"站":-82,"童":-746,"競":1889,"第":2123,"筆":1131,"等":1461,"算":-928,"節":-369,"築":-13,"簡":299,"簽":775,"籍":-2844,"精":357,"紀":-193,"約":302,"納":-935,"級":281,"素":-748,"組":-533,"結":26,"給":-30,"統":-24,"經":333,"綜":337,"維":37,"緊":373,"線":-1200,"編":442,"緩":48,"練":-255,"縣":-765,"總":1019,"績":-37,"織":-1897,"繳":147,"續":-1411,"置":-1422,"署":-968,"美":743,"群":-334,"義":-166,"老":393,"考":800,"者":318,"而":492,"耶":368,"聞":-800,"聯":1014,"聲":35,"職":-70,"肯":517,"育":-1843,"胞":-828,"能":762,"自":522,"至":1677,"致":-98,"與":2970,"舉":68,"航":73,"艘":1276,"良":-41,"色":-955,"花":201,"芳":-59,"若":221,"草":33,"莫":385,"華":-362,"萬":-1896,"葉":602,"著":998,"董":1133,"蓮":-670,"蘇":535,"蘭":-537,"處":-202,"號":279,"行":-367,"術":-1465,"街":-496,"衝":134,"表":100,"被":2735,"補":77,"裝":-5,"裡":1605,"西":124,"要":-68,"覆":-222,"見":-823,"規":199,"視":-78,"覽":-377,"言":-382,"計":-346,"訊":-632,"託":-160,"設":744,"許":70,"訴":-522,"詞":-720,"話":-711,"認":160,"語":-54,"說":1547,"調":359,"請":-784,"論":-1172,"諾":-359,"講":222,"識":-1379,"警":11,"議":-943,"護":-384,"讓":996,"谷":-378,"象":-1717,"負":925,"財":396,"貴":88,"買":374,"費":-708,"貿":-741,"資":148,"賓":-130,"賣":92,"質":-702,"賽":-1374,"贏":318,"走":324,"赴":751,"起":173,"超":614,"越":-19,"趙":13,"足":-208,"跌":-161,"路":-767,"車":-377,"軍":-304,"較":340,"輕":-348,"輛":50,"輝":-748,"轉":494,"農":380,"近":-349,"返":304,"迫":-738,"述":-1118,"追":692,"退":815,"送":156,"途":-511,"這":3106,"速":-569,"連":454,"週":1433,"進":48,"遊":548,"過":337,"道":-227,"達":-217,"違":493,"遠":243,"適":389,"遭":1651,"遷":394,"遺":192,"避":390,"還":1295,"那":477,"部":-897,"都":1173,"鄉":-297,"鄭":17,"酒":-149,"醫":914,"重":404,"野":-1138,"量":-909,"金":-606,"錢":372,"鎮":-103,"鐵":40,"長":-1079,"門":-779,"開":601,"間":-678,"閣":-630,"關":117,"防":-67,"阿":443,"附":1164,"降":230,"院":-1443,"陣":126,"除":-123,"陰":744,"陳":1293,"隆":-506,"隊":-1180,"際":-325,"隨":948,"險":-662,"雄":-125,"雖":1622,"雙":1469,"難":-148,"雨":-462,"雪":196,"電":490,"需":867,"露":-293,"靈":-219,"青":329,"非":-171,"靠":692,"面":-645,"響":-1608,"項":1432,"須":394,"預":1526,"頒":461,"頓":-1341,"領":27,"頭":-533,"題":-955,"額":-2080,"類":102,"顧":-90,"風":-471,"飛":679,"餘":-1529,"館":-910,"首":613,"駐":354,"驗":-569,"體":-476,"高":689,"麗":-491,"麼":-2535,"黃":819,"黑":30,"點":-602,"黨":-360,"﹐":1727,"，":-8041,"０":-397,"１":366,"２":322,"４":-72,"５":-489,"６":-396,"７":-285,"８":-54,"９":-327,"：":-3716,"？":-2083},"UW5":{"%":-119,"(":-1008,")":-1175,"*":-662,"-":-638,";":-953,"C":-293,"D":-132,"E":-198,"M":-88,"N":-172,"O":-153,"R":-779,"S":-409,"a":-496,"e":-278,"i":-37,"l":-8,"o":85,"r":-751,"s":-804,"–":-590,"‧":-454,"○":-328,"、":-1083,"。":-1184,"「":-650,"」":-1125,"一":-382,"七":-613,"三":-618,"上":-508,"下":-226,"不":-550,"世":318,"並":-1071,"中":-455,"主":-28,"久":417,"之":-828,"九":-711,"也":-1070,"亂":640,"了":-504,"予":290,"事":222,"二":-499,"五":-616,"些":333,"亞":-748,"亡":443,"享":-302,"京":76,"人":-181,"今":-620,"仍":-1305,"他":-271,"付":28,"代":-114,"令":41,"以":-371,"件":733,"任":571,"份":777,"企":-128,"伍":470,"休":-398,"似":154,"佈":461,"位":475,"作":333,"使":95,"例":1097,"係":636,"信":121,"修":-652,"個":167,"借":30,"值":322,"偏":-135,"做":-471,"備":194,"像":253,"價":114,"儘":-31,"光":529,"入":487,"內":-25,"全":-208,"兩":-463,"八":-602,"公":-546,"六":-599,"兵":73,"其":-735,"再":-114,"出":158,"函":73,"分":166,"切":158,"刑":377,"別":566,"利":233,"到":56,"制":47,"券":185,"刻":251,"則":-352,"前":-33,"副":-321,"劃":1524,"劉":-67,"力":800,"助":424,"動":709,"務":1242,"勝":480,"勢":516,"包":238,"區":226,"十":-452,"千":-413,"卅":-41,"升":109,"午":649,"半":77,"協":-763,"即":-391,"原":-76,"去":-72,"參":-307,"又":-685,"及":-1015,"反":-111,"口":672,"古":76,"只":-502,"召":-278,"可":-308,"台":-512,"各":-793,"合":222,"吉":183,"同":-68,"名":143,"向":-56,"君":481,"否":231,"告":743,"呼":-708,"和":-750,"品":599,"員":563,"哥":-504,"哲":-300,"售":896,"商":326,"問":193,"單":-178,"嚴":-856,"四":-357,"回":-70,"因":-197,"國":-96,"在":-643,"地":-166,"域":2117,"基":-755,"報":-12,"場":607,"塔":-48,"境":238,"增":-340,"士":891,"壽":88,"外":-218,"多":-368,"大":-233,"天":795,"夫":-456,"央":-134,"失":-43,"奇":-222,"女":236,"如":-512,"威":54,"嫌":324,"子":532,"學":28,"宅":999,"守":117,"完":-138,"官":71,"定":901,"宣":-138,"室":-866,"害":440,"家":230,"容":432,"密":564,"察":1521,"實":110,"將":-850,"專":-534,"對":-454,"導":882,"小":-125,"少":29,"就":-485,"局":-369,"居":-10,"屬":317,"山":-85,"岸":605,"島":229,"川":125,"州":-143,"工":-27,"差":-543,"已":-999,"市":-285,"師":488,"席":524,"常":5,"幕":646,"年":-16,"序":1428,"底":576,"店":414,"府":983,"度":288,"座":460,"庭":429,"廳":-524,"式":1014,"弟":62,"張":-268,"強":-477,"彈":67,"形":312,"影":198,"往":346,"很":-670,"律":19,"後":-427,"得":321,"復":338,"心":211,"念":1404,"性":-669,"息":1165,"情":134,"想":589,"意":610,"態":535,"憲":212,"應":-307,"成":287,"我":-55,"或":-831,"房":5,"所":-551,"扁":-154,"手":91,"才":-397,"打":-356,"投":-263,"抵":-358,"拉":-111,"括":477,"持":845,"指":-390,"按":-13,"捕":96,"授":156,"推":-457,"措":-36,"提":-427,"揚":239,"搶":-200,"擁":-639,"擊":1418,"據":632,"擴":-917,"擾":99,"支":-562,"收":-93,"改":-263,"放":430,"政":288,"故":-575,"效":179,"敗":938,"教":-60,"數":177,"料":706,"斯":-465,"新":-531,"方":295,"於":-12,"施":436,"日":-83,"明":128,"易":1028,"是":-792,"時":-389,"晚":-243,"晤":598,"晴":-521,"暨":-165,"更":-548,"曼":-117,"曾":-686,"最":-1079,"會":-173,"月":1122,"有":-287,"望":728,"期":523,"木":-97,"本":107,"李":-710,"村":-300,"束":688,"東":96,"析":114,"林":70,"果":1694,"染":701,"查":831,"根":-241,"格":355,"桃":-493,"楚":53,"業":369,"榮":131,"構":661,"槍":415,"樂":34,"樓":707,"標":131,"模":-21,"樣":445,"檢":6,"權":82,"次":410,"款":1052,"歌":-39,"止":381,"此":247,"武":-184,"歸":-1206,"段":536,"每":-658,"比":-18,"民":170,"氣":155,"水":213,"求":797,"江":398,"決":121,"汽":-146,"沒":-689,"治":327,"沿":-550,"況":1494,"法":44,"注":-157,"泰":-110,"洛":65,"洲":359,"活":-214,"流":28,"浪":369,"清":22,"湖":837,"源":426,"準":398,"溝":-619,"溫":806,"演":-16,"漸":856,"澄":-801,"澤":452,"濟":465,"灣":202,"為":-486,"無":-184,"然":50,"營":393,"爆":-301,"爾":-397,"片":480,"牌":677,"牙":-258,"物":66,"特":-287,"獲":141,"率":-250,"班":-193,"現":530,"球":609,"理":583,"瓦":-526,"生":140,"產":71,"用":438,"界":729,"略":32,"畫":526,"當":-213,"疫":-276,"病":-803,"症":-344,"登":-326,"發":-493,"百":-146,"的":-1155,"益":934,"盟":98,"監":-57,"盤":207,"直":24,"相":-340,"省":-45,"看":-173,"眾":1064,"知":610,"研":-418,"碼":139,"示":1493,"社":-734,"神":132,"私":50,"秘":-84,"程":902,"稱":162,"空":575,"立":244,"童":823,"競":-413,"第":-957,"等":-989,"算":658,"管":-120,"節":-127,"範":180,"簡":-111,"簽":-34,"米":12,"精":-284,"系":-564,"紀":-190,"約":203,"納":-523,"級":688,"索":16,"終":-379,"絕":37,"統":343,"經":-90,"維":-110,"網":-433,"緊":-13,"線":11,"練":269,"縣":-754,"總":-415,"績":756,"織":376,"續":1849,"置":875,"羅":59,"美":-329,"義":94,"考":-261,"者":-360,"而":-1098,"聯":-224,"職":453,"股":-385,"育":1029,"胞":334,"胡":-343,"自":-418,"至":-101,"與":-1190,"興":-161,"舉":-72,"航":-50,"英":-257,"菜":-114,"董":-567,"藝":17,"蘇":-316,"處":-182,"號":-353,"融":389,"行":556,"術":1011,"衝":-174,"表":-139,"被":-99,"裝":293,"西":-189,"要":-117,"見":383,"規":-59,"視":427,"親":266,"覽":525,"解":-13,"言":715,"計":462,"訊":686,"託":634,"記":-318,"訪":-19,"設":-327,"詢":1431,"語":129,"說":-1004,"課":-74,"談":306,"請":1040,"論":772,"講":-34,"識":594,"警":351,"議":808,"護":682,"讓":-69,"谷":3085,"象":327,"負":-142,"財":-227,"貨":458,"責":14,"費":482,"貿":666,"資":15,"賓":5,"質":1003,"賴":-7,"賽":-215,"贏":-268,"走":-377,"超":-595,"越":-173,"趨":-104,"跑":115,"路":-110,"車":70,"較":-183,"輝":-133,"轉":-94,"近":54,"述":854,"退":-137,"透":579,"這":-993,"通":-45,"速":194,"進":-9,"運":99,"過":330,"道":201,"達":237,"遠":-236,"遭":-358,"選":201,"還":-828,"那":-887,"邦":240,"部":-224,"都":-738,"鄉":-627,"醫":-198,"里":136,"重":-8,"量":172,"金":296,"銀":106,"鐘":456,"長":622,"門":1308,"間":405,"閣":47,"關":173,"限":274,"院":28,"陣":-121,"除":423,"陰":-469,"陳":-432,"陸":259,"隆":557,"隊":-202,"際":598,"險":370,"集":-119,"雖":-284,"難":267,"零":-338,"電":-424,"需":-543,"露":351,"非":-33,"面":597,"革":286,"韓":109,"響":1845,"項":187,"順":-128,"須":49,"預":-828,"頓":-498,"領":220,"頭":42,"題":1426,"額":778,"願":704,"風":48,"颱":-104,"飛":-481,"養":363,"館":-477,"首":-184,"馬":-26,"駕":-235,"驗":879,"驚":-251,"體":232,"高":-463,"麗":331,"麼":23,"黃":-765,"點":-111,"黨":-839,"﹐":-278,"，":-1273,"１":-355,"８":212,"：":-1431,"？":-81},"UW6":{"%":-436,"(":140,")":-85,"*":557,"-":214,";":294,"A":-536,"E":-67,"a":-192,"e":-83,"i":-202,"r":-322,"–":575,"‧":-6,"、":369,"。":565,"「":460,"」":109,"一":145,"七":173,"三":405,"上":224,"下":175,"不":354,"並":168,"中":132,"主":-147,"之":571,"也":48,"了":541,"五":16,"亞":-4,"交":82,"人":127,"今":-43,"仍":306,"他":129,"以":151,"件":-1285,"任":-320,"企":212,"估":-127,"但":21,"佈":299,"位":-198,"何":-419,"作":-252,"使":166,"來":-149,"例":-674,"供":362,"侵":-114,"係":-1011,"保":487,"信":85,"個":-79,"做":-97,"備":-152,"儀":62,"元":-129,"光":-25,"克":23,"兌":-354,"兒":190,"入":-382,"全":144,"兩":93,"八":-65,"公":453,"六":51,"共":152,"其":126,"出":-232,"分":-7,"刑":-421,"判":-41,"別":-328,"利":88,"到":-253,"制":-120,"券":-139,"副":-89,"劃":-899,"力":-457,"助":-51,"動":-596,"務":-665,"勝":412,"北":106,"區":-118,"十":65,"千":-180,"午":-40,"協":32,"卡":737,"危":405,"即":-216,"參":298,"及":217,"受":204,"口":-505,"可":236,"台":194,"史":-418,"司":-207,"各":25,"名":168,"否":-314,"告":-178,"和":233,"品":-277,"員":-434,"哥":39,"售":-407,"單":160,"嘉":118,"器":-18,"嚴":470,"四":192,"回":13,"因":92,"困":167,"國":114,"園":155,"圓":-356,"在":208,"地":330,"均":38,"型":179,"域":-1268,"執":54,"基":125,"場":-339,"境":-473,"增":173,"士":-878,"外":122,"大":247,"天":-471,"夫":-227,"女":-304,"如":176,"委":54,"子":-202,"學":-147,"安":96,"定":-336,"宜":-102,"室":477,"家":-188,"容":-462,"察":-462,"實":335,"將":304,"專":319,"尋":137,"對":3,"導":-772,"小":175,"尤":-157,"就":24,"尺":121,"尼":125,"局":239,"居":65,"山":127,"島":-3,"州":-13,"工":62,"左":428,"差":238,"已":278,"巴":241,"市":345,"師":-80,"席":37,"帶":316,"常":-241,"幕":-664,"年":97,"幼":82,"序":-468,"底":-986,"府":-709,"度":-227,"式":-666,"形":-377,"影":86,"往":-383,"很":83,"後":287,"得":-89,"從":105,"復":-371,"心":-420,"念":-787,"性":478,"恢":30,"息":-494,"情":-36,"惡":62,"愈":336,"意":-290,"愛":-70,"憲":-168,"應":43,"成":42,"我":22,"或":384,"戰":-445,"所":213,"手":-41,"才":652,"技":-148,"投":254,"持":-181,"指":171,"推":414,"提":45,"揮":154,"搶":410,"播":-380,"擊":-117,"據":-324,"支":61,"收":164,"改":45,"政":-8,"教":50,"整":-49,"數":-98,"料":-113,"新":201,"方":104,"施":-439,"日":194,"昇":-160,"易":-719,"昨":-32,"是":181,"時":347,"晚":-7,"晤":-741,"普":86,"晴":26,"暴":212,"更":511,"最":466,"會":129,"月":316,"有":66,"服":64,"望":-739,"未":37,"李":298,"束":-281,"東":116,"析":-414,"林":-20,"果":-244,"染":-326,"查":-344,"校":-303,"核":529,"格":-165,"案":-126,"條":239,"棄":-653,"業":-397,"極":-372,"榮":-303,"槍":317,"樂":-434,"標":-100,"樣":-201,"樹":-251,"機":145,"次":-243,"款":-187,"止":-28,"正":-5,"比":571,"民":-48,"氣":51,"求":-608,"汽":86,"沈":218,"治":-325,"沿":511,"況":-673,"法":-41,"浪":936,"消":-3,"清":11,"測":-339,"源":-117,"準":-251,"漁":53,"澳":262,"濟":-201,"災":339,"炎":269,"為":-26,"然":-441,"營":-63,"物":-125,"特":255,"獨":-270,"率":-27,"現":-54,"球":-110,"理":-561,"生":-156,"用":-369,"由":-41,"男":322,"界":-66,"畫":-537,"異":-1812,"當":38,"病":617,"症":32,"登":206,"百":-47,"的":569,"盟":-608,"盤":-82,"相":89,"看":-13,"眾":-77,"研":156,"破":208,"磯":22,"示":-750,"社":97,"票":-49,"福":102,"禮":-339,"私":204,"科":31,"程":-201,"稍":-322,"種":289,"究":-89,"空":-18,"立":-96,"站":42,"童":-225,"競":375,"第":239,"等":90,"策":-273,"簡":129,"簽":437,"籍":-317,"系":37,"約":-119,"納":85,"級":-70,"索":-77,"終":220,"組":-85,"結":29,"絕":-527,"經":178,"練":-694,"縣":523,"總":5,"績":-645,"織":-741,"繼":130,"續":-567,"缺":75,"罪":225,"置":-352,"署":18,"美":133,"義":-325,"習":-498,"老":80,"而":222,"聞":-398,"聲":-183,"職":-41,"肯":-129,"育":-868,"能":-101,"腦":-169,"臨":-245,"自":199,"與":409,"舉":-134,"英":200,"萬":-313,"蕭":-638,"藥":419,"蘭":280,"處":469,"行":-299,"術":-587,"街":606,"衛":142,"表":-110,"袖":-900,"被":14,"西":240,"見":-812,"規":26,"角":143,"解":-224,"言":-27,"訊":-125,"訓":203,"記":308,"訪":-196,"許":107,"訴":-167,"試":-56,"該":-72,"說":-80,"調":113,"談":-581,"論":-201,"識":-140,"議":-418,"護":-170,"谷":-374,"象":-31,"費":-119,"質":-100,"購":-38,"賽":38,"走":167,"超":352,"足":-118,"路":-94,"車":266,"較":56,"轉":94,"辛":445,"辭":-344,"近":-28,"述":-140,"退":94,"送":-144,"透":308,"逐":265,"這":322,"通":283,"進":-33,"過":-139,"達":-115,"遭":458,"還":222,"那":171,"部":395,"都":-124,"鄉":170,"醫":209,"重":-93,"金":-14,"銷":-86,"長":-340,"門":-274,"開":-102,"間":-579,"關":50,"阿":80,"降":-109,"院":-66,"陣":369,"除":-210,"陳":-178,"陸":-335,"隊":-39,"際":-535,"險":-14,"雄":-111,"集":203,"難":-114,"雲":-712,"零":178,"雷":-259,"電":430,"靠":79,"面":-290,"革":-392,"響":-690,"預":277,"頓":697,"頭":-89,"題":-775,"願":-464,"顧":-395,"顯":-335,"風":445,"養":144,"館":526,"馬":107,"驗":-85,"高":274,"鬥":-206,"麗":-172,"點":51,"黨":253,"，":516,"０":-129,"１":382,"３":-318,"４":-30,"５":210,"９":145,"：":364,"？":137}}