{"BW1":{"——":53,"、新":470,"。”":44,"。一":397,"。中":-384,"。从":583,"。全":1539,"。另":30,"。在":107,"。就":-291,"。据":136,"。而":1209,"。这":755,"一九":-2634,"一些":97,"一亿":-726,"一切":225,"一千":-757,"一大":897,"一定":335,"一支":91,"一点":-188,"一百":-191,"一直":200,"一种":173,"一起":833,"七年":119,"上一":212,"上海":526,"不了":-2728,"不会":715,"不得":-982,"不断":554,"不管":-839,"不能":290,"不要":-76,"不过":648,"世纪":1328,"业务":539,"东西":1124,"严重":287,"个人":940,"个大":791,"个月":552,"中兴":1710,"中华":423,"中国":2079,"中心":701,"为这":264,"主席":432,"举行":1272,"之后":3,"之音":111,"九九":-242,"九年":817,"也不":667,"了一":950,"了解":1583,"事情":18,"五十":159,"些人":526,"产品":733,"产生":591,"人口":342,"人大":104,"人民":1342,"什么":106,"今天":1201,"今年":214,"从事":529,"代表":978,"以前":467,"以及":1326,"以色":-335,"任何":1302,"伍兹":753,"会上":163,"会和":-123,"会有":181,"会议":1550,"传统":966,"伦敦":287,"体育":58,"作品":206,"使用":359,"例如":224,"健康":567,"先生":1635,"克林":-114,"党政":157,"全国":2210,"公司":1226,"公开":174,"共产":-163,"共同":494,"共和":-3255,"关系":1088,"兴新":1645,"其中":468,"其实":1201,"决定":198,"准备":873,"出口":893,"出现":944,"分之":-3699,"分别":1271,"刚刚":727,"利文":-750,"利用":114,"别人":349,"前往":902,"办公":1927,"办法":326,"加强":1491,"劳工":118,"包括":369,"化工":769,"北京":605,"十一":-309,"十七":2,"十三":-27,"十九":213,"十分":953,"十四":-16,"千万":137,"卓瑶":608,"危机":683,"原则":-200,"去年":472,"参加":2477,"双方":430,"发出":317,"发展":607,"发现":363,"发生":719,"发表":687,"取得":302,"变成":846,"另外":334,"只有":356,"召开":799,"可以":2247,"可能":438,"台北":364,"各国":106,"合作":1118,"同时":576,"员工":1587,"周天":-70,"和平":1536,"哥大":1645,"四点":-672,"因为":1033,"国之":198,"国内":468,"国外":356,"国家":648,"国际":2318,"在一":1089,"在全":1134,"在这":536,"地区":465,"地方":952,"地震":473,"城市":391,"基本":-290,"增加":1012,"处理":116,"外交":256,"外资":412,"多万":1174,"多个":577,"多人":200,"多数":797,"大会":-10,"大学":966,"大家":397,"大批":499,"大陆":402,"天瑞":98,"太阳":-1126,"如今":627,"如何":891,"如果":2285,"如此":90,"妈妈":94,"委会":40,"学生":460,"安全":434,"安理":-547,"完成":300,"实施":338,"实现":603,"实行":80,"家里":155,"容易":308,"对外":501,"对接":313,"导演":190,"就像":36,"尽管":200,"展开":485,"工作":685,"工程":5,"工资":71,"已经":2732,"巴拿":-129,"巴黎":758,"市场":77,"布什":466,"希望":44,"年代":901,"年来":88,"并不":691,"幸福":2154,"广州":-5,"建设":568,"开发":1226,"开始":1152,"开放":891,"当时":411,"影响":311,"很多":921,"德国":254,"思通":807,"总值":266,"总理":1598,"总统":2806,"情结":67,"意思":1,"感觉":439,"愿意":974,"戈尔":1037,"成为":863,"成立":666,"我国":1034,"我想":745,"或者":-578,"或许":1139,"所以":957,"所有":457,"手机":836,"才顺":1253,"技术":532,"投资":1027,"拉克":348,"拒绝":253,"接受":663,"控制":279,"政治":593,"政策":540,"政长":-1073,"教授":659,"文化":185,"文思":-1059,"斯坦":494,"新闻":1199,"方式":4,"方面":1526,"无法":1545,"时代":163,"时候":1510,"时间":876,"星期":-1554,"是一":1199,"是不":652,"是否":1174,"是最":35,"是有":55,"普遍":31,"晶片":274,"更加":2316,"曾经":1639,"最后":37,"最大":793,"最高":865,"有一":356,"有人":1430,"有关":1925,"有效":252,"有没":3239,"有的":-906,"服务":160,"朝鲜":223,"机构":1000,"村民":587,"条例":200,"来自":1196,"来越":706,"柏杨":858,"欢迎":187,"正式":307,"武装":1418,"母亲":619,"比赛":161,"比较":682,"民主":72,"民众":71,"民国":863,"江苏":26,"汽车":202,"没有":2143,"法国":357,"法官":426,"法律":865,"注意":162,"活动":591,"海外":1254,"清清":1642,"然后":461,"父亲":1252,"爸爸":352,"特别":1434,"特拉":-251,"环境":1218,"生产":1111,"生活":1221,"生物":737,"电脑":37,"电话":107,"百万":935,"的。":421,"的一":2047,"的不":550,"的东":236,"的主":378,"的人":931,"的全":182,"的反":435,"的大":710,"的女":10,"的好":574,"的小":639,"的市":476,"的总":490,"的新":892,"的老":1089,"的茶":899,"的话":691,"的．":808,"目前":1659,"目标":533,"目的":-416,"直接":719,"相关":391,"相当":550,"知道":1554,"石油":338,"社会":-335,"离开":951,"科技":742,"积极":931,"立委":223,"第一":-39,"第三":72,"第二":1309,"管理":300,"精神":10,"纷纷":754,"组成":265,"经济":1326,"经理":618,"经营":125,"经过":456,"统计":326,"罗斯":407,"美国":1457,"能够":1183,"自己":1279,"至今":184,"色列":971,"色情":514,"节目":1685,"英国":265,"英文":153,"英语":262,"范围":712,"茶叶":26,"药物":352,"虽然":672,"行业":206,"行健":367,"行动":940,"行政":340,"表现":411,"表示":1092,"要求":1440,"视台":1396,"觉得":192,"警方":629,"计划":529,"许多":599,"设计":241,"访问":596,"贝尔":905,"贸易":922,"资金":625,"起来":407,"越南":1160,"越来":-2519,"距离":436,"过去":357,"过程":237,"运动":-68,"还有":45,"这一":137,"这个":716,"这种":226,"进行":1763,"通过":566,"造成":277,"部分":1782,"部长":105,"部门":1210,"都不":422,"里面":662,"重点":74,"金属":105,"金融":1635,"银行":1039,"长官":620,"长期":183,"问题":1605,"际上":268,"陈水":-170,"限制":77,"非常":958,"非法":474,"项目":2712,"香港":87,"高行":-615,"高速":187,"，一":164,"，不":534,"，与":-118,"，为":57,"，也":306,"，于":-216,"，从":282,"，他":515,"，以":331,"，会":-72,"，全":449,"，占":474,"，只":-130,"，可":43,"，嗯":397,"，大":-103,"，好":-273,"，如":511,"，实":-162,"，对":220,"，将":227,"，就":296,"，并":1383,"，当":634,"，我":300,"，才":222,"，更":473,"，正":158,"，比":438,"，然":-283,"，而":631,"，让":36,"，这":62,"－－":1057,"０万":170,"１０":99,"１１":441,"１９":-9,"２０":400,"２５":-123},"BW2":{"99":-1109,"——":-950,"一下":-2338,"一个":813,"一九":-2591,"一些":-2958,"一代":1184,"一件":805,"一份":1492,"一位":1305,"一切":-2045,"一千":-796,"一场":1858,"一天":576,"一定":-1233,"一家":1657,"一年":348,"一时":-1519,"一月":-901,"一段":349,"一波":181,"一点":-268,"一百":-1403,"一直":-2393,"一种":1056,"一致":-277,"一般":-1578,"一起":-1863,"一部":350,"七十":-1169,"万元":809,"三十":-2607,"上午":-1401,"上市":-494,"上年":260,"上海":-1703,"下来":-1248,"不了":-1531,"不仅":-549,"不会":2255,"不再":-234,"不可":-245,"不同":-1915,"不好":934,"不得":-75,"不断":-1101,"不是":1016,"不知":559,"不管":-635,"不能":48,"不过":-3072,"世纪":-911,"东西":-562,"严重":-58,"个中":-890,"个人":-603,"个月":1514,"中共":-942,"中兴":-1045,"中华":-1055,"中国":-2801,"中央":-1488,"中心":-1052,"中文":-381,"中美":122,"临时":-703,"为主":-393,"为了":-5842,"主义":-841,"主要":-1438,"举办":-101,"举行":-1021,"么样":-907,"之一":-1769,"之下":-925,"之前":-1874,"之后":-2926,"之外":-1333,"之间":-1263,"之音":2023,"九十":-877,"九年":-333,"也就":-373,"书记":-47,"书长":-54,"了解":-3437,"事件":-234,"事实":-183,"事情":-579,"二十":-2670,"二月":-563,"于是":-3130,"五个":86,"五十":-2079,"交通":-563,"产品":-510,"产生":-335,"享受":-81,"人口":-859,"人员":-3,"人士":-287,"人大":-1134,"人家":-922,"人权":-326,"人民":-2810,"人物":-343,"人类":-1116,"亿元":2182,"仅仅":-330,"今天":-1530,"今年":-1098,"介绍":-875,"从事":-1026,"代表":-2495,"令人":1078,"以上":-2280,"以下":-953,"以前":-2394,"以及":-3837,"以后":-2970,"以来":-2300,"以色":-196,"任何":-987,"会见":-1640,"会议":-1277,"会谈":-1419,"但是":-5374,"作为":-1611,"作出":-683,"作家":-537,"作用":-435,"使得":-1245,"使用":-2211,"促进":-379,"俄罗":-983,"信用":-85,"值得":-1019,"做出":-828,"像是":-2073,"先生":-1808,"先进":-626,"全国":868,"全年":480,"全球":-848,"全省":1529,"全部":-536,"全面":-13,"八十":-1775,"六十":-907,"共产":-218,"共同":-1534,"共和":-4907,"关系":-1354,"其中":-2348,"其他":-4761,"其它":-2769,"其实":-1102,"其是":-2479,"具有":-2004,"兼并":-1298,"内地":-41,"再度":-867,"再次":-2249,"军事":-546,"冲突":-277,"准备":-784,"几天":-94,"出口":-1104,"出来":-1733,"出现":-1127,"分之":-2671,"刚刚":-1171,"刚才":-301,"利文":-152,"利用":-1407,"制度":-176,"制造":-1048,"前往":-1022,"副总":-1297,"力度":-412,"办公":-814,"办法":-656,"功能":-525,"加强":-1317,"动会":-940,"包括":-1134,"化工":-1043,"化石":-72,"北京":-862,"北市":-310,"北省":-739,"十一":-3230,"十七":-678,"十三":-2042,"十九":-338,"十二":-1659,"十五":-2229,"十八":-1146,"十六":-1199,"十几":-467,"十分":-714,"十四":-1206,"十多":-1518,"十字":-782,"十年":681,"半岛":-90,"华社":-361,"单位":-870,"南街":-785,"即使":-986,"即将":-2016,"历史":-589,"原因":-750,"去年":-2942,"参与":-1191,"友好":-517,"双方":-1169,"反对":-1698,"反应":-146,"发展":-1420,"发现":-317,"发生":-476,"发表":-162,"取得":-657,"受到":-757,"另外":-1728,"只是":-1162,"只有":-334,"只能":447,"只要":-1147,"召开":-1482,"可以":-4525,"可是":-2594,"可能":-4003,"台北":-1320,"各国":724,"合作":-1451,"同时":-1920,"后来":-998,"听到":-709,"告诉":-792,"员工":-2040,"和平":-2565,"哥大":-1762,"喜欢":-555,"四九":-1,"四十":-1311,"四年":799,"回归":-304,"回收":-629,"回来":-563,"因为":-2879,"因此":-760,"因而":-123,"国中":-978,"国人":-1825,"国内":-2180,"国外":-656,"国家":-2687,"国有":-1253,"国民":-591,"国防":-36,"图尼":-398,"在一":-1951,"在下":-2142,"地区":-1469,"地方":-1686,"地震":-1559,"场所":-1504,"城市":-751,"基因":-183,"境内":-304,"增加":-1007,"增长":-107,"壮为":-966,"壮老":-202,"处理":-721,"外交":-273,"外国":-762,"外汇":-94,"外资":-502,"多万":-136,"多人":1158,"多家":988,"多年":782,"多数":-1733,"大中":-655,"大会":-102,"大使":-1006,"大哥":-944,"大地":-198,"大多":-816,"大学":-1259,"大家":-641,"大部":-969,"大陆":-168,"太多":743,"太空":-661,"太阳":-670,"夫人":-357,"失去":-234,"女孩":-1113,"女神":281,"好的":-488,"如今":-482,"如何":-55,"如果":-843,"如此":-1118,"妈妈":-745,"姊妹":-959,"委会":-702,"媒体":-616,"存在":-882,"学校":-42,"学生":-1398,"安全":-1072,"完全":-1732,"完成":-840,"实现":-704,"家主":-1058,"家属":-83,"家里":-380,"对于":-1775,"对付":-702,"对接":-1100,"寻找":-851,"导人":-1313,"导演":-297,"将于":568,"将会":63,"将来":-1733,"将近":-920,"小时":-1916,"小说":-1099,"少年":-1061,"就是":-1698,"就职":-700,"展开":-391,"工作":-1875,"工时":-474,"工程":-1066,"工资":-109,"已经":-4249,"市场":-1104,"市长":-556,"布什":-496,"带来":-553,"年代":-2197,"年底":189,"年来":980,"年轻":-1565,"并不":-1701,"并且":-1713,"并没":-1408,"应当":-1211,"应该":-2443,"建筑":-1007,"建设":-1708,"开发":-2039,"开始":-892,"开放":-208,"引起":-109,"强调":-506,"当中":-1511,"当地":-463,"当年":-119,"当时":-1185,"当选":-1169,"形成":-13,"彭白":-349,"影响":-277,"往往":-533,"很多":-2574,"很大":-332,"得到":-1812,"必要":-153,"必须":-1366,"思是":354,"总是":-1193,"总统":-1611,"情结":-273,"想到":-1490,"感受":-52,"感觉":-650,"愿意":-112,"成为":-2114,"成功":-76,"成立":-368,"成都":-1558,"我国":-1394,"或是":-3096,"或者":-244,"或许":-552,"所以":-3294,"所有":-3059,"手机":-334,"才顺":-2340,"找到":-1171,"投资":-1084,"报道":-4,"抵达":-191,"拒绝":-30,"拥有":-466,"指出":-27,"按照":-758,"接受":-1632,"控制":-201,"提供":-1,"提高":-259,"支持":-797,"放在":-179,"政治":-1232,"政策":-425,"政长":1683,"故事":-59,"救灾":-172,"数字":-343,"整个":-274,"斯特":-653,"新世":282,"新加":-579,"新华":-816,"新材":148,"新闻":-1956,"方向":-846,"方面":-1580,"无法":-969,"日前":-1036,"日本":-1092,"早上":-984,"时代":-812,"时候":-2430,"时期":-428,"时间":-1857,"明年":-203,"星期":-1186,"是否":-4496,"晚上":-1014,"晶片":-950,"更加":-2280,"更多":465,"更新":-2109,"曾经":-2424,"最后":-1838,"最新":-458,"最近":-482,"最高":-728,"有些":-376,"有人":1694,"有关":-2364,"有利":-477,"有所":-1695,"有效":-996,"有时":-600,"有的":-3981,"期间":-1313,"未来":-1616,"本家":-1503,"本来":-794,"本身":-566,"术家":-2069,"机构":-1277,"村民":-931,"条件":-592,"来到":-1343,"来台":302,"来看":-139,"来自":-1927,"来说":-892,"根据":-943,"欢迎":-857,"正在":-1625,"正常":-277,"正式":-33,"此外":-1048,"母亲":-1260,"每个":-768,"每天":169,"每年":748,"比赛":-217,"比较":-1703,"民主":-564,"民国":-809,"民族":-215,"江苏":-1094,"汽车":-115,"没有":-3851,"河北":-555,"治疗":-236,"法国":-488,"法律":-272,"活动":-215,"海外":-1062,"涉及":-286,"清清":-72,"点八":-81,"烈度":-435,"然后":-2182,"然而":-1006,"父亲":-597,"特别":-688,"环境":-1043,"现代":-707,"现在":-2964,"甚至":-1330,"生产":-1396,"生活":-1633,"生物":-744,"由于":-2168,"电影":-214,"电视":-992,"电话":-618,"界上":-79,"病毒":-296,"百五":-205,"百分":-527,"百多":-696,"的地":-805,"的话":-2369,"的．":-268,"目前":-1485,"目的":-1693,"直接":-1688,"相当":-1307,"省政":-187,"看到":-1992,"看看":-687,"真正":-417,"真的":-3710,"知道":-1608,"石油":-133,"研究":-1052,"示威":-147,"社会":-1550,"离开":-1354,"秘书":-1603,"积极":-1041,"程度":-420,"究所":-753,"立法":-656,"第一":-67,"等等":-3149,"筑物":-212,"管理":-989,"系统":-644,"纷纷":-599,"组成":-262,"经济":-2195,"经营":-101,"经贸":-523,"经过":-831,"美元":-2397,"美国":-2256,"而且":-1364,"而是":-419,"而言":-111,"联合":-1548,"能力":-856,"能够":-3575,"能源":-371,"自己":-1829,"自由":-522,"至今":-598,"至少":-523,"良好":-222,"色情":-915,"节目":-659,"英国":-377,"茶农":-229,"茶叶":-1043,"荣家":1965,"荣毅":-459,"药物":-166,"获得":-1303,"营销":-20,"行为":-311,"行动":-913,"行政":-2264,"街村":-1098,"表示":-1081,"要是":-1164,"要求":-3284,"规模":-146,"视台":-2767,"觉得":-1845,"解决":-850,"解释":-664,"言人":-487,"警方":-124,"计划":-512,"认为":-1430,"议会":-513,"记者":-131,"许多":-1535,"论是":-1667,"设防":-197,"访问":-1287,"说不":-927,"说明":-307,"调查":-19,"谈判":-313,"负责":-152,"责人":-319,"贸易":-1171,"资产":-254,"资本":-1190,"资讯":-51,"资金":-750,"起作":97,"起来":-1612,"超过":-846,"越南":-1268,"越来":-1072,"距离":-330,"达到":-1895,"达成":-864,"过去":-2161,"过程":-777,"运会":-1586,"运动":-61,"近年":-1491,"还是":-3170,"还有":-1308,"这一":429,"这个":-4241,"这么":-51,"这些":-3480,"这位":148,"这场":803,"这样":-2007,"这种":303,"这边":-1755,"这里":-2307,"进一":-1549,"进入":-104,"进出":-1041,"进行":-1815,"选为":951,"选举":-699,"选人":-524,"选手":-622,"通过":-1775,"造成":-924,"遭到":-592,"邀请":-883,"那个":-2042,"那些":-1319,"那时":-327,"那是":80,"那种":114,"部分":-2656,"部长":-1898,"部门":-1952,"部队":-764,"里面":-526,"重大":-699,"重新":-414,"重要":-1358,"金属":-165,"金融":-2211,"针对":-2136,"银行":-1505,"长期":-713,"问题":-1897,"闻部":910,"限制":-269,"除了":-3986,"随着":-650,"需要":-2664,"非常":-2134,"面临":-466,"面对":-1961,"韩国":-35,"项目":-2642,"领导":-242,"首先":-1375,"首次":205,"香港":-2604,"高球":-119,"高达":1374,"，一":-3497,"－－":-127,"．但":549,"．嗯":94,"０多":-1836,"１１":-1185,"１２":-847,"１９":-382,"２１":-133,"９９":-812},"BW3":{"——":1116,"一个":1363,"一九":307,"一些":492,"一方":-128,"一样":255,"一次":-143,"一步":-293,"一直":344,"一起":-483,"一部":152,"万元":-283,"上。":612,"上年":472,"上是":-95,"上的":835,"上，":721,"下一":386,"下的":780,"下，":453,"不了":807,"不会":223,"不到":828,"不得":-281,"不是":576,"不能":318,"不起":-55,"世界":1224,"业者":2681,"东南":617,"东西":697,"严重":284,"个小":641,"个月":932,"个问":1066,"中。":561,"中亚":527,"中国":712,"中的":912,"中，":554,"临时":221,"为中":64,"主义":-2210,"主管":164,"主要":1422,"举行":978,"之一":117,"之前":617,"之后":1710,"九年":-306,"书，":41,"了。":476,"了，":195,"事。":100,"事，":848,"二十":522,"亚洲":1012,"交换":259,"交通":1116,"产品":463,"产生":406,"人。":951,"人们":388,"人员":147,"人士":117,"人大":33,"人是":-70,"人权":39,"人民":2208,"人的":266,"人类":81,"人，":388,"亿元":-150,"今天":1086,"今年":901,"介绍":1275,"代表":1436,"令人":1285,"以上":532,"以及":1627,"以后":413,"任何":568,"伊拉":619,"会上":-604,"会发":125,"会有":278,"会的":-161,"会见":263,"会，":-655,"传统":289,"伦敦":195,"但是":629,"作为":917,"作出":422,"作家":164,"作的":511,"使用":303,"健康":690,"儿童":836,"元的":494,"元，":99,"先生":1956,"全国":552,"八十":27,"公共":110,"公司":1180,"共同":1086,"共和":1609,"关系":2163,"兴趣":311,"其中":160,"其他":1589,"其它":334,"其实":402,"具有":652,"内地":283,"内容":46,"内的":-1185,"内部":19,"军事":291,"军队":293,"准备":204,"几天":-196,"出口":759,"出来":1945,"出现":747,"出，":-1037,"分之":-1539,"分子":-344,"分钟":522,"则是":580,"利文":397,"利用":1724,"别人":1248,"到一":-46,"到我":235,"到，":72,"制度":502,"制造":685,"前的":317,"前，":76,"力量":700,"办公":139,"办法":580,"加工":214,"加强":798,"动力":299,"化工":2129,"化石":1691,"北韩":1268,"十三":122,"十分":163,"十四":55,"十字":-425,"十运":132,"半岛":842,"华人":460,"单位":749,"南斯":328,"南街":1004,"危机":313,"即将":336,"历史":807,"去年":1149,"去，":65,"双方":296,"发展":577,"发生":673,"取得":263,"召开":1238,"可以":1657,"可能":727,"台北":555,"台湾":1228,"合作":1090,"同时":441,"后的":301,"后，":945,"员工":1833,"嗯，":49,"回收":206,"回来":626,"因为":268,"团体":386,"国人":-200,"国内":1430,"国外":839,"国家":2800,"国的":7,"在中":396,"在这":584,"地区":1621,"场所":1775,"场馆":227,"城市":1539,"基地":181,"增加":367,"壮为":-480,"处理":720,"外交":570,"外资":74,"外长":128,"外，":220,"多个":-147,"多了":157,"多人":-441,"多的":1153,"多，":1270,"大使":503,"大利":-296,"大地":208,"大学":1157,"大家":469,"大的":371,"天。":56,"天的":444,"天，":720,"夫人":938,"奥运":406,"女孩":849,"好的":706,"如何":202,"妈妈":1362,"委员":1884,"媒体":218,"存在":1085,"学生":522,"学者":1095,"学院":263,"安全":1009,"完全":10,"完成":133,"宗教":163,"官员":803,"实现":1006,"家。":228,"家的":196,"导演":1379,"导致":809,"小时":882,"就是":534,"展开":234,"岁的":143,"工人":131,"工作":1860,"工具":4,"工时":745,"工程":1527,"工资":158,"市场":1680,"市民":63,"市长":356,"布什":814,"带来":238,"年代":-196,"年前":745,"年底":-28,"年的":885,"年，":744,"并不":283,"应当":228,"应该":1171,"度，":877,"建筑":470,"建设":919,"开发":752,"开放":232,"当中":555,"当时":537,"当选":132,"影响":119,"往往":230,"得到":791,"得很":639,"德国":25,"意义":365,"感觉":190,"成为":1372,"成功":562,"成立":6,"成都":632,"我们":275,"我的":361,"房子":25,"所有":835,"手机":395,"才是":645,"投资":217,"报》":-1304,"报道":583,"拥有":80,"指出":363,"接受":1012,"控制":846,"措施":173,"支持":439,"放在":612,"放，":267,"政府":744,"政治":823,"政策":1345,"政部":-62,"整个":91,"文化":2139,"文明":260,"新的":504,"新闻":1469,"方向":224,"方式":361,"方法":183,"方面":93,"无法":555,"日前":851,"日本":1253,"日电":-121,"时代":282,"时间":211,"时，":1638,"明显":322,"星期":605,"是一":829,"是你":-18,"是十":-111,"是在":186,"是很":271,"是我":209,"是有":-273,"是说":-934,"是这":158,"是，":137,"晶片":857,"曾经":19,"有一":391,"有，":255,"朋友":222,"期间":1074,"本身":33,"机会":417,"机场":466,"机构":1212,"村民":795,"村的":23,"来到":44,"来的":97,"来看":597,"来说":-129,"标准":268,"案的":211,"次的":343,"欢迎":408,"正在":1340,"此，":362,"武装":501,"段时":91,"比较":512,"民国":1039,"民族":296,"水平":452,"江苏":591,"没有":506,"河北":511,"治疗":269,"法》":66,"法国":298,"法律":1032,"法院":279,"法，":-64,"活动":327,"海外":731,"消费":358,"清清":559,"点，":572,"然后":2033,"特别":936,"现代":651,"现在":1289,"现场":33,"理解":123,"甚至":219,"生产":2028,"生命":702,"生活":1508,"生物":986,"用的":393,"由于":5,"电视":128,"电话":222,"疾病":347,"登记":36,"百万":61,"百分":2793,"的事":-1496,"的人":-397,"的会":-222,"的回":-487,"的气":-1083,"的，":1021,"目前":1645,"目的":218,"直接":943,"相当":1020,"真的":650,"知道":650,"研究":1524,"确实":272,"示威":884,"社会":1253,"离开":732,"科技":404,"秘书":302,"积极":505,"程序":22,"立委":313,"立法":1188,"站，":377,"等。":39,"等等":208,"管理":1241,"系统":782,"级，":1684,"组成":172,"经济":2175,"结合":85,"统计":410,"网站":555,"美元":1047,"美国":1113,"老板":349,"者，":750,"联合":1577,"自己":2092,"航天":213,"航空":371,"色情":1115,"节目":375,"范围":334,"获得":18,"营销":148,"行为":701,"行动":892,"行政":1253,"行的":118,"表示":795,"规模":123,"觉得":289,"解决":155,"言，":233,"计画":69,"认为":1437,"议会":1159,"议员":315,"记者":2645,"许多":2107,"设计":41,"访问":1747,"说。":1487,"说，":1215,"说：":1742,"请听":174,"调整":378,"负责":533,"责任":563,"贸易":1732,"资产":1565,"资本":639,"资金":523,"起来":427,"身上":105,"达到":1071,"过去":732,"过，":387,"运会":-2337,"还是":558,"进行":1571,"选举":261,"选手":52,"通过":534,"造成":500,"邀请":219,"部分":372,"部长":587,"部门":1345,"部队":657,"都是":1037,"采访":175,"里的":858,"里面":237,"里，":822,"重大":348,"重要":750,"金融":1290,"针对":1127,"钱，":370,"银行":231,"长，":456,"问题":566,"间，":616,"限制":1412,"除了":141,"集团":725,"零零":-595,"需要":647,"非常":1300,"面临":308,"面对":769,"项目":263,"香港":1827,"高的":556,"高，":141,"－－":1512,"１年":-308,"１１":196,"１２":49,"１９":275,"２０":49,"３０":-330},"TW1":{"个星期":862,"中国人":518,"伊拉克":426,"俄罗斯":657,"共和党":254,"共和国":1058,"动电话":486,"发展中":438,"族情结":252,"是一个":4030,"最后一":839,"百七十":219,"的重要":-569,"知道这":-138,"联合国":1398,"，只要":-700,"１９９":-789,"２００":-1300},"TW2":{"。这个":909,"中国人":-1216,"发言人":-235,"在这个":251,"委员会":-1430,"实际上":-1437,"就是说":-4445,"所有的":211,"星期一":-356,"特别是":-4025,"的就是":725,"第一次":-113,"联合国":-1597,"记者会":-969,"进一步":-2127,"，但是":-1237,"，只是":-9},"TW3":{"一方面":-1203,"一段时":452,"个时候":-200,"为什么":-3937,"副总统":-464,"十年代":-1267,"国公司":-621,"展中国":-2599,"最大的":1018,"来看，":-146,"来说，":-590,"每个人":-44,"那时候":604},"TW4":{"200":43,"下来，":488,"南街村":429,"就是说":-1973,"时候，":-727,"是一个":1,"来说，":701,"的东西":-803},"UW1":{"0":-309,"2":-50,"O":-66,"n":227,"·":-16,"“":480,"”":26,"、":510,"。":145,"《":249,"》":20,"「":475,"」":198,"一":-209,"七":251,"三":-158,"上":90,"下":291,"不":-129,"与":255,"业":193,"两":-210,"个":334,"中":-101,"为":256,"主":-200,"举":-339,"么":418,"之":-440,"九":-346,"也":180,"乡":178,"书":-274,"了":341,"二":-124,"于":344,"亚":-6,"些":246,"产":49,"京":25,"人":6,"什":-21,"仅":-47,"今":-141,"介":-235,"仍":-208,"从":149,"他":92,"令":-398,"以":240,"们":320,"任":-16,"份":133,"企":-274,"众":198,"优":-102,"会":175,"估":-99,"位":167,"低":168,"住":118,"体":198,"何":584,"佛":-101,"作":293,"你":6,"便":85,"俄":294,"保":-278,"倒":71,"值":-265,"偶":-1203,"像":-90,"元":100,"入":166,"全":-27,"公":-408,"六":298,"共":329,"其":-152,"具":-188,"内":20,"再":-6,"军":-164,"况":-706,"刀":148,"分":-187,"刘":864,"则":56,"刚":-58,"创":-333,"利":-42,"到":145,"刻":508,"前":-14,"副":396,"力":140,"加":-251,"动":138,"北":-334,"区":61,"十":331,"千":29,"华":-181,"协":-561,"历":-137,"及":154,"双":-202,"反":159,"发":-371,"取":-112,"受":151,"口":162,"古":-334,"只":25,"可":-19,"台":-322,"叶":355,"司":212,"吃":156,"各":-529,"合":-26,"吉":-205,"同":-109,"后":127,"向":68,"吗":177,"吧":259,"吴":376,"和":423,"品":100,"哥":-174,"啊":-151,"四":-45,"回":303,"团":123,"园":106,"国":246,"图":645,"在":474,"地":79,"场":227,"坡":446,"型":19,"城":-168,"基":-253,"增":128,"士":-170,"壮":28,"处":399,"备":80,"外":-5,"多":137,"够":218,"大":18,"天":99,"太":157,"夫":-43,"头":656,"奋":454,"女":-146,"她":197,"好":135,"如":-40,"始":50,"存":-55,"它":69,"守":113,"安":-178,"宋":273,"完":-443,"定":216,"客":-132,"宣":-447,"容":107,"对":126,"导":-316,"将":527,"小":74,"尔":313,"就":182,"尼":-301,"尽":-203,"展":-169,"属":-268,"山":182,"岁":71,"已":-548,"巴":-186,"市":-53,"布":-115,"席":-366,"常":64,"年":84,"序":343,"府":-20,"度":285,"建":-50,"开":-99,"式":156,"引":-421,"张":801,"强":42,"当":-66,"彭":274,"很":-35,"心":124,"必":-214,"忆":-298,"快":263,"怎":166,"总":-199,"患":-109,"您":36,"情":86,"想":130,"意":212,"愿":-486,"成":141,"我":169,"所":32,"把":267,"报":-3,"拉":-80,"持":273,"指":-339,"捐":71,"换":-218,"据":-4,"推":-607,"提":-309,"支":55,"数":-2,"斯":-197,"新":277,"方":22,"日":-117,"早":-211,"时":204,"明":-4,"星":535,"是":142,"晚":-465,"月":-30,"有":260,"朗":257,"期":34,"木":-77,"未":146,"本":219,"杀":45,"权":17,"李":509,"村":32,"来":42,"杨":260,"果":319,"查":215,"样":354,"梁":178,"森":338,"次":442,"欢":-239,"欣":49,"止":371,"正":-428,"此":136,"步":182,"武":-164,"死":71,"母":-110,"每":84,"毒":130,"民":-304,"水":-200,"求":157,"没":-42,"波":-125,"洲":72,"流":-143,"济":725,"海":-25,"涉":-5,"清":-117,"温":167,"港":344,"湾":68,"满":-68,"点":-86,"烈":42,"然":104,"照":275,"父":-266,"片":149,"特":-548,"王":695,"环":-294,"现":81,"球":-93,"理":50,"瑞":-53,"用":414,"由":239,"申":-286,"电":-271,"画":-41,"界":181,"番":-136,"百":-181,"的":617,"益":22,"目":-17,"相":-222,"省":-65,"看":34,"真":359,"着":443,"知":20,"石":-80,"确":-36,"示":64,"社":-94,"禁":-668,"种":644,"科":-158,"积":-553,"移":-1279,"程":104,"究":-150,"突":-10,"站":233,"竞":-790,"童":-289,"第":449,"等":345,"简":-118,"籍":33,"米":-181,"精":-130,"系":176,"紧":-704,"红":-171,"约":-190,"线":176,"组":-302,"经":-57,"结":-523,"络":89,"统":75,"继":-577,"续":-324,"维":-578,"综":-675,"网":-350,"美":-102,"老":-96,"者":-278,"而":46,"肠":391,"能":217,"自":2,"至":-88,"致":273,"舍":29,"航":-30,"色":-640,"苏":-111,"英":-464,"范":175,"获":-22,"虑":128,"虫":191,"虽":-800,"融":160,"行":6,"被":260,"西":74,"要":365,"规":-28,"视":-184,"解":49,"言":-71,"警":-300,"讲":30,"许":-115,"设":-172,"试":-51,"话":97,"说":-137,"请":101,"读":-77,"调":-125,"责":-228,"购":-168,"赞":-84,"起":34,"越":156,"路":203,"身":-152,"车":212,"过":459,"运":-453,"近":671,"还":-36,"这":-272,"进":-168,"违":-221,"送":-404,"通":-53,"造":-90,"那":-46,"部":-239,"都":122,"里":76,"量":257,"金":-64,"钱":381,"银":-183,"销":-58,"镇":-931,"长":-369,"门":127,"问":-188,"间":80,"际":420,"陈":1074,"雅":-402,"雨":-39,"非":-524,"面":151,"韩":340,"项":82,"预":-126,"领":-285,"额":771,"飞":-122,"香":-451,"马":11,"驻":-41,"验":315,"高":78,"麦":42,"！":157,"（":121,"，":333,"．":223,"／":273,"０":-300,"１":-197,"３":8,"５":202,"７":156,"８":-499,"９":-629,"：":346,"；":184,"Ｙ":158,"［":-761,"ａ":-480,"ｅ":-194,"ｔ":14},"UW2":{"O":-59,"S":-554,"T":-445,"n":-368,"·":-3160,"“":-1116,"”":-845,"○":-953,"、":-929,"。":-952,"《":-1360,"》":-119,"「":-477,"」":-532,"一":451,"万":127,"三":214,"上":-32,"下":38,"不":6,"与":-1162,"专":279,"且":-88,"世":341,"业":-314,"东":189,"丢":307,"两":1014,"严":477,"个":-541,"中":88,"为":-579,"主":678,"举":90,"么":-133,"之":132,"乌":-407,"乎":-379,"九":-1351,"也":-280,"书":1108,"了":-708,"争":319,"二":-158,"于":-935,"互":120,"五":-62,"些":-783,"交":527,"产":36,"享":255,"京":-179,"亲":-142,"人":-268,"亿":-91,"今":495,"介":265,"仍":10,"从":-815,"他":-544,"付":-83,"代":-80,"以":-516,"们":-742,"价":-53,"任":-97,"份":-96,"企":376,"伊":-411,"众":-262,"优":1146,"会":-301,"传":169,"但":-1223,"位":-508,"住":168,"体":-75,"何":-347,"你":-449,"使":-172,"依":295,"便":-241,"促":404,"俗":-127,"保":441,"修":420,"倒":-38,"候":-492,"做":273,"停":1371,"像":-256,"儿":-88,"元":-423,"充":631,"免":-581,"党":-134,"入":-192,"全":351,"八":-105,"公":1231,"六":42,"共":-358,"关":24,"兴":126,"其":178,"具":30,"典":-7,"内":188,"再":-161,"军":242,"冲":537,"况":-13,"几":1375,"出":125,"击":-323,"刀":-720,"分":160,"刘":-181,"则":-149,"创":488,"到":-753,"前":-274,"剩":241,"副":-1041,"力":-478,"加":43,"动":-6,"努":17,"包":972,"北":216,"区":-422,"医":261,"十":273,"千":51,"华":505,"协":235,"单":136,"南":74,"占":-136,"卡":-388,"即":-42,"却":-235,"历":970,"又":-222,"及":-552,"双":653,"反":30,"发":636,"受":-25,"变":160,"口":-153,"古":32,"另":783,"可":34,"台":86,"史":-221,"叶":-401,"号":-77,"各":-26,"合":317,"同":-97,"名":-780,"后":-375,"向":-745,"吨":-289,"吴":-289,"吸":868,"呃":-696,"员":-574,"呢":-190,"和":-1121,"响":-129,"哥":36,"商":-162,"啊":-226,"善":-14,"喜":929,"嗯":-969,"四":-1,"回":132,"园":-60,"国":-450,"在":-1134,"地":103,"场":-603,"坪":68,"型":-865,"城":237,"塔":184,"增":770,"士":-348,"壮":996,"备":-147,"外":265,"够":-487,"大":-55,"天":-284,"太":-143,"夫":-225,"央":-136,"头":-91,"奇":-335,"奋":436,"女":-21,"她":-408,"好":10,"如":-332,"妈":803,"姆":-208,"始":-59,"委":-1163,"媒":681,"子":-214,"字":-86,"学":26,"孩":173,"它":-698,"宋":-908,"完":936,"宏":1140,"宗":539,"官":-351,"定":-281,"实":296,"审":580,"宣":1137,"家":-451,"对":-464,"导":749,"将":-404,"小":42,"尔":-499,"就":-331,"尼":776,"尽":349,"局":-356,"层":-279,"居":-200,"展":131,"属":-480,"岸":178,"川":-443,"州":-64,"工":34,"巨":570,"已":-65,"巴":-178,"带":291,"席":-638,"年":-99,"并":-260,"幸":184,"应":133,"府":-892,"度":-167,"建":743,"开":350,"式":-125,"引":306,"张":-703,"强":568,"当":176,"录":-346,"形":62,"彩":710,"彭":-158,"影":628,"往":-15,"得":-137,"心":-36,"性":-278,"总":-288,"恢":366,"息":-125,"您":-184,"情":263,"想":89,"意":110,"感":500,"我":-495,"或":-1206,"战":5,"所":-339,"才":-215,"打":299,"托":-67,"执":453,"扩":1122,"找":183,"承":520,"技":79,"把":-823,"投":234,"抗":273,"报":441,"抵":943,"拉":533,"拥":114,"括":-162,"拿":549,"持":-100,"指":628,"据":-564,"推":1136,"提":1623,"撤":407,"收":292,"改":829,"政":385,"故":75,"效":12,"整":332,"文":340,"新":-198,"方":-143,"族":-313,"无":-202,"日":127,"旧":-118,"时":-8,"明":179,"易":-465,"星":-558,"昨":102,"是":-635,"晨":-703,"普":164,"晶":279,"最":340,"月":-367,"有":-413,"朗":-150,"望":-157,"朝":294,"期":-135,"术":-360,"机":326,"权":-431,"李":-278,"材":323,"村":-215,"条":286,"来":-189,"杨":-257,"杰":323,"构":-263,"林":-9,"果":-245,"柏":228,"标":178,"根":141,"案":-51,"梁":-26,"检":306,"次":-603,"欢":182,"正":53,"此":-325,"武":92,"每":1130,"比":42,"民":210,"气":57,"水":199,"永":296,"求":-634,"汉":224,"江":368,"汶":1253,"没":-233,"油":59,"法":20,"波":175,"注":333,"泽":151,"洛":-803,"流":42,"济":-735,"消":499,"涉":292,"深":651,"清":436,"渐":158,"温":-401,"港":-263,"游":21,"湾":-209,"源":-270,"滑":75,"满":201,"澳":41,"激":460,"火":147,"点":-89,"热":174,"然":-309,"爆":158,"爱":228,"父":344,"爸":288,"片":-375,"物":-634,"特":632,"狂":521,"独":28,"王":-734,"玩":-1202,"环":270,"现":55,"玻":989,"球":325,"理":-343,"生":141,"用":-578,"由":-240,"电":619,"画":104,"畅":-3,"界":-474,"病":342,"登":241,"百":-550,"的":-1400,"益":796,"目":-251,"直":46,"相":685,"看":-88,"真":189,"着":-810,"知":-81,"研":271,"确":792,"社":-7,"祖":386,"禁":234,"离":-386,"私":58,"种":-980,"称":-21,"移":408,"突":-287,"立":-120,"站":-36,"竞":1038,"第":534,"等":-431,"筑":-195,"答":116,"签":296,"简":719,"类":-300,"精":483,"约":-342,"级":-433,"线":143,"组":243,"绍":-124,"经":333,"结":1092,"给":-303,"络":-2,"统":-744,"继":80,"续":-27,"维":843,"综":538,"编":313,"缩":161,"缺":110,"网":848,"美":84,"老":102,"考":64,"者":-946,"而":-770,"联":213,"肠":-535,"胜":20,"胡":-93,"能":-158,"脑":-47,"自":125,"航":395,"色":-260,"节":672,"苦":-110,"英":382,"茶":800,"荣":-131,"获":220,"萨":-276,"董":-448,"虎":-581,"虑":-45,"虽":157,"融":-470,"行":-119,"表":227,"袁":-492,"被":-854,"西":53,"要":-476,"见":-98,"观":195,"规":673,"解":203,"言":35,"警":237,"认":1070,"让":-333,"讲":28,"许":-76,"论":-79,"设":371,"访":78,"评":62,"试":66,"话":54,"请":-472,"读":-36,"谁":-723,"调":442,"谢":-866,"财":414,"购":86,"资":-41,"赞":117,"赶":430,"超":930,"跟":-234,"车":-15,"轨":-22,"转":207,"辩":366,"过":38,"运":409,"近":-262,"还":-158,"这":682,"进":248,"远":655,"违":855,"追":11,"适":484,"选":639,"通":153,"造":418,"遇":14,"道":-26,"遗":244,"避":-87,"邀":269,"那":341,"部":132,"都":-292,"采":986,"里":-314,"重":343,"量":3,"金":60,"钱":-320,"长":-439,"门":42,"问":-148,"闻":-342,"防":-3,"阿":-650,"际":-908,"陈":-739,"院":-464,"除":-431,"随":91,"集":364,"零":-724,"雷":-234,"震":-168,"青":-85,"静":274,"非":22,"韩":-285,"顺":-169,"须":-77,"颁":256,"预":739,"领":781,"题":-358,"飞":587,"首":1214,"香":776,"马":-229,"鲍":-400,"鲜":-200,"黄":-706,"黎":-197,"！":-886,"（":-621,"）":-258,"，":-759,"．":-1128,"０":383,"１":51,"２":130,"３":324,"４":686,"５":86,"６":742,"９":-208,"：":-844,"；":-412,"？":-621,"［":-86,"ａ":-1223,"ｗ":-825},"UW3":{"0":-191,"2":-341,"8":10,"B":-361,"N":-127,"O":-89,"P":-90,"T":-184,"a":-538,"e":-88,"o":-176,"·":-426,"—":120,"“":-4746,"”":3295,"、":4013,"。":5525,"《":-3958,"》":2466,"「":-4797,"」":3481,"『":-1813,"一":878,"丁":-239,"七":229,"万":487,"丈":-271,"三":1050,"上":803,"下":94,"不":829,"与":2143,"专":-625,"且":2826,"世":-846,"业":1000,"东":-587,"两":2494,"严":-845,"个":1567,"中":183,"临":-46,"为":1573,"主":-834,"举":-474,"么":2503,"之":699,"乎":549,"乐":-258,"九":-135,"也":2210,"乡":467,"买":778,"了":2677,"争":-154,"二":374,"于":2333,"五":696,"些":1869,"交":-633,"亦":741,"享":-413,"京":337,"亲":143,"人":918,"亿":259,"仅":1048,"今":-751,"仍":755,"从":1051,"他":2757,"代":332,"令":572,"以":1057,"们":4453,"件":1819,"价":241,"任":713,"份":183,"企":-1422,"伊":-541,"众":538,"优":-1226,"伙":-5,"会":1563,"传":-498,"伦":-1118,"但":3128,"位":1317,"低":332,"住":-120,"体":256,"何":418,"余":430,"作":-4,"你":3778,"使":728,"依":-1083,"侵":-316,"便":543,"俄":630,"俗":253,"保":-1150,"修":-1397,"倒":-119,"值":670,"做":564,"停":-429,"健":-136,"像":1402,"儿":55,"元":772,"充":-738,"先":605,"克":-328,"免":1174,"党":542,"入":953,"全":612,"八":252,"公":-2892,"六":398,"兰":217,"共":495,"关":-588,"兴":-390,"兵":314,"其":104,"具":-7,"再":1259,"写":391,"冠":-153,"冰":-25,"冲":-264,"况":1534,"准":319,"几":1286,"出":-90,"击":692,"刀":376,"分":-558,"划":4,"列":164,"刘":-262,"则":1197,"创":-892,"利":-288,"别":-990,"到":1709,"刻":51,"前":663,"副":-1614,"力":862,"功":-16,"加":-1369,"务":283,"动":431,"助":554,"励":484,"劳":-736,"勒":-1243,"包":-555,"化":352,"北":-165,"区":1455,"医":-359,"十":-80,"千":-383,"午":1030,"华":-335,"协":-793,"卓":-1268,"单":-511,"南":-793,"卡":-150,"印":-1361,"危":-683,"却":2438,"厂":171,"厅":293,"原":-198,"去":1034,"县":1039,"参":-1733,"又":2884,"及":1066,"双":167,"反":-470,"发":-849,"受":344,"变":-184,"口":777,"古":-515,"句":1871,"另":714,"只":356,"可":629,"台":-51,"号":774,"各":1428,"合":-393,"同":702,"名":595,"后":1108,"向":1622,"吨":557,"听":-40,"启":-121,"吴":-1149,"吸":-1888,"呀":160,"呃":1895,"告":214,"员":1581,"呢":2260,"周":-854,"和":2486,"品":481,"哈":-96,"哥":-478,"售":374,"商":411,"啊":1888,"喜":-276,"嗯":891,"器":916,"四":446,"回":-249,"因":27,"园":525,"国":464,"土":-398,"圣":-536,"在":2673,"地":575,"场":1577,"均":543,"坐":108,"块":342,"坚":-30,"坪":-482,"型":1493,"埃":-104,"域":1161,"培":-42,"基":-1550,"塑":-460,"增":-1096,"士":882,"壮":-670,"处":232,"备":333,"外":-328,"多":1024,"够":1002,"大":-264,"天":165,"太":745,"夫":552,"失":-14,"头":617,"套":49,"奥":-304,"女":773,"她":3222,"好":526,"妈":31,"妹":243,"姓":790,"委":201,"媒":-255,"子":1002,"存":-819,"学":249,"孩":298,"它":2797,"安":-952,"完":-554,"宏":-904,"宗":-987,"官":452,"定":850,"实":-412,"审":-260,"宣":-1509,"室":1098,"宫":161,"家":847,"察":52,"对":1178,"导":-439,"将":1923,"小":78,"少":371,"尔":-423,"尚":544,"尤":-66,"就":1941,"尼":-625,"尽":-571,"局":1062,"届":709,"属":417,"岁":1515,"岛":58,"峰":66,"州":734,"工":-273,"巨":-265,"差":-402,"己":824,"已":1852,"巴":-311,"币":626,"市":444,"布":-520,"师":680,"希":-49,"带":-557,"席":217,"常":767,"幅":207,"干":-96,"平":-551,"年":1566,"并":745,"广":-623,"应":-18,"底":746,"店":144,"府":1641,"度":1467,"庭":1622,"建":-572,"开":-442,"异":-143,"式":947,"引":-711,"张":-267,"强":-198,"归":-271,"当":-240,"形":-19,"影":-645,"往":465,"待":2,"很":2566,"得":970,"微":-238,"德":-380,"必":-341,"快":30,"念":1123,"态":203,"怕":306,"思":-526,"性":734,"总":-756,"恐":-728,"息":474,"您":1992,"惊":-312,"想":733,"意":102,"感":-523,"愿":12,"懂":-25,"成":-3,"我":3002,"或":1062,"战":27,"户":1032,"房":-94,"所":778,"才":1523,"打":-376,"执":-1237,"扩":-1350,"承":-760,"把":1832,"投":-825,"抗":-227,"护":319,"报":-362,"担":-180,"拉":-706,"招":-39,"拥":-676,"括":259,"拿":-504,"持":688,"指":-552,"按":409,"换":341,"据":991,"掉":103,"排":-297,"接":-129,"推":-1331,"提":-1472,"搜":-661,"搞":544,"撤":-331,"操":-693,"收":-259,"改":-1018,"放":-118,"政":-359,"故":-68,"敏":-137,"敢":924,"数":617,"整":-214,"文":-233,"料":1023,"断":560,"斯":-826,"新":582,"方":173,"施":142,"旅":-666,"族":569,"无":-181,"既":489,"日":310,"旦":205,"旧":659,"时":501,"明":-70,"易":73,"映":231,"昨":-662,"是":4375,"显":-127,"晚":-433,"普":-1050,"晶":-344,"暴":-125,"曲":431,"更":1133,"曾":751,"替":253,"最":1034,"月":1390,"有":1253,"朋":-982,"望":1546,"朝":-334,"期":895,"未":812,"本":693,"术":1121,"机":-41,"杀":252,"权":624,"杆":391,"李":-407,"村":1078,"来":922,"杯":321,"杰":-692,"极":396,"构":271,"林":-56,"果":296,"柏":-527,"某":246,"标":-1024,"校":537,"样":808,"核":-581,"根":-182,"格":145,"案":1190,"桥":104,"检":-629,"楼":80,"次":2250,"款":431,"止":1076,"正":269,"此":1304,"步":444,"武":-549,"死":474,"段":387,"每":1344,"比":20,"毫":507,"民":-69,"气":-161,"水":-110,"求":109,"江":-750,"汽":-282,"没":823,"治":-80,"沿":-127,"波":-223,"泽":-1346,"洛":-706,"洲":1214,"活":173,"派":271,"流":-426,"海":-90,"消":-226,"涉":-625,"深":-308,"清":-958,"渐":496,"温":-129,"港":452,"湾":750,"源":546,"溪":14,"演":-277,"漫":-408,"潜":-550,"澳":-286,"激":-466,"火":-871,"灾":200,"点":67,"热":-149,"然":670,"照":78,"爆":-886,"爱":370,"父":-547,"片":1174,"物":507,"特":-1305,"独":-57,"狱":293,"率":1064,"王":-733,"环":-448,"玻":-316,"球":163,"理":230,"琳":-112,"瑜":561,"甘":-227,"用":867,"由":1667,"申":-683,"电":-1007,"画":163,"界":820,"留":-63,"疑":169,"疗":218,"疾":-446,"登":-338,"白":-570,"百":-549,"的":4114,"益":194,"监":-625,"盛":-1113,"目":-1240,"直":570,"相":-927,"省":1003,"看":122,"真":-608,"着":1882,"督":-118,"码":523,"研":-677,"础":98,"示":345,"祖":-461,"票":922,"私":-695,"种":1325,"科":-1183,"秘":-621,"移":-408,"空":-262,"突":-265,"立":121,"站":1190,"竞":-1416,"竟":16,"符":-61,"第":-3974,"等":1254,"签":-791,"简":-1082,"籍":452,"米":-23,"类":592,"精":-1435,"素":79,"繁":-232,"红":-777,"约":944,"级":2421,"纳":-73,"纸":134,"组":-188,"织":729,"经":-644,"结":-893,"给":1138,"络":158,"绝":-186,"统":208,"续":1906,"维":-1596,"综":-540,"缓":-1228,"编":-343,"缩":-627,"网":-604,"罗":-759,"罢":-653,"置":122,"署":959,"美":115,"群":250,"老":-461,"者":2163,"而":1170,"耳":-502,"职":380,"联":-1014,"肠":1990,"股":-6,"育":231,"能":1514,"自":-304,"至":571,"舞":-265,"航":-963,"般":392,"色":244,"苏":-106,"英":-533,"茶":352,"草":-1070,"荣":44,"获":-218,"营":52,"萨":-512,"落":-186,"著":-757,"董":-839,"虑":501,"虫":621,"血":-440,"行":100,"表":-454,"被":1852,"裁":514,"西":-644,"要":2455,"见":587,"观":-357,"规":-868,"言":-153,"警":-880,"认":-828,"让":1987,"记":-172,"讲":747,"论":319,"设":-436,"访":250,"证":-90,"评":-239,"识":263,"词":611,"话":861,"该":3373,"说":1013,"请":1748,"诸":-27,"诺":-329,"谁":1587,"调":-413,"谢":-148,"象":363,"负":-412,"财":-852,"货":-288,"购":-823,"贴":-79,"费":391,"资":-1,"赚":715,"赛":285,"赞":-545,"赵":-440,"赶":-950,"起":321,"超":-656,"越":556,"跑":202,"跟":896,"路":343,"身":-347,"车":390,"转":-542,"轮":-197,"软":-240,"较":928,"辆":567,"辛":-107,"辩":-119,"边":118,"达":769,"过":465,"运":-658,"近":953,"还":1832,"这":2113,"进":-384,"违":-1050,"迪":-303,"迷":-16,"追":-502,"送":204,"适":-778,"选":-107,"透":-500,"逐":-410,"通":-376,"速":68,"遇":-280,"道":304,"那":965,"部":854,"都":2507,"采":-817,"里":215,"重":-725,"量":1247,"金":-262,"针":-178,"钱":509,"铃":-107,"银":-590,"长":848,"门":24,"问":120,"间":908,"闻":126,"队":1075,"阳":-472,"阵":-308,"阶":-409,"阿":-822,"附":-546,"陆":51,"陈":-767,"院":1242,"除":629,"随":-377,"难":15,"雄":460,"集":-617,"零":-1385,"震":-37,"露":1,"青":-678,"靠":141,"面":421,"项":689,"须":1081,"顿":1103,"颁":-23,"预":-985,"领":-725,"题":300,"额":1912,"风":-30,"飞":-270,"馆":494,"首":189,"香":-170,"马":-60,"驻":147,"验":414,"高":-409,"鲍":369,"鹏":377,"麦":-1135,"黄":-905,"龙":851,"！":2038,"＂":949,"％":306,"＆":1442,"（":-4465,"）":1903,"，":5801,"－":-267,"．":1545,"／":1644,"０":-66,"１":-882,"２":-867,"３":446,"４":-22,"５":513,"９":-198,"：":1872,"；":3108,"？":3262,"Ｋ":760,"［":-1978,"］":542,"ａ":-1120,"ｅ":-677,"ｏ":-395,"ｔ":-58,"ｗ":-89},"UW4":{"0":-1421,"1":102,"5":-381,"9":-346,"O":-281,"S":-21,"a":-675,"e":-1011,"n":-607,"o":-586,"s":-275,"·":-760,"—":-248,"“":2736,"”":-6321,"…":-2348,"○":-554,"、":-6114,"。":-7651,"《":2745,"》":-3579,"「":2768,"」":-8088,"『":624,"』":-471,"一":999,"七":-362,"万":-1719,"丈":278,"三":419,"上":744,"下":209,"不":793,"与":2839,"专":602,"且":-1439,"世":10,"业":-2012,"东":24,"丢":121,"两":1753,"严":334,"个":1146,"中":1169,"为":444,"丽":-379,"举":310,"久":-364,"么":-3510,"义":-177,"之":523,"乌":588,"乎":-2677,"乐":-129,"九":-493,"也":3320,"习":-440,"乡":-270,"书":718,"买":361,"了":3261,"予":-359,"争":-384,"事":-190,"于":-1060,"互":412,"五":116,"亚":-775,"些":-925,"亡":-463,"交":67,"亦":390,"京":-368,"亲":-340,"人":-22,"亿":-2355,"仁":-1170,"仅":-607,"今":336,"仍":1477,"从":1274,"他":3484,"付":-416,"代":-79,"令":-423,"以":798,"们":-7089,"价":-356,"任":-475,"份":-1085,"企":2149,"伊":396,"伍":-714,"众":-790,"优":1437,"会":-223,"传":194,"伴":-218,"但":148,"位":155,"住":304,"体":-490,"何":-985,"作":176,"你":3624,"使":794,"例":-400,"依":1202,"便":-9,"俄":1679,"保":563,"信":-226,"修":690,"倍":1723,"倒":71,"候":-60,"借":226,"债":15,"值":-1119,"偏":43,"做":1853,"停":1270,"偷":206,"像":305,"儿":-841,"元":775,"充":40,"先":365,"光":-177,"克":-374,"免":-715,"党":-259,"入":-835,"全":889,"八":-242,"公":1159,"兰":-1328,"共":571,"兵":-491,"其":88,"具":299,"兹":-1050,"兼":828,"内":429,"再":445,"写":365,"军":-122,"冲":926,"决":-92,"况":-1583,"准":-80,"几":281,"出":91,"击":-1277,"分":264,"切":-433,"划":-340,"列":-622,"则":781,"刚":498,"创":1305,"利":-1020,"别":-120,"到":333,"制":-587,"券":-391,"前":692,"剩":786,"副":2264,"力":-1405,"办":199,"加":317,"务":-1984,"动":-1261,"助":-1487,"励":-358,"劲":-334,"劳":372,"劾":-429,"势":-605,"包":1003,"化":-1458,"区":-1256,"医":145,"十":127,"千":-894,"升":-383,"午":-508,"华":-160,"协":638,"单":104,"占":1389,"印":598,"却":1866,"厂":-104,"历":481,"原":1013,"去":395,"县":3,"参":1213,"又":2187,"及":820,"友":-60,"双":338,"反":1195,"发":995,"受":516,"变":441,"口":-1088,"古":834,"句":273,"另":483,"只":1675,"可":961,"台":531,"史":-567,"右":-533,"叶":-37,"号":-438,"吃":1556,"各":382,"合":-119,"吉":-234,"同":2,"名":447,"后":334,"向":522,"吗":1582,"否":-598,"吧":1426,"吨":1017,"听":216,"吴":315,"吸":607,"呀":1648,"呃":512,"告":-524,"员":-2595,"呢":3817,"周":1763,"味":-489,"命":-729,"和":2654,"品":-953,"哈":213,"响":-425,"唐":53,"售":-210,"商":-524,"啊":2829,"啦":50,"善":-640,"嗯":1394,"嘛":1582,"噢":442,"器":-974,"四":23,"回":486,"因":1164,"团":-661,"园":-24,"围":-698,"国":-174,"图":-288,"圈":550,"在":1669,"地":508,"圳":-442,"场":-1516,"均":-164,"块":425,"坡":1197,"坦":-1090,"坪":302,"型":-1148,"埃":407,"域":-1817,"基":977,"堂":-605,"塞":137,"增":615,"墨":519,"士":-1496,"处":-268,"备":-729,"复":-345,"外":336,"多":-41,"大":733,"天":320,"太":704,"头":-1258,"奇":-192,"奖":1159,"套":276,"她":2711,"好":258,"如":-225,"妈":-62,"姆":-710,"始":-441,"姓":77,"委":-1209,"媒":163,"子":-1524,"字":-134,"存":17,"学":-541,"它":2130,"安":403,"宋":393,"完":1034,"宏":-199,"官":-581,"定":-1215,"宜":-422,"实":-131,"审":220,"宣":847,"室":-1489,"宫":-468,"害":-1471,"家":-11,"容":-447,"宾":-1182,"察":-1510,"对":1412,"导":-482,"射":-221,"将":1668,"小":845,"少":-231,"尔":-2461,"尚":114,"就":2006,"尼":-962,"局":-1149,"居":181,"届":1963,"展":-163,"山":-689,"岁":2412,"岛":-45,"川":-1064,"州":-1031,"工":111,"左":601,"己":-162,"已":2334,"巴":197,"币":-2053,"市":-588,"布":196,"师":-482,"希":270,"带":164,"席":-872,"帮":503,"常":-207,"幅":-302,"幕":-695,"干":671,"平":-81,"年":83,"并":1072,"幸":-452,"广":1112,"序":-314,"应":231,"底":-639,"府":-3274,"度":-516,"庭":-1629,"康":-779,"建":180,"开":592,"式":-1484,"引":937,"张":535,"弹":-302,"强":1101,"当":831,"往":-570,"径":-304,"待":-182,"很":2801,"律":-529,"得":200,"微":-281,"德":-383,"心":-667,"必":88,"志":-648,"忙":86,"忠":-73,"快":390,"念":-622,"态":-694,"思":-374,"性":-1596,"总":2633,"恐":643,"恢":120,"息":-934,"您":1613,"情":-201,"想":684,"意":-808,"感":251,"愿":4,"慢":78,"戈":642,"我":2823,"或":1419,"戴":71,"户":-613,"所":376,"手":-10,"才":474,"打":1108,"执":1088,"扩":510,"批":885,"找":826,"承":440,"把":1182,"抓":64,"投":1324,"抗":197,"护":-121,"抵":505,"担":367,"拉":-831,"拍":840,"拔":-305,"择":-92,"拿":9,"持":-911,"指":1043,"按":709,"挥":-14,"掉":-80,"掌":126,"排":232,"推":1256,"提":1600,"搜":458,"搞":213,"撤":335,"操":198,"支":517,"收":377,"改":1088,"攻":327,"政":110,"救":392,"教":142,"数":-129,"整":218,"文":-94,"料":-1533,"断":-434,"斯":-1541,"新":924,"施":-744,"旁":755,"旅":1513,"族":-964,"无":317,"日":-409,"旦":-1877,"早":429,"时":104,"明":-377,"易":-546,"映":-42,"是":1593,"晚":768,"普":644,"景":-92,"智":-167,"更":1634,"曾":1109,"最":2788,"月":-813,"有":1070,"服":-511,"朗":-68,"望":-2142,"期":-794,"未":423,"本":-201,"术":-2419,"机":-66,"杀":-70,"权":-834,"杆":204,"李":1099,"条":441,"来":153,"杯":-1105,"构":-296,"林":-793,"枚":921,"果":-1254,"柏":134,"某":621,"染":-332,"标":190,"栏":813,"树":35,"校":-293,"样":-2092,"核":423,"根":468,"格":-917,"案":-280,"梦":416,"检":124,"棉":247,"楚":-1363,"次":706,"款":-379,"止":-1706,"正":294,"此":-2,"步":-431,"武":201,"死":504,"每":748,"比":464,"民":-210,"气":-76,"求":-353,"汶":327,"汽":482,"没":1049,"法":-246,"泪":-57,"泰":269,"泽":-858,"洋":-118,"洲":-747,"派":-795,"济":-95,"消":144,"涉":160,"深":678,"渡":-413,"港":621,"湖":-179,"湾":-2518,"源":-1339,"满":-227,"演":209,"潮":-558,"澳":1098,"灯":1127,"点":-862,"热":48,"然":-1420,"照":-52,"爆":186,"父":72,"爷":-105,"片":-178,"版":-204,"牌":-775,"牙":-301,"物":-810,"率":-2018,"王":352,"玩":159,"环":925,"玻":146,"班":-223,"球":-17,"理":-730,"瑜":-95,"瑞":-219,"瓦":62,"甘":164,"生":-537,"用":-36,"由":239,"申":433,"电":946,"男":473,"界":-1873,"留":159,"番":82,"疗":-97,"登":178,"白":-42,"百":-1210,"的":3961,"益":-1140,"监":115,"盘":-103,"直":120,"相":257,"省":137,"看":945,"真":684,"眼":182,"着":1237,"睡":385,"短":305,"码":39,"研":159,"破":106,"确":-1395,"示":-827,"社":-42,"祖":139,"禁":-88,"福":-458,"禧":-46,"种":1122,"科":394,"秒":831,"程":-412,"穆":464,"空":70,"立":-624,"站":-851,"竞":900,"童":-475,"第":1919,"等":1921,"策":-550,"签":559,"简":222,"算":-449,"籍":-762,"米":565,"类":39,"精":499,"糟":483,"索":-56,"繁":222,"纠":71,"红":40,"约":-417,"级":-464,"纪":-115,"线":-1022,"组":470,"织":-1157,"经":556,"结":495,"给":698,"络":-445,"统":-423,"绪":-263,"续":-2414,"维":-14,"编":118,"缩":315,"缺":220,"网":471,"罗":-435,"罪":-61,"置":-836,"署":-903,"美":1035,"群":-464,"老":1042,"考":826,"者":-2109,"而":112,"耶":-218,"职":-595,"联":255,"股":330,"肯":824,"育":-1524,"能":823,"脑":-118,"自":166,"至":438,"致":-162,"舍":-788,"色":-1093,"节":-186,"花":409,"苏":488,"英":509,"茶":2631,"荣":511,"药":323,"莱":-758,"获":843,"菜":810,"营":-417,"著":90,"董":378,"藏":-631,"虑":-791,"虫":2014,"虽":1015,"行":-211,"街":-98,"衡":-992,"表":61,"被":2850,"裁":-228,"要":767,"见":-278,"规":346,"视":-332,"角":-659,"言":-296,"警":496,"计":-743,"认":397,"让":1655,"议":-893,"讯":-719,"讲":114,"许":-809,"论":-1674,"设":857,"访":-240,"证":-126,"评":61,"识":-1302,"诗":473,"话":-1005,"该":543,"语":-111,"说":792,"诺":-188,"读":-95,"课":43,"谁":584,"调":130,"象":-207,"财":1100,"责":-481,"败":-552,"质":-1,"购":190,"贴":281,"费":-1642,"资":142,"赚":408,"赛":-378,"走":422,"赶":458,"起":136,"超":1074,"越":335,"足":-377,"跑":245,"距":768,"跟":1646,"跨":897,"路":-44,"跳":504,"身":-170,"车":-183,"转":239,"载":95,"较":336,"辉":-498,"辩":133,"边":7,"达":-56,"过":638,"运":211,"近":-538,"还":1878,"这":3698,"进":104,"违":199,"迪":-128,"迫":-418,"述":-733,"追":568,"送":124,"选":285,"途":-377,"通":373,"速":-942,"道":-916,"遭":725,"那":2148,"郁":-400,"部":-402,"都":1690,"酒":447,"采":714,"里":350,"重":200,"野":-1669,"量":-1932,"钟":-181,"钱":445,"银":1000,"销":-902,"错":-113,"镇":-388,"长":-867,"门":-536,"问":-51,"间":-337,"闻":-1162,"队":-270,"防":-232,"阳":-705,"阶":751,"阿":57,"附":573,"际":-3105,"陆":-542,"陈":2094,"限":-741,"院":-1468,"险":-609,"随":61,"难":129,"集":179,"雨":-145,"雪":-327,"零":-296,"需":903,"震":-251,"露":-181,"青":247,"非":298,"靠":384,"面":-814,"韩":711,"音":172,"项":1547,"须":-22,"顿":-741,"预":521,"领":260,"题":-273,"额":-2015,"风":-74,"飞":180,"馆":-1662,"首":1249,"马":-75,"驻":208,"验":-1052,"高":805,"鲜":-489,"麦":601,"黄":877,"黎":-1331,"默":-123,"！":-3659,"＂":-4485,"％":-1224,"＆":435,"（":2217,"）":-4447,"，":-8009,"－":-935,"．":-4505,"／":1667,"０":-4068,"１":630,"２":458,"３":-223,"５":-774,"６":-155,"９":-563,"：":-5327,"；":-4112,"？":-5180,"Ｋ":-201,"Ｙ":292,"［":100,"］":-1827,"ａ":-1324,"ｃ":-102,"ｅ":-1257,"ｍ":-59,"ｏ":-1181,"ｔ":-471},"UW5":{"1":160,"A":-263,"S":-666,"e":-285,"~":-28,"·":-1325,"“":-264,"”":-930,"、":-1355,"。":-1248,"《":-328,"》":-1016,"「":-4,"」":-1032,"』":-17,"一":-142,"七":-151,"万":-469,"三":-289,"上":-455,"下":-74,"不":-297,"与":-1129,"世":138,"业":918,"东":102,"两":-33,"严":-16,"个":291,"中":-397,"为":-332,"主":-82,"丽":331,"举":-549,"么":1358,"义":-92,"之":-938,"乎":834,"乐":156,"乔":-15,"九":-189,"也":-1053,"习":658,"买":-3,"乱":-427,"了":-805,"争":-24,"事":359,"二":-337,"于":187,"五":-423,"亚":-1050,"些":623,"亡":334,"产":184,"京":1517,"亲":610,"人":-286,"亿":-615,"什":236,"仁":-533,"今":-105,"从":-491,"他":-406,"付":251,"令":75,"以":-249,"们":-216,"件":686,"价":378,"任":285,"份":504,"企":-353,"伊":-263,"众":1373,"优":-121,"会":-250,"伦":281,"伴":188,"但":-498,"位":626,"体":597,"何":639,"作":204,"你":-405,"使":-91,"例":235,"保":-124,"俱":-361,"候":-904,"值":1028,"假":130,"做":-234,"健":-137,"儿":-193,"元":-11,"先":-319,"光":148,"克":-329,"免":102,"党":-452,"入":756,"全":-239,"八":-360,"公":-522,"六":-200,"兰":-302,"共":-320,"关":115,"兵":556,"其":-195,"内":-39,"况":1698,"准":583,"出":219,"击":1060,"刀":332,"划":1054,"列":-639,"则":-188,"刚":-157,"初":-883,"别":392,"到":38,"制":122,"前":-91,"副":-483,"力":448,"加":-81,"务":3521,"动":1159,"助":930,"劲":-244,"劳":-217,"势":439,"化":-764,"北":163,"区":101,"十":-138,"千":52,"午":873,"协":-1052,"卖":586,"南":29,"占":-62,"卡":-50,"厂":-621,"原":-222,"去":-529,"参":-405,"又":-492,"及":-452,"反":-201,"发":-294,"取":314,"口":580,"只":-858,"可":-261,"右":43,"吃":-67,"各":-285,"合":22,"同":-177,"名":408,"后":-365,"吗":-805,"吧":-788,"听":155,"吴":-195,"呀":-1114,"告":671,"员":714,"呢":-1390,"周":-73,"和":-1319,"品":733,"响":1282,"售":834,"唱":183,"商":610,"啊":-789,"善":43,"喜":-61,"嗯":-754,"嘉":58,"器":-102,"四":-397,"回":-244,"因":-378,"团":34,"园":153,"围":58,"国":325,"图":10,"在":-574,"地":-314,"场":586,"坛":164,"坡":-470,"坦":-53,"域":1534,"基":-258,"塔":-210,"境":266,"增":-135,"士":1006,"处":-1,"备":866,"复":-216,"外":-67,"多":-156,"够":1248,"大":-109,"天":441,"夫":-387,"头":522,"奖":-174,"套":67,"奥":-602,"女":447,"她":-403,"好":84,"如":-272,"妈":104,"始":100,"委":586,"子":325,"字":407,"学":360,"它":-473,"安":-41,"官":2,"定":1003,"宜":580,"实":57,"宣":-154,"室":-480,"宫":586,"害":316,"家":116,"容":128,"察":264,"对":-332,"导":1176,"将":-253,"少":201,"尔":-293,"就":-753,"尼":-286,"局":-286,"展":613,"属":625,"山":17,"岁":-1436,"岛":227,"岸":1206,"工":54,"已":-627,"巴":-29,"市":-193,"布":88,"师":114,"帐":97,"帝":-41,"带":-5,"席":513,"常":146,"幅":168,"幕":804,"干":-185,"平":-28,"并":-449,"序":257,"应":-228,"府":687,"度":1281,"庭":1104,"开":-62,"异":-70,"式":778,"张":53,"弹":91,"当":-370,"录":92,"影":111,"往":397,"待":-163,"很":-404,"律":57,"得":438,"志":18,"快":43,"念":578,"态":1027,"思":-145,"性":-464,"总":-689,"息":1846,"您":-301,"情":418,"想":34,"意":275,"感":-96,"愿":374,"成":-137,"我":-617,"或":-1074,"户":301,"所":-745,"扁":-134,"手":324,"才":-131,"打":-834,"托":68,"批":221,"把":-500,"投":-786,"抗":-112,"护":769,"报":77,"抵":-46,"拉":-212,"括":406,"持":559,"指":-785,"换":75,"掉":205,"推":-407,"提":-574,"搜":-14,"撤":-317,"播":225,"改":-301,"放":206,"料":761,"断":257,"斯":-275,"新":-204,"方":476,"施":655,"旅":8,"族":276,"无":-314,"日":-220,"早":-376,"时":-525,"明":369,"易":235,"星":241,"是":-775,"晚":-672,"晶":-339,"曲":93,"更":-485,"曾":-601,"最":-538,"有":-296,"服":192,"望":853,"期":941,"未":-173,"本":531,"术":2300,"机":-52,"李":-410,"村":-139,"束":54,"来":95,"极":78,"构":541,"析":45,"林":201,"果":903,"枪":348,"查":448,"校":1263,"样":142,"格":759,"案":58,"检":-5,"欢":395,"款":964,"止":577,"此":628,"殊":63,"段":402,"每":-408,"比":-131,"民":92,"求":636,"汇":436,"汽":-596,"沙":109,"没":-423,"油":402,"治":517,"法":-5,"泽":552,"测":319,"深":-278,"渐":554,"港":206,"湾":156,"源":919,"演":98,"潮":452,"点":334,"热":-215,"然":153,"片":652,"牌":1374,"物":788,"特":-317,"率":-89,"环":-387,"球":-81,"理":443,"甘":-22,"甚":-647,"用":390,"电":-299,"画":510,"疑":82,"疗":72,"症":-712,"百":98,"的":-1220,"益":1396,"盟":200,"目":23,"相":-262,"省":-149,"看":-483,"真":-142,"知":25,"短":282,"码":43,"研":-324,"示":1663,"社":-278,"神":251,"福":459,"禧":790,"种":840,"科":-399,"程":168,"税":582,"究":399,"空":-362,"立":610,"站":-126,"第":-949,"等":-1102,"签":-342,"算":1260,"管":-160,"精":-465,"糟":-609,"约":738,"级":688,"纸":111,"纽":224,"线":525,"组":-196,"织":1244,"终":-58,"给":-127,"络":881,"绝":-174,"统":306,"绩":328,"续":2217,"缺":-916,"网":-567,"罢":-1112,"置":371,"美":-272,"群":9,"者":-414,"而":-994,"职":212,"育":1133,"胁":149,"自":-91,"舍":99,"航":107,"船":142,"色":444,"英":217,"茶":106,"营":207,"落":-526,"董":-149,"融":898,"行":481,"街":-385,"衡":383,"袖":41,"被":-78,"装":377,"要":-195,"见":150,"观":225,"视":1255,"角":654,"解":-80,"警":110,"认":-260,"让":-52,"议":1120,"讯":764,"讲":-384,"论":270,"设":25,"证":8,"识":1033,"诉":631,"词":-50,"话":509,"说":-808,"请":108,"读":537,"调":-330,"谈":248,"财":-518,"责":369,"败":160,"质":147,"贴":134,"贺":82,"资":317,"起":-211,"越":-473,"跟":-111,"跨":-312,"路":-6,"身":56,"转":-28,"轮":116,"轻":-239,"较":-120,"辉":-216,"达":-77,"运":287,"近":161,"还":-998,"这":-640,"进":-171,"述":131,"追":-349,"选":8,"通":-284,"速":760,"造":301,"遇":12,"道":846,"那":-531,"部":-559,"都":-991,"释":1047,"里":-216,"重":-116,"量":945,"钱":470,"银":-67,"销":735,"镇":306,"长":944,"门":354,"间":411,"闻":-81,"队":460,"防":386,"附":-108,"际":2563,"陈":-390,"险":1173,"难":312,"集":-134,"雪":1030,"零":-468,"需":-51,"震":197,"露":847,"青":-139,"面":849,"顺":-1158,"须":1174,"顿":-42,"领":-17,"题":1726,"额":1072,"风":-228,"香":-57,"马":-75,"验":1118,"高":-238,"鲜":439,"黄":-54,"鼓":-120,"！":-20,"％":-1175,"（":-634,"）":-1427,"，":-1063,"．":-968,"０":335,"１":-199,"２":59,"５":302,"６":44,"７":-231,"９":-36,"：":-368,"；":-1083,"？":-370,"Ｋ":-1349,"］":-312,"ａ":-803,"ｅ":-1579,"ｏ":-1451},"UW6":{"0":186,"e":-346,"“":142,"”":295,"、":305,"。":483,"《":34,"》":651,"「":303,"」":29,"一":206,"七":77,"三":86,"上":303,"不":24,"与":407,"业":-492,"东":73,"两":297,"中":182,"主":-34,"么":-47,"义":-113,"之":690,"乎":-83,"乐":-76,"九":179,"习":-181,"乡":138,"买":-91,"乱":-830,"了":503,"争":-218,"事":-107,"二":12,"于":-310,"五":245,"亚":-50,"些":-97,"产":-200,"京":-234,"人":144,"亿":-574,"仁":75,"从":-139,"他":183,"以":76,"们":-166,"件":-212,"任":-458,"份":-117,"企":879,"伊":271,"伍":94,"众":-452,"优":145,"会":255,"伤":422,"位":-382,"住":46,"体":-276,"作":-66,"你":176,"例":-14,"便":-37,"保":169,"修":417,"倒":1,"候":-103,"值":-227,"假":-27,"偏":211,"做":-51,"健":758,"儿":262,"元":-70,"先":-219,"党":127,"入":-321,"公":339,"六":393,"共":273,"关":347,"内":149,"冒":-146,"写":221,"军":86,"决":-34,"况":-1188,"准":-282,"出":-62,"击":-518,"划":-253,"列":95,"创":113,"制":92,"刻":-409,"前":62,"剧":65,"副":-110,"力":-304,"加":-196,"务":-570,"动":-487,"劳":220,"勒":243,"北":-111,"区":-95,"十":13,"升":-138,"午":-480,"华":66,"协":279,"卖":-257,"卡":74,"厂":820,"厅":542,"历":191,"原":137,"发":13,"口":-206,"古":359,"另":-22,"可":142,"司":-506,"各":19,"同":-26,"名":10,"后":79,"听":-150,"呀":258,"告":-136,"员":-451,"呢":-148,"命":-116,"和":316,"品":-568,"售":-566,"商":416,"啦":347,"嗯":-21,"器":88,"四":64,"团":122,"围":-623,"国":144,"土":99,"地":-8,"场":-360,"坦":-1164,"坪":115,"垃":104,"域":-13,"基":-11,"境":-216,"增":26,"士":-881,"壳":-603,"备":-399,"复":-329,"外":168,"多":141,"够":-474,"大":262,"天":-231,"太":104,"央":-149,"失":128,"头":-106,"女":56,"好":229,"如":149,"妈":-25,"始":-659,"委":-331,"它":251,"守":58,"官":220,"定":-288,"实":-154,"审":34,"宣":176,"家":-386,"密":-168,"察":-775,"寻":-812,"导":-290,"尔":-42,"就":164,"展":-343,"属":-9,"岁":536,"岸":-531,"州":-376,"工":57,"左":90,"已":72,"布":-198,"帮":286,"常":-273,"干":280,"平":354,"年":-133,"幸":-341,"广":162,"应":-6,"底":-220,"府":-260,"度":-1227,"康":-86,"开":-155,"式":-777,"引":32,"张":11,"弹":-310,"强":3,"当":243,"影":-93,"往":-316,"很":318,"律":-306,"德":-179,"心":-303,"志":-369,"忘":21,"态":-725,"怎":12,"怕":-143,"性":186,"总":144,"息":-408,"想":14,"意":-175,"成":-12,"我":125,"或":57,"战":290,"户":-286,"房":79,"所":74,"才":193,"打":367,"技":170,"把":48,"投":81,"抗":90,"护":-425,"报":-349,"拉":295,"括":-398,"持":-122,"挥":76,"换":-13,"据":-230,"排":29,"接":-117,"提":70,"政":24,"效":-214,"教":337,"数":35,"料":-177,"断":-411,"新":31,"施":-629,"旅":65,"无":146,"日":225,"时":236,"明":-267,"易":-279,"星":-77,"昨":-127,"是":143,"显":188,"晶":376,"更":296,"最":140,"月":241,"有":33,"服":232,"术":-324,"机":303,"束":-32,"来":84,"构":-283,"果":-389,"校":-173,"样":-34,"格":-974,"梁":108,"楚":-91,"模":347,"欢":-769,"款":-225,"止":-240,"步":275,"死":354,"毒":53,"比":191,"民":-29,"求":-142,"汉":-48,"油":-124,"治":-238,"波":213,"注":224,"泪":-89,"测":-270,"济":-453,"海":177,"涉":97,"深":610,"湖":-123,"源":-15,"满":368,"澳":143,"火":34,"灾":101,"点":-95,"然":-662,"片":-37,"牌":-73,"物":-292,"特":203,"犯":259,"状":163,"率":495,"王":-329,"现":-204,"玻":65,"班":224,"理":-315,"甚":37,"生":-140,"用":-256,"由":202,"电":258,"画":-93,"界":-267,"疗":-214,"症":-1,"白":-160,"百":-84,"的":506,"益":-31,"目":-270,"直":56,"相":133,"省":116,"着":205,"知":-88,"研":173,"示":-734,"社":282,"科":150,"租":323,"立":-103,"站":111,"笔":-104,"第":261,"等":142,"策":-299,"算":-364,"管":329,"精":185,"级":71,"纪":152,"纷":-470,"线":-121,"组":155,"织":-570,"绝":-475,"统":-167,"续":-260,"网":131,"者":-203,"而":456,"职":-164,"联":89,"肠":274,"肯":-34,"育":-593,"能":50,"脑":1,"自":308,"致":-170,"航":403,"船":-354,"艺":226,"节":-140,"茶":9,"菜":746,"营":-327,"落":-19,"虫":2,"虽":-712,"蛋":340,"融":-173,"行":-133,"袁":57,"被":-76,"见":-259,"规":229,"视":-172,"觉":-378,"言":209,"计":-409,"议":-78,"记":270,"论":-474,"访":240,"证":94,"诉":-28,"词":-454,"话":111,"该":4,"说":-360,"请":-185,"象":-328,"责":-204,"贸":523,"赛":63,"越":321,"跟":337,"路":-88,"轻":7,"较":-248,"边":164,"过":47,"近":-126,"还":208,"这":205,"进":-134,"违":40,"逃":36,"途":182,"通":54,"速":-556,"那":245,"部":243,"都":150,"释":-257,"里":117,"重":147,"量":-326,"金":22,"钟":-443,"银":294,"镇":97,"长":-143,"问":-153,"间":-182,"队":-135,"防":661,"际":-1046,"院":-125,"险":-400,"集":175,"露":-329,"非":87,"面":-335,"须":-350,"顿":161,"题":-358,"额":-349,"风":34,"飞":226,"饭":-42,"首":32,"马":448,"验":-558,"高":48,"黎":-116,"％":268,"（":95,"，":427,"．":118,"０":171,"１":77,"２":-31,"３":-112,"８":378,"９":176,"：":434,"；":250,"？":399,"Ｋ":674,"］":-60,"ｅ":-1147,"ｏ":134}}