# sanitizer=none; frame_us includes dispatch, completion, preparation and content changes; validation excluded
# tasks: 0=movement,1=explosion,2=regenerate,3=nearby_lights; 4096 rows/job; seeded candidate order; caller sleeps 1 us when completion polling makes no progress
backend,workers,frame,live_rows,frame_us,mutation_us,busy_attempts,access_wait_us,admission_order,light_sum,movement_wait_us,explosion_wait_us,regenerate_wait_us,lights_wait_us,content_spawned,content_despawned,enemies_spawned,enemies_despawned,live_enemies
Defold,1,0,1163300,5391,2644,615,1273,0231,22173.078125000,0,1273,0,0,2700,2700,163300,0,403300
Defold,1,1,1155200,4385,427,1736,4411,3102,22173.078125000,2200,1,2209,1,100,100,16600,24700,395200
Defold,1,2,1053000,5138,1495,937,1926,0231,22173.078125000,0,1926,0,0,7800,7800,0,102200,293000
Defold,1,3,1015100,3939,785,1318,2923,1320,22173.078125000,1467,0,1455,1,5200,5200,3000,40900,255100
Defold,1,4,1000000,3227,322,1234,2730,1302,22173.078125000,1360,3,1367,0,2600,2600,0,15100,240000
Defold,1,5,1000000,2248,7,998,1978,3120,22173.078125000,993,1,984,0,100,100,0,0,240000
Defold,1,6,1074500,2985,738,749,1463,3201,22173.078125000,1,1462,0,0,7700,7700,74500,0,314500
Defold,1,7,1000000,5332,1378,634,1624,0231,22173.078125000,3,1619,1,1,5200,5200,0,74500,240000
Defold,1,8,1118800,3846,846,740,1508,3021,22173.078125000,1,1504,1,2,2800,2800,118800,0,358800
Defold,1,9,1082400,4291,646,836,2101,3021,22173.078125000,1,2097,2,1,300,300,12500,48900,322400
Defold,1,10,1000000,3847,1168,860,1760,3021,22173.078125000,1,1753,5,1,7900,7900,0,82400,240000
Defold,1,11,1008500,3069,237,728,1489,3021,22173.078125000,0,1487,1,1,5300,5300,8500,0,248500
Defold,1,12,1000000,3142,200,1200,2788,1320,22173.078125000,1397,1,1389,1,2700,2700,0,8500,240000
Defold,1,13,1000000,2281,18,725,1479,3021,22173.078125000,1,1477,1,0,200,200,0,0,240000
Defold,1,14,1030000,3306,459,732,1490,3201,22173.078125000,2,1486,1,1,7800,7800,30000,0,270000
Defold,1,15,1000000,2985,517,776,1664,0321,22173.078125000,3,1657,3,1,5300,5300,0,30000,240000
Defold,1,16,1120700,3191,818,950,1940,3120,22173.078125000,972,1,965,2,2900,2900,120700,0,360700
Defold,1,17,1106200,3396,515,1022,2055,1320,22173.078125000,1032,0,1022,1,400,400,18000,32500,346200
Defold,1,18,1046700,3950,1074,933,1854,2301,22173.078125000,3,1849,1,1,8000,8000,0,59500,286700
Defold,1,19,1004500,3673,760,1122,2971,3120,22173.078125000,1494,1,1475,1,5500,5500,4500,46700,244500
Defold,1,20,1000000,2543,158,728,1677,1320,22173.078125000,840,1,834,2,2900,2900,0,4500,240000
Defold,1,21,1000000,2370,17,689,1574,3021,22173.078125000,1,1567,5,1,300,300,0,0,240000
Defold,1,22,1031900,2830,462,826,2114,3102,22173.078125000,1054,1,1059,0,7900,7900,31900,0,271900
Defold,1,23,1000000,3101,545,561,1458,2031,22173.078125000,3,1447,1,7,5400,5400,0,31900,240000
Defold,1,24,1122600,3183,820,532,1392,2031,22173.078125000,3,1387,0,2,3000,3000,122600,0,362600
Defold,1,25,1139400,3436,256,992,2082,1302,22173.078125000,1035,1,1044,2,500,500,23500,6700,379400
Defold,1,26,1078000,3961,990,950,1944,3021,22173.078125000,1,1938,4,1,8100,8100,0,61400,318000
Defold,1,27,1055600,3307,627,826,1835,1320,22173.078125000,921,0,911,3,5600,5600,10000,32400,295600
Defold,1,28,1000000,3468,777,849,1671,0321,22173.078125000,1,1662,6,2,3000,3000,0,55600,240000
Defold,1,29,1000000,2311,19,710,1538,3021,22173.078125000,1,1530,6,1,400,400,0,0,240000
Defold,1,30,1033800,3025,487,759,1527,2301,22173.078125000,5,1518,1,3,8100,8100,33800,0,273800
Defold,1,31,1000000,3407,553,1132,2494,1302,22173.078125000,1242,1,1249,2,5500,5500,0,33800,240000
Defold,2,0,1163300,2848,1086,371,768,0231,22173.078125000,1,766,1,0,2700,2700,163300,0,403300
Defold,2,1,1155200,2727,406,1214,2534,3102,22173.078125000,1262,1,1271,0,100,100,16600,24700,395200
Defold,2,2,1053000,3743,1425,521,1029,0231,22173.078125000,1,1028,0,0,7800,7800,0,102200,293000
Defold,2,3,1015100,2708,672,934,1954,1320,22173.078125000,984,1,969,0,5200,5200,3000,40900,255100
Defold,2,4,1000000,2134,273,826,1785,1302,22173.078125000,886,1,897,1,2600,2600,0,15100,240000
Defold,2,5,1000000,1817,8,906,2067,3120,22173.078125000,1036,0,1030,1,100,100,0,0,240000
Defold,2,6,1074500,2558,685,481,1000,3201,22173.078125000,0,999,1,0,7700,7700,74500,0,314500
Defold,2,7,1000000,3040,966,419,908,0231,22173.078125000,3,904,1,0,5200,5200,0,74500,240000
Defold,2,8,1118800,2535,790,458,893,3021,22173.078125000,1,889,1,2,2800,2800,118800,0,358800
Defold,2,9,1082400,2887,656,567,1192,3021,22173.078125000,0,1190,2,0,300,300,12500,48900,322400
Defold,2,10,1000000,3425,1254,598,1185,3021,22173.078125000,0,1182,3,0,7900,7900,0,82400,240000
Defold,2,11,1008500,2028,238,423,919,3021,22173.078125000,0,918,1,0,5300,5300,8500,0,248500
Defold,2,12,1000000,2084,194,842,1735,1320,22173.078125000,871,1,862,1,2700,2700,0,8500,240000
Defold,2,13,1000000,1753,14,460,910,3021,22173.078125000,0,908,2,0,200,200,0,0,240000
Defold,2,14,1030000,2226,412,477,957,3201,22173.078125000,2,953,1,1,7800,7800,30000,0,270000
Defold,2,15,1000000,2449,482,526,1053,0321,22173.078125000,3,1047,2,1,5300,5300,0,30000,240000
Defold,2,16,1120700,2683,791,852,2063,3120,22173.078125000,1035,1,1023,4,2900,2900,120700,0,360700
Defold,2,17,1106200,2798,515,828,2142,1320,22173.078125000,1073,1,1067,1,400,400,18000,32500,346200
Defold,2,18,1046700,3108,931,514,1122,2301,22173.078125000,2,1117,1,2,8000,8000,0,59500,286700
Defold,2,19,1004500,2709,732,968,2200,3120,22173.078125000,1110,2,1087,1,5500,5500,4500,46700,244500
Defold,2,20,1000000,2063,155,824,1783,1320,22173.078125000,896,0,886,1,2900,2900,0,4500,240000
Defold,2,21,1000000,1771,19,422,919,3021,22173.078125000,1,912,5,1,300,300,0,0,240000
Defold,2,22,1031900,2197,429,802,1982,3102,22173.078125000,985,2,995,0,7900,7900,31900,0,271900
Defold,2,23,1000000,2464,546,391,822,2031,22173.078125000,3,816,0,3,5400,5400,0,31900,240000
Defold,2,24,1122600,2646,823,352,789,2031,22173.078125000,3,782,1,3,3000,3000,122600,0,362600
Defold,2,25,1139400,2578,280,958,2117,1302,22173.078125000,1052,1,1061,3,500,500,23500,6700,379400
Defold,2,26,1078000,3345,986,508,1194,3021,22173.078125000,1,1186,6,1,8100,8100,0,61400,318000
Defold,2,27,1055600,2682,612,898,1907,1320,22173.078125000,959,1,944,3,5600,5600,10000,32400,295600
Defold,2,28,1000000,2846,744,563,1171,0321,22173.078125000,1,1163,5,2,3000,3000,0,55600,240000
Defold,2,29,1000000,1846,23,452,978,3021,22173.078125000,1,971,5,1,400,400,0,0,240000
Defold,2,30,1033800,2290,529,416,923,2301,22173.078125000,4,916,1,2,8100,8100,33800,0,273800
Defold,2,31,1000000,2574,599,800,1889,1302,22173.078125000,934,1,951,3,5500,5500,0,33800,240000
Defold,4,0,1163300,1980,962,195,397,0231,22173.078125000,1,395,0,1,2700,2700,163300,0,403300
Defold,4,1,1155200,1726,406,634,1400,3102,22173.078125000,694,0,706,0,100,100,16600,24700,395200
Defold,4,2,1053000,2890,1549,160,557,0231,22173.078125000,1,554,1,1,7800,7800,0,102200,293000
Defold,4,3,1015100,1770,636,512,1020,1320,22173.078125000,517,0,502,1,5200,5200,3000,40900,255100
Defold,4,4,1000000,1357,286,456,939,1302,22173.078125000,462,2,475,0,2600,2600,0,15100,240000
Defold,4,5,1000000,1037,8,472,1143,3120,22173.078125000,576,1,565,1,100,100,0,0,240000
Defold,4,6,1074500,1776,691,292,590,3201,22173.078125000,1,588,1,0,7700,7700,74500,0,314500
Defold,4,7,1000000,2144,995,202,493,0231,22173.078125000,2,489,1,1,5200,5200,0,74500,240000
Defold,4,8,1118800,1833,753,263,593,3021,22173.078125000,1,589,1,2,2800,2800,118800,0,358800
Defold,4,9,1082400,1909,646,287,666,3021,22173.078125000,0,663,2,1,300,300,12500,48900,322400
Defold,4,10,1000000,2369,1179,235,642,3021,22173.078125000,1,638,2,1,7900,7900,0,82400,240000
Defold,4,11,1008500,1303,216,247,620,3021,22173.078125000,0,618,2,0,5300,5300,8500,0,248500
Defold,4,12,1000000,1286,192,486,918,1320,22173.078125000,470,0,447,1,2700,2700,0,8500,240000
Defold,4,13,1000000,1120,14,171,624,3021,22173.078125000,1,621,2,0,200,200,0,0,240000
Defold,4,14,1030000,1495,409,256,595,3201,22173.078125000,2,592,1,0,7800,7800,30000,0,270000
Defold,4,15,1000000,2149,964,193,696,0321,22173.078125000,1,692,2,1,5300,5300,0,30000,240000
Defold,4,16,1120700,1956,931,532,1131,3120,22173.078125000,570,1,557,3,2900,2900,120700,0,360700
Defold,4,17,1106200,1756,512,332,1114,1320,22173.078125000,564,1,547,2,400,400,18000,32500,346200
Defold,4,18,1046700,2158,941,248,620,2301,22173.078125000,2,617,0,1,8000,8000,0,59500,286700
Defold,4,19,1004500,1844,740,562,1221,3120,22173.078125000,616,2,603,0,5500,5500,4500,46700,244500
Defold,4,20,1000000,1187,153,450,890,1320,22173.078125000,455,1,432,2,2900,2900,0,4500,240000
Defold,4,21,1000000,1075,19,151,594,3021,22173.078125000,1,587,6,0,300,300,0,0,240000
Defold,4,22,1031900,1486,441,486,1124,3102,22173.078125000,553,2,568,1,7900,7900,31900,0,271900
Defold,4,23,1000000,1588,515,202,454,2031,22173.078125000,3,449,0,2,5400,5400,0,31900,240000
Defold,4,24,1122600,1887,853,84,459,2031,22173.078125000,3,453,1,2,3000,3000,122600,0,362600
Defold,4,25,1139400,1522,262,510,1148,1302,22173.078125000,558,1,586,3,500,500,23500,6700,379400
Defold,4,26,1078000,2305,978,313,698,3021,22173.078125000,2,690,6,0,8100,8100,0,61400,318000
Defold,4,27,1055600,1792,617,498,1043,1320,22173.078125000,536,1,503,3,5600,5600,10000,32400,295600
Defold,4,28,1000000,1958,737,323,712,0321,22173.078125000,0,705,5,2,3000,3000,0,55600,240000
Defold,4,29,1000000,1107,27,257,629,3021,22173.078125000,2,622,5,0,400,400,0,0,240000
Defold,4,30,1033800,1588,555,197,515,2301,22173.078125000,4,507,1,3,8100,8100,33800,0,273800
Defold,4,31,1000000,1646,529,450,1008,1302,22173.078125000,488,1,516,3,5500,5500,0,33800,240000
Defold,8,0,1163300,2432,1245,1,214,0231,22173.078125000,1,210,1,2,2700,2700,163300,0,403300
Defold,8,1,1155200,1607,405,68,949,3102,22173.078125000,376,0,573,0,100,100,16600,24700,395200
Defold,8,2,1053000,2671,1450,4,261,0231,22173.078125000,1,257,1,2,7800,7800,0,102200,293000
Defold,8,3,1015100,1664,647,46,793,1320,22173.078125000,466,0,327,0,5200,5200,3000,40900,255100
Defold,8,4,1000000,1276,283,78,1016,1302,22173.078125000,374,2,640,0,2600,2600,0,15100,240000
Defold,8,5,1000000,984,10,36,592,3120,22173.078125000,327,0,265,0,100,100,0,0,240000
Defold,8,6,1074500,1619,709,18,314,3201,22173.078125000,2,310,1,1,7700,7700,74500,0,314500
Defold,8,7,1000000,2050,972,2,189,0231,22173.078125000,1,187,1,0,5200,5200,0,74500,240000
Defold,8,8,1118800,1879,766,7,129,3021,22173.078125000,0,126,1,2,2800,2800,118800,0,358800
Defold,8,9,1082400,1856,669,23,612,3021,22173.078125000,1,609,1,1,300,300,12500,48900,322400
Defold,8,10,1000000,2394,1210,39,698,3021,22173.078125000,1,693,3,1,7900,7900,0,82400,240000
Defold,8,11,1008500,1256,225,55,671,3021,22173.078125000,1,667,2,1,5300,5300,8500,0,248500
Defold,8,12,1000000,1262,187,62,1294,1320,22173.078125000,861,0,432,1,2700,2700,0,8500,240000
Defold,8,13,1000000,1079,11,4,370,3021,22173.078125000,3,364,2,1,200,200,0,0,240000
Defold,8,14,1030000,1504,415,19,376,3201,22173.078125000,2,372,1,1,7800,7800,30000,0,270000
Defold,8,15,1000000,1568,502,23,663,0321,22173.078125000,2,658,3,0,5300,5300,0,30000,240000
Defold,8,16,1120700,1814,799,54,787,3120,22173.078125000,450,6,328,3,2900,2900,120700,0,360700
Defold,8,17,1106200,1707,545,86,1123,1320,22173.078125000,605,1,516,1,400,400,18000,32500,346200
Defold,8,18,1046700,2068,920,23,635,2301,22173.078125000,2,631,1,1,8000,8000,0,59500,286700
Defold,8,19,1004500,1857,776,38,1035,3120,22173.078125000,596,2,437,0,5500,5500,4500,46700,244500
Defold,8,20,1000000,1096,149,4,406,1320,22173.078125000,213,0,174,19,2900,2900,0,4500,240000
Defold,8,21,1000000,927,19,28,161,3021,22173.078125000,1,154,6,0,300,300,0,0,240000
Defold,8,22,1031900,1433,421,56,845,3102,22173.078125000,362,2,480,1,7900,7900,31900,0,271900
Defold,8,23,1000000,1589,574,13,405,2031,22173.078125000,3,399,1,2,5400,5400,0,31900,240000
Defold,8,24,1122600,1789,834,2,333,2031,22173.078125000,3,327,0,3,3000,3000,122600,0,362600
Defold,8,25,1139400,2076,868,14,681,1302,22173.078125000,315,1,348,17,500,500,23500,6700,379400
Defold,8,26,1078000,2321,1133,13,244,3021,22173.078125000,2,235,6,1,8100,8100,0,61400,318000
Defold,8,27,1055600,1828,739,46,831,1320,22173.078125000,467,1,357,6,5600,5600,10000,32400,295600
Defold,8,28,1000000,1989,777,23,646,0321,22173.078125000,1,638,5,2,3000,3000,0,55600,240000
Defold,8,29,1000000,970,22,4,551,3021,22173.078125000,2,543,5,1,400,400,0,0,240000
Defold,8,30,1033800,1601,600,29,592,2301,22173.078125000,5,584,1,2,8100,8100,33800,0,273800
Defold,8,31,1000000,1536,602,72,942,1302,22173.078125000,403,1,535,3,5500,5500,0,33800,240000
