case,mode,repeat,seconds,ups,p99_ms,live_mib,wasm_mib,growth_mib,replay_signature,replay
bunny30k,direct,1,30.000005960464,80.433317352669,13.7,59.0238037109375,66.5,-1.1788253784179688,,False
bunny30k,current,1,30.009819984436,82.373036602087,14.25,75.04795837402344,95.8125,-3.0774002075195312,,False
bunny30k,deferred,1,30.007275819778,119.67097651807,9.3,70.84485626220703,79.8125,-3.5499343872070312,,False
bunny30k,paced,1,30.005873918533,83.017078814739,13.15,75.0398941040039,95.8125,-3.0726089477539062,,False
bunny30k,combined,1,30.00768995285,117.90311102118,14.3,70.72773742675781,79.8125,-3.4507827758789062,,False
bunny30k,current,2,30.002300977707,82.926972896135,13.15,75.04048156738281,95.8125,-3.0494232177734375,,False
bunny30k,deferred,2,30.008040189743,119.10141340125,10.4,70.84369659423828,79.8125,-3.3180007934570312,,False
bunny30k,paced,2,30.007010221481,82.913958492902,13.15,75.04043579101562,95.8125,-3.050018310546875,,False
bunny30k,combined,2,30.007634878159,118.03662682453,15,70.80218505859375,79.8125,-3.4762191772460938,,False
bunny30k,direct,2,30.003025054932,80.291903752686,13.8,59.02330017089844,66.5,-1.1800765991210938,,False
bunny30k,deferred,3,30.008283853531,119.23374283795,10.15,70.845703125,79.8125,-3.4205703735351562,,False
bunny30k,paced,3,30.001435041428,82.962698169706,13.35,75.15565490722656,95.8125,-3.0612564086914062,,False
bunny30k,combined,3,30.000874996185,119.6631765059,9.85,70.84464263916016,79.8125,-3.3873367309570312,,False
bunny30k,direct,3,30.004554986954,80.221153123137,14.55,59.02405548095703,66.5,-1.1789474487304688,,False
bunny30k,current,3,30.01093506813,82.569903082809,13.95,75.04086303710938,95.8125,-3.049835205078125,,False
geometry1000,direct,1,30.001079082489,66.397611716663,16.55,34.36512756347656,46.125,0.129119873046875,,False
geometry1000,current,1,30.003244876862,83.890926142495,15.45,46.12225341796875,55.375,0.22565460205078125,,False
geometry1000,combined,1,30.00933098793,84.706986670992,15.05,46.12640380859375,55.375,0.22689056396484375,,False
geometry1000,current,2,30.007676124573,82.878793735162,16.35,46.12085723876953,55.375,0.22466278076171875,,False
geometry1000,combined,2,30.009696006775,84.672633785639,14.95,46.12689208984375,55.375,0.22736358642578125,,False
geometry1000,direct,2,30.006808996201,68.484456319904,16.2,34.369712829589844,46.125,0.132354736328125,,False
geometry1000,combined,3,30.010204076767,83.77150630396,15.35,46.12457275390625,55.375,0.2255706787109375,,False
geometry1000,direct,3,30.01388001442,67.502102328211,16.25,34.36744689941406,46.125,0.13083648681640625,,False
geometry1000,current,3,30.003283977509,84.790718306272,15.4,46.1256103515625,55.375,0.22669219970703125,,False
gameplay_long,direct,1,120.00300002098,119.99700005402,12.05,15.708999633789062,32.0,0.7884063720703125,4cea29c91ba4ea4bc98ddb0cabab23403cd3bd485983bccb0ee1b520685a6df4,True
gameplay_long,current,1,119.99899983406,120.00100017428,14,21.130416870117188,32.0,0.375579833984375,4cea29c91ba4ea4bc98ddb0cabab23403cd3bd485983bccb0ee1b520685a6df4,True
gameplay_long,deferred,1,120.0070002079,119.99300020043,14,21.108802795410156,32.0,0.23989105224609375,4cea29c91ba4ea4bc98ddb0cabab23403cd3bd485983bccb0ee1b520685a6df4,True
gameplay_long,paced,1,120.02699995041,119.9730061232,14,21.092208862304688,32.0,0.32384490966796875,4cea29c91ba4ea4bc98ddb0cabab23403cd3bd485983bccb0ee1b520685a6df4,True
gameplay_long,combined,1,120.0039999485,119.99600018482,14,21.173690795898438,32.0,0.29079437255859375,4cea29c91ba4ea4bc98ddb0cabab23403cd3bd485983bccb0ee1b520685a6df4,True
gameplay_long,current,2,119.99900007248,120.00099993585,14,21.095436096191406,32.0,0.315185546875,4cea29c91ba4ea4bc98ddb0cabab23403cd3bd485983bccb0ee1b520685a6df4,True
gameplay_long,deferred,2,120,120,14,21.017349243164062,32.0,0.16094970703125,4cea29c91ba4ea4bc98ddb0cabab23403cd3bd485983bccb0ee1b520685a6df4,True
gameplay_long,paced,2,120.04999995232,119.9500208723,14,21.10907745361328,32.0,0.5539093017578125,4cea29c91ba4ea4bc98ddb0cabab23403cd3bd485983bccb0ee1b520685a6df4,True
gameplay_long,combined,2,119.9960000515,120.00400008184,14,21.22808837890625,32.0,0.42064666748046875,4cea29c91ba4ea4bc98ddb0cabab23403cd3bd485983bccb0ee1b520685a6df4,True
gameplay_long,direct,2,120,120,12.05,15.740951538085938,32.0,0.7998123168945312,4cea29c91ba4ea4bc98ddb0cabab23403cd3bd485983bccb0ee1b520685a6df4,True
gameplay_long,deferred,3,120.01399993896,119.98600169416,14,21.07746124267578,32.0,0.2657012939453125,4cea29c91ba4ea4bc98ddb0cabab23403cd3bd485983bccb0ee1b520685a6df4,True
gameplay_long,paced,3,120.02800011635,119.97200641552,14,21.07921600341797,32.0,0.3062896728515625,4cea29c91ba4ea4bc98ddb0cabab23403cd3bd485983bccb0ee1b520685a6df4,True
gameplay_long,combined,3,119.99799990654,120.0020001268,14,21.139678955078125,32.0,0.28632354736328125,4cea29c91ba4ea4bc98ddb0cabab23403cd3bd485983bccb0ee1b520685a6df4,True
gameplay_long,direct,3,120.00699996948,119.99300043882,12.05,15.727943420410156,32.0,0.6231765747070312,4cea29c91ba4ea4bc98ddb0cabab23403cd3bd485983bccb0ee1b520685a6df4,True
gameplay_long,current,3,120.00300002098,119.99700005402,13.05,21.006248474121094,32.0,0.16521453857421875,4cea29c91ba4ea4bc98ddb0cabab23403cd3bd485983bccb0ee1b520685a6df4,True
