case,mode,repeat,ups,p99_ms,allocator_peak_mib,wasm_peak_mib,browser_rss_peak_mib,frame_capacity_mib,preparation_overlaps,simulation_overlaps,consumed_frames
bunny30k,direct,1,77.055596009376,14.75,59.019317626953125,79.8125,1059.265625,0.0,0,0,0
bunny30k,serialized,1,59.999806683112,17.7,64.02751922607422,79.8125,1066.765625,0.0,0,0,0
bunny30k,barrier,1,59.969416003515,17.75,75.0231704711914,95.8125,1015.484375,11.007354736328125,0,0,844
bunny30k,overlap,1,59.933309378259,18.35,75.02357482910156,95.8125,1070.15625,11.007354736328125,0,0,844
render50k,direct,1,51.194229166138,20.95,65.7894058227539,95.8125,1090.15625,0.0,0,0,0
render50k,serialized,1,40.979196634907,26.05,70.791748046875,95.8125,1089.171875,0.0,0,0,0
render50k,barrier,1,40.004099855079,26.05,82.79769897460938,115.0,1111.65625,11.739776611328125,0,0,564
render50k,overlap,1,39.980969268692,26.1,82.76073455810547,115.0,1089.671875,11.739776611328125,0,0,562
balanced,direct,1,63.715518384236,19,49.565040588378906,66.5,1027.53125,0.0,0,0,0
balanced,serialized,1,55.407712940979,25.1,54.69214630126953,66.5,1035.609375,0.0,0,0,0
balanced,barrier,1,57.206656314477,25.9,57.495361328125,66.5,1041.859375,2.950714111328125,0,0,805
balanced,overlap,1,56.238846947436,25.85,57.130577087402344,66.5,1028.140625,2.950714111328125,0,0,788
geometry200,direct,1,119.99459883513,9.35,23.784156799316406,32.0,1018.375,0.0,0,0,0
geometry200,serialized,1,119.99842834837,10.4,28.816551208496094,38.4375,1024.625,0.0,0,0,0
geometry200,barrier,1,119.9695588106,10.3,30.257781982421875,38.4375,1012.59375,1.375244140625,0,1645,1683
geometry200,overlap,1,120.00082644577,10.3,30.2579345703125,38.4375,1028.375,1.375244140625,1671,1672,1683
geometry1000,direct,1,64.646565107454,17.7,34.25914001464844,46.125,1048.890625,0.0,0,0,0
geometry1000,serialized,1,59.999936103889,18.25,39.28986358642578,46.125,1047.84375,0.0,0,0,0
geometry1000,barrier,1,67.8299984284,18.75,45.918724060058594,55.375,1062.765625,6.44091796875,0,942,955
geometry1000,overlap,1,83.222115439606,14.3,45.93848419189453,55.375,1053.71875,6.44091796875,1161,1163,1170
bunny30k,serialized,2,59.998120366808,18.4,64.02769470214844,79.8125,1056.21875,0.0,0,0,0
bunny30k,barrier,2,59.997279290552,19.4,75.02375030517578,95.8125,1067.25,11.007354736328125,0,0,842
bunny30k,overlap,2,59.999779702042,19.5,75.02347564697266,95.8125,1066.140625,11.007354736328125,0,0,845
bunny30k,direct,2,77.932367146073,14.45,59.019142150878906,79.8125,1056.015625,0.0,0,0,0
render50k,serialized,2,41.466147357157,26.55,70.792236328125,95.8125,1091.1875,0.0,0,0,0
render50k,barrier,2,40.407278502328,32.2,82.79877471923828,115.0,1104.171875,11.739776611328125,0,0,568
render50k,overlap,2,40.444708151165,27.45,82.60431671142578,115.0,1104.625,11.739776611328125,0,0,570
render50k,direct,2,50.923468284107,21.4,65.78934478759766,95.8125,1082.125,0.0,0,0,0
balanced,serialized,2,53.143384562329,26.2,53.26366424560547,66.5,1030.890625,0.0,0,0,0
balanced,barrier,2,55.767391160551,26.25,57.613243103027344,66.5,1043.53125,2.950714111328125,0,0,785
balanced,overlap,2,55.67563521995,26.25,57.63807678222656,66.5,1038.65625,2.950714111328125,0,0,782
balanced,direct,2,63.952948028908,19.35,49.454078674316406,66.5,1026.265625,0.0,0,0,0
geometry200,serialized,2,119.92057399237,10.4,28.817100524902344,38.4375,1028.71875,0.0,0,0,0
geometry200,barrier,2,120.00114670768,10.15,30.258026123046875,38.4375,1022.828125,1.375244140625,0,1679,1686
geometry200,overlap,2,119.98772174593,10.35,30.257591247558594,38.4375,1018.5625,1.375244140625,1622,1657,1684
geometry200,direct,2,119.99995994569,10.35,23.785011291503906,32.0,1034.03125,0.0,0,0,0
geometry1000,serialized,2,60.033868469762,18.65,39.289794921875,46.125,1044.359375,0.0,0,0,0
geometry1000,barrier,2,65.895575213648,18.4,45.915863037109375,55.375,1048.4375,6.44091796875,0,913,925
geometry1000,overlap,2,82.920840094197,14.9,45.93897247314453,55.375,1054.28125,6.44091796875,1159,1159,1166
geometry1000,direct,2,65.56531574188,16.85,34.25968933105469,46.125,1043.671875,0.0,0,0,0
bunny30k,barrier,3,59.500564526553,24.7,75.02361297607422,95.8125,1067.921875,11.007354736328125,0,0,835
bunny30k,overlap,3,60.000809797913,18.8,75.0234146118164,95.8125,1073.890625,11.007354736328125,0,0,845
bunny30k,direct,3,77.664020035125,14.6,59.01930236816406,79.8125,1047.9375,0.0,0,0,0
bunny30k,serialized,3,60.000026736764,18.3,64.0273666381836,79.8125,1002.125,0.0,0,0,0
render50k,barrier,3,40.29588220723,27.2,82.7425537109375,115.0,1103.90625,11.739776611328125,0,0,568
render50k,overlap,3,40.219676791151,27.55,82.77449798583984,115.0,1098.65625,11.739776611328125,0,0,568
render50k,direct,3,51.250416142915,20.95,65.7892837524414,95.8125,1083.59375,0.0,0,0,0
render50k,serialized,3,41.755738541233,26.45,70.79302978515625,95.8125,1091.140625,0.0,0,0,0
balanced,barrier,3,55.311728947526,27,57.11073303222656,66.5,1029.34375,2.950714111328125,0,0,780
balanced,overlap,3,56.075986846388,26.55,56.15771484375,66.5,1041.484375,2.950714111328125,0,0,789
balanced,direct,3,63.998511794046,19.25,49.466712951660156,66.5,1027.28125,0.0,0,0,0
balanced,serialized,3,53.906002717421,25.6,54.16166687011719,66.5,1027.734375,0.0,0,0,0
geometry200,barrier,3,120.00051571709,9.95,30.263755798339844,38.4375,1028.015625,1.375244140625,0,1677,1684
geometry200,overlap,3,120.00070634799,10.05,30.257530212402344,38.4375,1023.703125,1.375244140625,1664,1677,1684
geometry200,direct,3,120.0112301132,10.2,23.785621643066406,32.0,1008.109375,0.0,0,0,0
geometry200,serialized,3,120.0012248671,10.2,28.816795349121094,38.4375,1028.84375,0.0,0,0,0
geometry1000,barrier,3,67.563015393414,18.9,45.94581604003906,55.375,1055.734375,6.44091796875,0,942,951
geometry1000,overlap,3,83.03965136871,14.4,45.93781280517578,55.375,1036.3125,6.44091796875,1161,1160,1168
geometry1000,direct,3,66.16241498452,16.8,34.26099395751953,46.125,1037.546875,0.0,0,0,0
geometry1000,serialized,3,59.999870508031,18.65,39.289794921875,46.125,1038.265625,0.0,0,0,0
