# packed_rows=0; packed mode repeats prototype values and groups owners; sources built/validated outside timing
# Flecs 4.1.6; seed=305419896; samples=7; one warmup; read_passes=5; damage=25; explosion_radius=50
# Data: inline Light + dense rows per resource table + pooled registrations + shared defaults/reset; Flecs: inline Light, mutable components; no serialization or disk I/O
# Type percentages: SpotLight=10,PointLight=15,Player=1,Enemy=24,Pickup=25,Breakable=25; dense owners are per row; packed owners are per group
# measurement=memory; requested payload bytes; backend-owned C++ new/delete and Flecs OS allocation hooks; no timing results
# fixtures and shared resource buffers/handles are separate; allocator/tracker overhead, libc/platform internals and RSS are excluded
backend,operation,rows,sample,operations,hits,batches,checksum,before_bytes,live_bytes,peak_bytes,live_blocks,peak_blocks,allocations,reallocations,frees,allocated_bytes,total_allocations,total_reallocations,total_frees,total_allocated_bytes,fixture_bytes,fixture_blocks,shared_bytes,shared_blocks
flecs_rows,setup_individual,1000000,1,1,0,0,0.000000000,0,292534,292854,354,355,275,145,28,299282,275,145,28,299282,393748000,52,0,0
flecs_rows,create_individual,1000000,1,1000000,0,0,0.000000000,292534,96503214,96503214,1540,1540,1092,505,12,176163848,1367,650,40,176463130,393748000,52,0,0
flecs_rows,destroy_individual,1000000,1,1,0,0,0.000000000,96503214,0,121843790,0,5493,3973,14,5513,34441904,5340,664,5553,210905034,384948000,51,0,0
flecs_rows,setup_bulk,1000000,1,1,0,0,0.000000000,0,292534,292854,354,355,275,145,28,299282,275,145,28,299282,393748000,52,0,0
flecs_rows,create_bulk,1000000,1,1000000,0,0,0.000000000,292534,96475726,96475726,1449,1449,1075,29,4,103757208,1350,174,32,104056490,393748000,52,0,0
flecs_rows,create_queries,1000000,1,5,0,0,0.000000000,96475726,96604036,96604036,1495,1495,46,7,3,128550,1396,181,35,104185040,393748000,52,0,0
flecs_rows,spot_color,1000000,1,500000,0,5,747606.289062500,96604036,96604036,96604036,1495,1495,0,0,0,0,1396,181,35,104185040,393748000,52,0,0
flecs_rows,all_light_color,1000000,1,1250000,0,10,1868922.539062500,96604036,96604036,96604036,1495,1495,0,0,0,0,1396,181,35,104185040,393748000,52,0,0
flecs_rows,health_position,1000000,1,2500000,0,15,371020340.000000000,96604036,96604036,96604036,1495,1495,0,0,0,0,1396,181,35,104185040,393748000,52,0,0
flecs_rows,enemy_health_position,1000000,1,1200000,0,5,178365505.000000000,96604036,96604036,96604036,1495,1495,0,0,0,0,1396,181,35,104185040,393748000,52,0,0
flecs_rows,explosion_r50_first,1000000,1,500000,125290,3,71071818.000000000,96604036,96604036,96604036,1495,1495,0,0,0,0,1396,181,35,104185040,393748000,52,0,0
flecs_rows,shuffled_position,1000000,1,1000000,0,0,-453538.000000000,96604036,96604036,96604036,1495,1495,0,0,0,0,1396,181,35,104185040,393748000,52,0,0
flecs_rows,add_10pct_live_queries_batch100,1000000,1,100000,0,0,0.000000000,96604036,146722708,146722708,1596,1596,103,13,2,98623504,1499,194,37,202808544,393748000,52,0,0
flecs_rows,all_light_after_add,1000000,1,1375000,0,10,2055966.582031250,146722708,146722708,146722708,1596,1596,0,0,0,0,1499,194,37,202808544,393748000,52,0,0
flecs_rows,health_after_add,1000000,1,2750000,0,15,408175930.000000000,146722708,146722708,146722708,1596,1596,0,0,0,0,1499,194,37,202808544,393748000,52,0,0
flecs_rows,remove_1pct,1000000,1,10000,0,0,0.000000000,146722708,146722708,146722708,1596,1596,0,0,0,0,1499,194,37,202808544,393748000,52,0,0
flecs_rows,replace_1pct,1000000,1,10000,0,0,0.000000000,146722708,146725572,146725572,1678,1678,0,82,0,2864,1499,276,37,202811408,393748000,52,0,0
flecs_rows,health_after_churn,1000000,1,2750000,0,15,408175930.000000000,146725572,146725572,146725572,1678,1678,0,0,0,0,1499,276,37,202811408,393748000,52,0,0
flecs_rows,destroy_queries,1000000,1,5,0,0,0.000000000,146725572,146642532,146725572,1648,1678,0,0,30,0,1499,276,67,202811408,393748000,52,0,0
flecs_rows,destroy_bulk,1000000,1,1,0,0,0.000000000,146642532,0,190326980,0,5993,4366,13,6014,53843712,5865,289,6081,256655120,384948000,51,0,0
flecs_columns,setup_individual,1000000,1,1,0,0,0.000000000,0,293078,293398,356,357,277,147,28,299954,277,147,28,299954,393748000,52,0,0
flecs_columns,create_individual,1000000,1,1000000,0,0,0.000000000,293078,92962612,92962612,1694,1694,1142,799,12,168821662,1419,946,40,169121616,393748000,52,0,0
flecs_columns,destroy_individual,1000000,1,1,0,0,0.000000000,92962612,0,118303188,0,5647,3973,14,5667,34441904,5392,960,5707,203563520,384948000,51,0,0
flecs_columns,setup_bulk,1000000,1,1,0,0,0.000000000,0,293078,293398,356,357,277,147,28,299954,277,147,28,299954,393748000,52,0,0
flecs_columns,create_bulk,1000000,1,1000000,0,0,0.000000000,293078,92930356,92930356,1512,1512,1124,41,4,100211294,1401,188,32,100511248,393748000,52,0,0
flecs_columns,create_queries,1000000,1,5,0,0,0.000000000,92930356,93004922,93004954,1539,1540,26,7,2,74710,1427,195,34,100585958,393748000,52,0,0
flecs_columns,spot_color,1000000,1,500000,0,5,747606.289062500,93004922,93004922,93004922,1539,1539,0,0,0,0,1427,195,34,100585958,393748000,52,0,0
flecs_columns,all_light_color,1000000,1,1250000,0,10,1868922.539062500,93004922,93004922,93004922,1539,1539,0,0,0,0,1427,195,34,100585958,393748000,52,0,0
flecs_columns,health_position,1000000,1,2500000,0,15,371020340.000000000,93004922,93004922,93004922,1539,1539,0,0,0,0,1427,195,34,100585958,393748000,52,0,0
flecs_columns,enemy_health_position,1000000,1,1200000,0,5,178365505.000000000,93004922,93004922,93004922,1539,1539,0,0,0,0,1427,195,34,100585958,393748000,52,0,0
flecs_columns,explosion_r50_first,1000000,1,500000,125290,3,71071818.000000000,93004922,93004922,93004922,1539,1539,0,0,0,0,1427,195,34,100585958,393748000,52,0,0
flecs_columns,shuffled_position,1000000,1,1000000,0,0,-453538.000000000,93004922,93004922,93004922,1539,1539,0,0,0,0,1427,195,34,100585958,393748000,52,0,0
flecs_columns,add_10pct_live_queries_batch100,1000000,1,100000,0,0,0.000000000,93004922,141026442,141026442,1640,1640,103,17,2,94429200,1530,212,36,195015158,393748000,52,0,0
flecs_columns,all_light_after_add,1000000,1,1375000,0,10,2055966.582031250,141026442,141026442,141026442,1640,1640,0,0,0,0,1530,212,36,195015158,393748000,52,0,0
flecs_columns,health_after_add,1000000,1,2750000,0,15,408175930.000000000,141026442,141026442,141026442,1640,1640,0,0,0,0,1530,212,36,195015158,393748000,52,0,0
flecs_columns,remove_1pct,1000000,1,10000,0,0,0.000000000,141026442,141026442,141026442,1640,1640,0,0,0,0,1530,212,36,195015158,393748000,52,0,0
flecs_columns,replace_1pct,1000000,1,10000,0,0,0.000000000,141026442,141029962,141029962,1812,1812,0,172,0,3520,1530,384,36,195018678,393748000,52,0,0
flecs_columns,health_after_churn,1000000,1,2750000,0,15,408175930.000000000,141029962,141029962,141029962,1812,1812,0,0,0,0,1530,384,36,195018678,393748000,52,0,0
flecs_columns,destroy_queries,1000000,1,5,0,0,0.000000000,141029962,140988522,141029962,1798,1812,0,0,14,0,1530,384,50,195018678,393748000,52,0,0
flecs_columns,destroy_bulk,1000000,1,1,0,0,0.000000000,140988522,0,184664778,0,6141,4364,12,6162,53835488,5894,396,6212,248854166,384948000,51,0,0
data,setup_individual,1000000,1,1,0,0,0.000000000,0,2536,2536,20,20,20,0,0,2536,20,0,0,2536,393748000,52,0,0
data,create_individual,1000000,1,1000000,0,0,0.000000000,2536,130419176,134613480,39,40,316,0,297,260830144,336,0,297,260832680,393748000,52,0,0
data,destroy_individual,1000000,1,1,0,0,0.000000000,130419176,0,130419176,0,39,0,0,39,0,336,0,336,260832680,384948000,51,0,0
data,setup_bulk,1000000,1,1,0,0,0.000000000,0,2536,2536,20,20,20,0,0,2536,20,0,0,2536,393748000,52,0,0
data,create_bulk,1000000,1,1000000,0,0,0.000000000,2536,130419176,130419176,39,39,22,0,3,145096704,42,0,3,145099240,393748000,52,0,0
# footprint,sample=1,operation=create_bulk,store=240,tables=2296,row_metadata=28704768,slots=16777216,base_rows=42467328,mutable_rows=42467328,instances=0,queries=0,base_blocks=0,base_used=0,base_capacity=0,payload_blocks=0,payload_capacity=0,total=130419176
data,create_queries,1000000,1,5,0,0,0.000000000,130419176,130422400,130422400,65,65,26,0,0,3224,68,0,3,145102464,393748000,52,0,0
data,spot_color,1000000,1,500000,0,5,747606.289062500,130422400,130422400,130422400,65,65,0,0,0,0,68,0,3,145102464,393748000,52,0,0
data,all_light_color,1000000,1,1250000,0,10,1868922.539062500,130422400,130422400,130422400,65,65,0,0,0,0,68,0,3,145102464,393748000,52,0,0
data,health_position,1000000,1,2500000,0,15,371020340.000000000,130422400,130422400,130422400,65,65,0,0,0,0,68,0,3,145102464,393748000,52,0,0
data,enemy_health_position,1000000,1,1200000,0,5,178365505.000000000,130422400,130422400,130422400,65,65,0,0,0,0,68,0,3,145102464,393748000,52,0,0
data,explosion_r50_first,1000000,1,500000,125290,3,71071818.000000000,130422400,130422400,130422400,65,65,0,0,0,0,68,0,3,145102464,393748000,52,0,0
data,shuffled_position,1000000,1,1000000,0,0,-453538.000000000,130422400,130422400,130422400,65,65,0,0,0,0,68,0,3,145102464,393748000,52,0,0
data,add_10pct_live_queries_batch100,1000000,1,100000,0,0,0.000000000,130422400,182851200,189142656,65,66,6,0,6,104857600,74,0,9,249960064,393748000,52,0,0
data,all_light_after_add,1000000,1,1375000,0,10,2055966.582031250,182851200,182851200,182851200,65,65,0,0,0,0,74,0,9,249960064,393748000,52,0,0
data,health_after_add,1000000,1,2750000,0,15,408175930.000000000,182851200,182851200,182851200,65,65,0,0,0,0,74,0,9,249960064,393748000,52,0,0
data,remove_1pct,1000000,1,10000,0,0,0.000000000,182851200,182851200,182851200,65,65,0,0,0,0,74,0,9,249960064,393748000,52,0,0
data,replace_1pct,1000000,1,10000,0,0,0.000000000,182851200,182851200,182851200,65,65,0,0,0,0,74,0,9,249960064,393748000,52,0,0
data,health_after_churn,1000000,1,2750000,0,15,408175930.000000000,182851200,182851200,182851200,65,65,0,0,0,0,74,0,9,249960064,393748000,52,0,0
data,destroy_queries,1000000,1,5,0,0,0.000000000,182851200,182848104,182851200,40,65,0,0,25,0,74,0,34,249960064,393748000,52,0,0
data,destroy_bulk,1000000,1,1,0,0,0.000000000,182848104,0,182848104,0,40,0,0,40,0,74,0,74,249960064,384948000,51,0,0
flecs_columns,setup_individual,1000000,2,1,0,0,0.000000000,0,293078,293398,356,357,277,147,28,299954,277,147,28,299954,393748000,52,0,0
flecs_columns,create_individual,1000000,2,1000000,0,0,0.000000000,293078,92962612,92962612,1694,1694,1142,799,12,168821662,1419,946,40,169121616,393748000,52,0,0
flecs_columns,destroy_individual,1000000,2,1,0,0,0.000000000,92962612,0,118303188,0,5647,3973,14,5667,34441904,5392,960,5707,203563520,384948000,51,0,0
flecs_columns,setup_bulk,1000000,2,1,0,0,0.000000000,0,293078,293398,356,357,277,147,28,299954,277,147,28,299954,393748000,52,0,0
flecs_columns,create_bulk,1000000,2,1000000,0,0,0.000000000,293078,92930356,92930356,1512,1512,1124,41,4,100211294,1401,188,32,100511248,393748000,52,0,0
flecs_columns,create_queries,1000000,2,5,0,0,0.000000000,92930356,93004922,93004954,1539,1540,26,7,2,74710,1427,195,34,100585958,393748000,52,0,0
flecs_columns,spot_color,1000000,2,500000,0,5,747606.289062500,93004922,93004922,93004922,1539,1539,0,0,0,0,1427,195,34,100585958,393748000,52,0,0
flecs_columns,all_light_color,1000000,2,1250000,0,10,1868922.539062500,93004922,93004922,93004922,1539,1539,0,0,0,0,1427,195,34,100585958,393748000,52,0,0
flecs_columns,health_position,1000000,2,2500000,0,15,371020340.000000000,93004922,93004922,93004922,1539,1539,0,0,0,0,1427,195,34,100585958,393748000,52,0,0
flecs_columns,enemy_health_position,1000000,2,1200000,0,5,178365505.000000000,93004922,93004922,93004922,1539,1539,0,0,0,0,1427,195,34,100585958,393748000,52,0,0
flecs_columns,explosion_r50_first,1000000,2,500000,125290,3,71071818.000000000,93004922,93004922,93004922,1539,1539,0,0,0,0,1427,195,34,100585958,393748000,52,0,0
flecs_columns,shuffled_position,1000000,2,1000000,0,0,-453538.000000000,93004922,93004922,93004922,1539,1539,0,0,0,0,1427,195,34,100585958,393748000,52,0,0
flecs_columns,add_10pct_live_queries_batch100,1000000,2,100000,0,0,0.000000000,93004922,141026442,141026442,1640,1640,103,17,2,94429200,1530,212,36,195015158,393748000,52,0,0
flecs_columns,all_light_after_add,1000000,2,1375000,0,10,2055966.582031250,141026442,141026442,141026442,1640,1640,0,0,0,0,1530,212,36,195015158,393748000,52,0,0
flecs_columns,health_after_add,1000000,2,2750000,0,15,408175930.000000000,141026442,141026442,141026442,1640,1640,0,0,0,0,1530,212,36,195015158,393748000,52,0,0
flecs_columns,remove_1pct,1000000,2,10000,0,0,0.000000000,141026442,141026442,141026442,1640,1640,0,0,0,0,1530,212,36,195015158,393748000,52,0,0
flecs_columns,replace_1pct,1000000,2,10000,0,0,0.000000000,141026442,141029962,141029962,1812,1812,0,172,0,3520,1530,384,36,195018678,393748000,52,0,0
flecs_columns,health_after_churn,1000000,2,2750000,0,15,408175930.000000000,141029962,141029962,141029962,1812,1812,0,0,0,0,1530,384,36,195018678,393748000,52,0,0
flecs_columns,destroy_queries,1000000,2,5,0,0,0.000000000,141029962,140988522,141029962,1798,1812,0,0,14,0,1530,384,50,195018678,393748000,52,0,0
flecs_columns,destroy_bulk,1000000,2,1,0,0,0.000000000,140988522,0,184664778,0,6141,4364,12,6162,53835488,5894,396,6212,248854166,384948000,51,0,0
data,setup_individual,1000000,2,1,0,0,0.000000000,0,2536,2536,20,20,20,0,0,2536,20,0,0,2536,393748000,52,0,0
data,create_individual,1000000,2,1000000,0,0,0.000000000,2536,130419176,134613480,39,40,316,0,297,260830144,336,0,297,260832680,393748000,52,0,0
data,destroy_individual,1000000,2,1,0,0,0.000000000,130419176,0,130419176,0,39,0,0,39,0,336,0,336,260832680,384948000,51,0,0
data,setup_bulk,1000000,2,1,0,0,0.000000000,0,2536,2536,20,20,20,0,0,2536,20,0,0,2536,393748000,52,0,0
data,create_bulk,1000000,2,1000000,0,0,0.000000000,2536,130419176,130419176,39,39,22,0,3,145096704,42,0,3,145099240,393748000,52,0,0
# footprint,sample=2,operation=create_bulk,store=240,tables=2296,row_metadata=28704768,slots=16777216,base_rows=42467328,mutable_rows=42467328,instances=0,queries=0,base_blocks=0,base_used=0,base_capacity=0,payload_blocks=0,payload_capacity=0,total=130419176
data,create_queries,1000000,2,5,0,0,0.000000000,130419176,130422400,130422400,65,65,26,0,0,3224,68,0,3,145102464,393748000,52,0,0
data,spot_color,1000000,2,500000,0,5,747606.289062500,130422400,130422400,130422400,65,65,0,0,0,0,68,0,3,145102464,393748000,52,0,0
data,all_light_color,1000000,2,1250000,0,10,1868922.539062500,130422400,130422400,130422400,65,65,0,0,0,0,68,0,3,145102464,393748000,52,0,0
data,health_position,1000000,2,2500000,0,15,371020340.000000000,130422400,130422400,130422400,65,65,0,0,0,0,68,0,3,145102464,393748000,52,0,0
data,enemy_health_position,1000000,2,1200000,0,5,178365505.000000000,130422400,130422400,130422400,65,65,0,0,0,0,68,0,3,145102464,393748000,52,0,0
data,explosion_r50_first,1000000,2,500000,125290,3,71071818.000000000,130422400,130422400,130422400,65,65,0,0,0,0,68,0,3,145102464,393748000,52,0,0
data,shuffled_position,1000000,2,1000000,0,0,-453538.000000000,130422400,130422400,130422400,65,65,0,0,0,0,68,0,3,145102464,393748000,52,0,0
data,add_10pct_live_queries_batch100,1000000,2,100000,0,0,0.000000000,130422400,182851200,189142656,65,66,6,0,6,104857600,74,0,9,249960064,393748000,52,0,0
data,all_light_after_add,1000000,2,1375000,0,10,2055966.582031250,182851200,182851200,182851200,65,65,0,0,0,0,74,0,9,249960064,393748000,52,0,0
data,health_after_add,1000000,2,2750000,0,15,408175930.000000000,182851200,182851200,182851200,65,65,0,0,0,0,74,0,9,249960064,393748000,52,0,0
data,remove_1pct,1000000,2,10000,0,0,0.000000000,182851200,182851200,182851200,65,65,0,0,0,0,74,0,9,249960064,393748000,52,0,0
data,replace_1pct,1000000,2,10000,0,0,0.000000000,182851200,182851200,182851200,65,65,0,0,0,0,74,0,9,249960064,393748000,52,0,0
data,health_after_churn,1000000,2,2750000,0,15,408175930.000000000,182851200,182851200,182851200,65,65,0,0,0,0,74,0,9,249960064,393748000,52,0,0
data,destroy_queries,1000000,2,5,0,0,0.000000000,182851200,182848104,182851200,40,65,0,0,25,0,74,0,34,249960064,393748000,52,0,0
data,destroy_bulk,1000000,2,1,0,0,0.000000000,182848104,0,182848104,0,40,0,0,40,0,74,0,74,249960064,384948000,51,0,0
flecs_rows,setup_individual,1000000,2,1,0,0,0.000000000,0,292534,292854,354,355,275,145,28,299282,275,145,28,299282,393748000,52,0,0
flecs_rows,create_individual,1000000,2,1000000,0,0,0.000000000,292534,96503214,96503214,1540,1540,1092,505,12,176163848,1367,650,40,176463130,393748000,52,0,0
flecs_rows,destroy_individual,1000000,2,1,0,0,0.000000000,96503214,0,121843790,0,5493,3973,14,5513,34441904,5340,664,5553,210905034,384948000,51,0,0
flecs_rows,setup_bulk,1000000,2,1,0,0,0.000000000,0,292534,292854,354,355,275,145,28,299282,275,145,28,299282,393748000,52,0,0
flecs_rows,create_bulk,1000000,2,1000000,0,0,0.000000000,292534,96475726,96475726,1449,1449,1075,29,4,103757208,1350,174,32,104056490,393748000,52,0,0
flecs_rows,create_queries,1000000,2,5,0,0,0.000000000,96475726,96604036,96604036,1495,1495,46,7,3,128550,1396,181,35,104185040,393748000,52,0,0
flecs_rows,spot_color,1000000,2,500000,0,5,747606.289062500,96604036,96604036,96604036,1495,1495,0,0,0,0,1396,181,35,104185040,393748000,52,0,0
flecs_rows,all_light_color,1000000,2,1250000,0,10,1868922.539062500,96604036,96604036,96604036,1495,1495,0,0,0,0,1396,181,35,104185040,393748000,52,0,0
flecs_rows,health_position,1000000,2,2500000,0,15,371020340.000000000,96604036,96604036,96604036,1495,1495,0,0,0,0,1396,181,35,104185040,393748000,52,0,0
flecs_rows,enemy_health_position,1000000,2,1200000,0,5,178365505.000000000,96604036,96604036,96604036,1495,1495,0,0,0,0,1396,181,35,104185040,393748000,52,0,0
flecs_rows,explosion_r50_first,1000000,2,500000,125290,3,71071818.000000000,96604036,96604036,96604036,1495,1495,0,0,0,0,1396,181,35,104185040,393748000,52,0,0
flecs_rows,shuffled_position,1000000,2,1000000,0,0,-453538.000000000,96604036,96604036,96604036,1495,1495,0,0,0,0,1396,181,35,104185040,393748000,52,0,0
flecs_rows,add_10pct_live_queries_batch100,1000000,2,100000,0,0,0.000000000,96604036,146722708,146722708,1596,1596,103,13,2,98623504,1499,194,37,202808544,393748000,52,0,0
flecs_rows,all_light_after_add,1000000,2,1375000,0,10,2055966.582031250,146722708,146722708,146722708,1596,1596,0,0,0,0,1499,194,37,202808544,393748000,52,0,0
flecs_rows,health_after_add,1000000,2,2750000,0,15,408175930.000000000,146722708,146722708,146722708,1596,1596,0,0,0,0,1499,194,37,202808544,393748000,52,0,0
flecs_rows,remove_1pct,1000000,2,10000,0,0,0.000000000,146722708,146722708,146722708,1596,1596,0,0,0,0,1499,194,37,202808544,393748000,52,0,0
flecs_rows,replace_1pct,1000000,2,10000,0,0,0.000000000,146722708,146725572,146725572,1678,1678,0,82,0,2864,1499,276,37,202811408,393748000,52,0,0
flecs_rows,health_after_churn,1000000,2,2750000,0,15,408175930.000000000,146725572,146725572,146725572,1678,1678,0,0,0,0,1499,276,37,202811408,393748000,52,0,0
flecs_rows,destroy_queries,1000000,2,5,0,0,0.000000000,146725572,146642532,146725572,1648,1678,0,0,30,0,1499,276,67,202811408,393748000,52,0,0
flecs_rows,destroy_bulk,1000000,2,1,0,0,0.000000000,146642532,0,190326980,0,5993,4366,13,6014,53843712,5865,289,6081,256655120,384948000,51,0,0
data,setup_individual,1000000,3,1,0,0,0.000000000,0,2536,2536,20,20,20,0,0,2536,20,0,0,2536,393748000,52,0,0
data,create_individual,1000000,3,1000000,0,0,0.000000000,2536,130419176,134613480,39,40,316,0,297,260830144,336,0,297,260832680,393748000,52,0,0
data,destroy_individual,1000000,3,1,0,0,0.000000000,130419176,0,130419176,0,39,0,0,39,0,336,0,336,260832680,384948000,51,0,0
data,setup_bulk,1000000,3,1,0,0,0.000000000,0,2536,2536,20,20,20,0,0,2536,20,0,0,2536,393748000,52,0,0
data,create_bulk,1000000,3,1000000,0,0,0.000000000,2536,130419176,130419176,39,39,22,0,3,145096704,42,0,3,145099240,393748000,52,0,0
# footprint,sample=3,operation=create_bulk,store=240,tables=2296,row_metadata=28704768,slots=16777216,base_rows=42467328,mutable_rows=42467328,instances=0,queries=0,base_blocks=0,base_used=0,base_capacity=0,payload_blocks=0,payload_capacity=0,total=130419176
data,create_queries,1000000,3,5,0,0,0.000000000,130419176,130422400,130422400,65,65,26,0,0,3224,68,0,3,145102464,393748000,52,0,0
data,spot_color,1000000,3,500000,0,5,747606.289062500,130422400,130422400,130422400,65,65,0,0,0,0,68,0,3,145102464,393748000,52,0,0
data,all_light_color,1000000,3,1250000,0,10,1868922.539062500,130422400,130422400,130422400,65,65,0,0,0,0,68,0,3,145102464,393748000,52,0,0
data,health_position,1000000,3,2500000,0,15,371020340.000000000,130422400,130422400,130422400,65,65,0,0,0,0,68,0,3,145102464,393748000,52,0,0
data,enemy_health_position,1000000,3,1200000,0,5,178365505.000000000,130422400,130422400,130422400,65,65,0,0,0,0,68,0,3,145102464,393748000,52,0,0
data,explosion_r50_first,1000000,3,500000,125290,3,71071818.000000000,130422400,130422400,130422400,65,65,0,0,0,0,68,0,3,145102464,393748000,52,0,0
data,shuffled_position,1000000,3,1000000,0,0,-453538.000000000,130422400,130422400,130422400,65,65,0,0,0,0,68,0,3,145102464,393748000,52,0,0
data,add_10pct_live_queries_batch100,1000000,3,100000,0,0,0.000000000,130422400,182851200,189142656,65,66,6,0,6,104857600,74,0,9,249960064,393748000,52,0,0
data,all_light_after_add,1000000,3,1375000,0,10,2055966.582031250,182851200,182851200,182851200,65,65,0,0,0,0,74,0,9,249960064,393748000,52,0,0
data,health_after_add,1000000,3,2750000,0,15,408175930.000000000,182851200,182851200,182851200,65,65,0,0,0,0,74,0,9,249960064,393748000,52,0,0
data,remove_1pct,1000000,3,10000,0,0,0.000000000,182851200,182851200,182851200,65,65,0,0,0,0,74,0,9,249960064,393748000,52,0,0
data,replace_1pct,1000000,3,10000,0,0,0.000000000,182851200,182851200,182851200,65,65,0,0,0,0,74,0,9,249960064,393748000,52,0,0
data,health_after_churn,1000000,3,2750000,0,15,408175930.000000000,182851200,182851200,182851200,65,65,0,0,0,0,74,0,9,249960064,393748000,52,0,0
data,destroy_queries,1000000,3,5,0,0,0.000000000,182851200,182848104,182851200,40,65,0,0,25,0,74,0,34,249960064,393748000,52,0,0
data,destroy_bulk,1000000,3,1,0,0,0.000000000,182848104,0,182848104,0,40,0,0,40,0,74,0,74,249960064,384948000,51,0,0
flecs_rows,setup_individual,1000000,3,1,0,0,0.000000000,0,292534,292854,354,355,275,145,28,299282,275,145,28,299282,393748000,52,0,0
flecs_rows,create_individual,1000000,3,1000000,0,0,0.000000000,292534,96503214,96503214,1540,1540,1092,505,12,176163848,1367,650,40,176463130,393748000,52,0,0
flecs_rows,destroy_individual,1000000,3,1,0,0,0.000000000,96503214,0,121843790,0,5493,3973,14,5513,34441904,5340,664,5553,210905034,384948000,51,0,0
flecs_rows,setup_bulk,1000000,3,1,0,0,0.000000000,0,292534,292854,354,355,275,145,28,299282,275,145,28,299282,393748000,52,0,0
flecs_rows,create_bulk,1000000,3,1000000,0,0,0.000000000,292534,96475726,96475726,1449,1449,1075,29,4,103757208,1350,174,32,104056490,393748000,52,0,0
flecs_rows,create_queries,1000000,3,5,0,0,0.000000000,96475726,96604036,96604036,1495,1495,46,7,3,128550,1396,181,35,104185040,393748000,52,0,0
flecs_rows,spot_color,1000000,3,500000,0,5,747606.289062500,96604036,96604036,96604036,1495,1495,0,0,0,0,1396,181,35,104185040,393748000,52,0,0
flecs_rows,all_light_color,1000000,3,1250000,0,10,1868922.539062500,96604036,96604036,96604036,1495,1495,0,0,0,0,1396,181,35,104185040,393748000,52,0,0
flecs_rows,health_position,1000000,3,2500000,0,15,371020340.000000000,96604036,96604036,96604036,1495,1495,0,0,0,0,1396,181,35,104185040,393748000,52,0,0
flecs_rows,enemy_health_position,1000000,3,1200000,0,5,178365505.000000000,96604036,96604036,96604036,1495,1495,0,0,0,0,1396,181,35,104185040,393748000,52,0,0
flecs_rows,explosion_r50_first,1000000,3,500000,125290,3,71071818.000000000,96604036,96604036,96604036,1495,1495,0,0,0,0,1396,181,35,104185040,393748000,52,0,0
flecs_rows,shuffled_position,1000000,3,1000000,0,0,-453538.000000000,96604036,96604036,96604036,1495,1495,0,0,0,0,1396,181,35,104185040,393748000,52,0,0
flecs_rows,add_10pct_live_queries_batch100,1000000,3,100000,0,0,0.000000000,96604036,146722708,146722708,1596,1596,103,13,2,98623504,1499,194,37,202808544,393748000,52,0,0
flecs_rows,all_light_after_add,1000000,3,1375000,0,10,2055966.582031250,146722708,146722708,146722708,1596,1596,0,0,0,0,1499,194,37,202808544,393748000,52,0,0
flecs_rows,health_after_add,1000000,3,2750000,0,15,408175930.000000000,146722708,146722708,146722708,1596,1596,0,0,0,0,1499,194,37,202808544,393748000,52,0,0
flecs_rows,remove_1pct,1000000,3,10000,0,0,0.000000000,146722708,146722708,146722708,1596,1596,0,0,0,0,1499,194,37,202808544,393748000,52,0,0
flecs_rows,replace_1pct,1000000,3,10000,0,0,0.000000000,146722708,146725572,146725572,1678,1678,0,82,0,2864,1499,276,37,202811408,393748000,52,0,0
flecs_rows,health_after_churn,1000000,3,2750000,0,15,408175930.000000000,146725572,146725572,146725572,1678,1678,0,0,0,0,1499,276,37,202811408,393748000,52,0,0
flecs_rows,destroy_queries,1000000,3,5,0,0,0.000000000,146725572,146642532,146725572,1648,1678,0,0,30,0,1499,276,67,202811408,393748000,52,0,0
flecs_rows,destroy_bulk,1000000,3,1,0,0,0.000000000,146642532,0,190326980,0,5993,4366,13,6014,53843712,5865,289,6081,256655120,384948000,51,0,0
flecs_columns,setup_individual,1000000,3,1,0,0,0.000000000,0,293078,293398,356,357,277,147,28,299954,277,147,28,299954,393748000,52,0,0
flecs_columns,create_individual,1000000,3,1000000,0,0,0.000000000,293078,92962612,92962612,1694,1694,1142,799,12,168821662,1419,946,40,169121616,393748000,52,0,0
flecs_columns,destroy_individual,1000000,3,1,0,0,0.000000000,92962612,0,118303188,0,5647,3973,14,5667,34441904,5392,960,5707,203563520,384948000,51,0,0
flecs_columns,setup_bulk,1000000,3,1,0,0,0.000000000,0,293078,293398,356,357,277,147,28,299954,277,147,28,299954,393748000,52,0,0
flecs_columns,create_bulk,1000000,3,1000000,0,0,0.000000000,293078,92930356,92930356,1512,1512,1124,41,4,100211294,1401,188,32,100511248,393748000,52,0,0
flecs_columns,create_queries,1000000,3,5,0,0,0.000000000,92930356,93004922,93004954,1539,1540,26,7,2,74710,1427,195,34,100585958,393748000,52,0,0
flecs_columns,spot_color,1000000,3,500000,0,5,747606.289062500,93004922,93004922,93004922,1539,1539,0,0,0,0,1427,195,34,100585958,393748000,52,0,0
flecs_columns,all_light_color,1000000,3,1250000,0,10,1868922.539062500,93004922,93004922,93004922,1539,1539,0,0,0,0,1427,195,34,100585958,393748000,52,0,0
flecs_columns,health_position,1000000,3,2500000,0,15,371020340.000000000,93004922,93004922,93004922,1539,1539,0,0,0,0,1427,195,34,100585958,393748000,52,0,0
flecs_columns,enemy_health_position,1000000,3,1200000,0,5,178365505.000000000,93004922,93004922,93004922,1539,1539,0,0,0,0,1427,195,34,100585958,393748000,52,0,0
flecs_columns,explosion_r50_first,1000000,3,500000,125290,3,71071818.000000000,93004922,93004922,93004922,1539,1539,0,0,0,0,1427,195,34,100585958,393748000,52,0,0
flecs_columns,shuffled_position,1000000,3,1000000,0,0,-453538.000000000,93004922,93004922,93004922,1539,1539,0,0,0,0,1427,195,34,100585958,393748000,52,0,0
flecs_columns,add_10pct_live_queries_batch100,1000000,3,100000,0,0,0.000000000,93004922,141026442,141026442,1640,1640,103,17,2,94429200,1530,212,36,195015158,393748000,52,0,0
flecs_columns,all_light_after_add,1000000,3,1375000,0,10,2055966.582031250,141026442,141026442,141026442,1640,1640,0,0,0,0,1530,212,36,195015158,393748000,52,0,0
flecs_columns,health_after_add,1000000,3,2750000,0,15,408175930.000000000,141026442,141026442,141026442,1640,1640,0,0,0,0,1530,212,36,195015158,393748000,52,0,0
flecs_columns,remove_1pct,1000000,3,10000,0,0,0.000000000,141026442,141026442,141026442,1640,1640,0,0,0,0,1530,212,36,195015158,393748000,52,0,0
flecs_columns,replace_1pct,1000000,3,10000,0,0,0.000000000,141026442,141029962,141029962,1812,1812,0,172,0,3520,1530,384,36,195018678,393748000,52,0,0
flecs_columns,health_after_churn,1000000,3,2750000,0,15,408175930.000000000,141029962,141029962,141029962,1812,1812,0,0,0,0,1530,384,36,195018678,393748000,52,0,0
flecs_columns,destroy_queries,1000000,3,5,0,0,0.000000000,141029962,140988522,141029962,1798,1812,0,0,14,0,1530,384,50,195018678,393748000,52,0,0
flecs_columns,destroy_bulk,1000000,3,1,0,0,0.000000000,140988522,0,184664778,0,6141,4364,12,6162,53835488,5894,396,6212,248854166,384948000,51,0,0
flecs_rows,setup_individual,1000000,4,1,0,0,0.000000000,0,292534,292854,354,355,275,145,28,299282,275,145,28,299282,393748000,52,0,0
flecs_rows,create_individual,1000000,4,1000000,0,0,0.000000000,292534,96503214,96503214,1540,1540,1092,505,12,176163848,1367,650,40,176463130,393748000,52,0,0
flecs_rows,destroy_individual,1000000,4,1,0,0,0.000000000,96503214,0,121843790,0,5493,3973,14,5513,34441904,5340,664,5553,210905034,384948000,51,0,0
flecs_rows,setup_bulk,1000000,4,1,0,0,0.000000000,0,292534,292854,354,355,275,145,28,299282,275,145,28,299282,393748000,52,0,0
flecs_rows,create_bulk,1000000,4,1000000,0,0,0.000000000,292534,96475726,96475726,1449,1449,1075,29,4,103757208,1350,174,32,104056490,393748000,52,0,0
flecs_rows,create_queries,1000000,4,5,0,0,0.000000000,96475726,96604036,96604036,1495,1495,46,7,3,128550,1396,181,35,104185040,393748000,52,0,0
flecs_rows,spot_color,1000000,4,500000,0,5,747606.289062500,96604036,96604036,96604036,1495,1495,0,0,0,0,1396,181,35,104185040,393748000,52,0,0
flecs_rows,all_light_color,1000000,4,1250000,0,10,1868922.539062500,96604036,96604036,96604036,1495,1495,0,0,0,0,1396,181,35,104185040,393748000,52,0,0
flecs_rows,health_position,1000000,4,2500000,0,15,371020340.000000000,96604036,96604036,96604036,1495,1495,0,0,0,0,1396,181,35,104185040,393748000,52,0,0
flecs_rows,enemy_health_position,1000000,4,1200000,0,5,178365505.000000000,96604036,96604036,96604036,1495,1495,0,0,0,0,1396,181,35,104185040,393748000,52,0,0
flecs_rows,explosion_r50_first,1000000,4,500000,125290,3,71071818.000000000,96604036,96604036,96604036,1495,1495,0,0,0,0,1396,181,35,104185040,393748000,52,0,0
flecs_rows,shuffled_position,1000000,4,1000000,0,0,-453538.000000000,96604036,96604036,96604036,1495,1495,0,0,0,0,1396,181,35,104185040,393748000,52,0,0
flecs_rows,add_10pct_live_queries_batch100,1000000,4,100000,0,0,0.000000000,96604036,146722708,146722708,1596,1596,103,13,2,98623504,1499,194,37,202808544,393748000,52,0,0
flecs_rows,all_light_after_add,1000000,4,1375000,0,10,2055966.582031250,146722708,146722708,146722708,1596,1596,0,0,0,0,1499,194,37,202808544,393748000,52,0,0
flecs_rows,health_after_add,1000000,4,2750000,0,15,408175930.000000000,146722708,146722708,146722708,1596,1596,0,0,0,0,1499,194,37,202808544,393748000,52,0,0
flecs_rows,remove_1pct,1000000,4,10000,0,0,0.000000000,146722708,146722708,146722708,1596,1596,0,0,0,0,1499,194,37,202808544,393748000,52,0,0
flecs_rows,replace_1pct,1000000,4,10000,0,0,0.000000000,146722708,146725572,146725572,1678,1678,0,82,0,2864,1499,276,37,202811408,393748000,52,0,0
flecs_rows,health_after_churn,1000000,4,2750000,0,15,408175930.000000000,146725572,146725572,146725572,1678,1678,0,0,0,0,1499,276,37,202811408,393748000,52,0,0
flecs_rows,destroy_queries,1000000,4,5,0,0,0.000000000,146725572,146642532,146725572,1648,1678,0,0,30,0,1499,276,67,202811408,393748000,52,0,0
flecs_rows,destroy_bulk,1000000,4,1,0,0,0.000000000,146642532,0,190326980,0,5993,4366,13,6014,53843712,5865,289,6081,256655120,384948000,51,0,0
flecs_columns,setup_individual,1000000,4,1,0,0,0.000000000,0,293078,293398,356,357,277,147,28,299954,277,147,28,299954,393748000,52,0,0
flecs_columns,create_individual,1000000,4,1000000,0,0,0.000000000,293078,92962612,92962612,1694,1694,1142,799,12,168821662,1419,946,40,169121616,393748000,52,0,0
flecs_columns,destroy_individual,1000000,4,1,0,0,0.000000000,92962612,0,118303188,0,5647,3973,14,5667,34441904,5392,960,5707,203563520,384948000,51,0,0
flecs_columns,setup_bulk,1000000,4,1,0,0,0.000000000,0,293078,293398,356,357,277,147,28,299954,277,147,28,299954,393748000,52,0,0
flecs_columns,create_bulk,1000000,4,1000000,0,0,0.000000000,293078,92930356,92930356,1512,1512,1124,41,4,100211294,1401,188,32,100511248,393748000,52,0,0
flecs_columns,create_queries,1000000,4,5,0,0,0.000000000,92930356,93004922,93004954,1539,1540,26,7,2,74710,1427,195,34,100585958,393748000,52,0,0
flecs_columns,spot_color,1000000,4,500000,0,5,747606.289062500,93004922,93004922,93004922,1539,1539,0,0,0,0,1427,195,34,100585958,393748000,52,0,0
flecs_columns,all_light_color,1000000,4,1250000,0,10,1868922.539062500,93004922,93004922,93004922,1539,1539,0,0,0,0,1427,195,34,100585958,393748000,52,0,0
flecs_columns,health_position,1000000,4,2500000,0,15,371020340.000000000,93004922,93004922,93004922,1539,1539,0,0,0,0,1427,195,34,100585958,393748000,52,0,0
flecs_columns,enemy_health_position,1000000,4,1200000,0,5,178365505.000000000,93004922,93004922,93004922,1539,1539,0,0,0,0,1427,195,34,100585958,393748000,52,0,0
flecs_columns,explosion_r50_first,1000000,4,500000,125290,3,71071818.000000000,93004922,93004922,93004922,1539,1539,0,0,0,0,1427,195,34,100585958,393748000,52,0,0
flecs_columns,shuffled_position,1000000,4,1000000,0,0,-453538.000000000,93004922,93004922,93004922,1539,1539,0,0,0,0,1427,195,34,100585958,393748000,52,0,0
flecs_columns,add_10pct_live_queries_batch100,1000000,4,100000,0,0,0.000000000,93004922,141026442,141026442,1640,1640,103,17,2,94429200,1530,212,36,195015158,393748000,52,0,0
flecs_columns,all_light_after_add,1000000,4,1375000,0,10,2055966.582031250,141026442,141026442,141026442,1640,1640,0,0,0,0,1530,212,36,195015158,393748000,52,0,0
flecs_columns,health_after_add,1000000,4,2750000,0,15,408175930.000000000,141026442,141026442,141026442,1640,1640,0,0,0,0,1530,212,36,195015158,393748000,52,0,0
flecs_columns,remove_1pct,1000000,4,10000,0,0,0.000000000,141026442,141026442,141026442,1640,1640,0,0,0,0,1530,212,36,195015158,393748000,52,0,0
flecs_columns,replace_1pct,1000000,4,10000,0,0,0.000000000,141026442,141029962,141029962,1812,1812,0,172,0,3520,1530,384,36,195018678,393748000,52,0,0
flecs_columns,health_after_churn,1000000,4,2750000,0,15,408175930.000000000,141029962,141029962,141029962,1812,1812,0,0,0,0,1530,384,36,195018678,393748000,52,0,0
flecs_columns,destroy_queries,1000000,4,5,0,0,0.000000000,141029962,140988522,141029962,1798,1812,0,0,14,0,1530,384,50,195018678,393748000,52,0,0
flecs_columns,destroy_bulk,1000000,4,1,0,0,0.000000000,140988522,0,184664778,0,6141,4364,12,6162,53835488,5894,396,6212,248854166,384948000,51,0,0
data,setup_individual,1000000,4,1,0,0,0.000000000,0,2536,2536,20,20,20,0,0,2536,20,0,0,2536,393748000,52,0,0
data,create_individual,1000000,4,1000000,0,0,0.000000000,2536,130419176,134613480,39,40,316,0,297,260830144,336,0,297,260832680,393748000,52,0,0
data,destroy_individual,1000000,4,1,0,0,0.000000000,130419176,0,130419176,0,39,0,0,39,0,336,0,336,260832680,384948000,51,0,0
data,setup_bulk,1000000,4,1,0,0,0.000000000,0,2536,2536,20,20,20,0,0,2536,20,0,0,2536,393748000,52,0,0
data,create_bulk,1000000,4,1000000,0,0,0.000000000,2536,130419176,130419176,39,39,22,0,3,145096704,42,0,3,145099240,393748000,52,0,0
# footprint,sample=4,operation=create_bulk,store=240,tables=2296,row_metadata=28704768,slots=16777216,base_rows=42467328,mutable_rows=42467328,instances=0,queries=0,base_blocks=0,base_used=0,base_capacity=0,payload_blocks=0,payload_capacity=0,total=130419176
data,create_queries,1000000,4,5,0,0,0.000000000,130419176,130422400,130422400,65,65,26,0,0,3224,68,0,3,145102464,393748000,52,0,0
data,spot_color,1000000,4,500000,0,5,747606.289062500,130422400,130422400,130422400,65,65,0,0,0,0,68,0,3,145102464,393748000,52,0,0
data,all_light_color,1000000,4,1250000,0,10,1868922.539062500,130422400,130422400,130422400,65,65,0,0,0,0,68,0,3,145102464,393748000,52,0,0
data,health_position,1000000,4,2500000,0,15,371020340.000000000,130422400,130422400,130422400,65,65,0,0,0,0,68,0,3,145102464,393748000,52,0,0
data,enemy_health_position,1000000,4,1200000,0,5,178365505.000000000,130422400,130422400,130422400,65,65,0,0,0,0,68,0,3,145102464,393748000,52,0,0
data,explosion_r50_first,1000000,4,500000,125290,3,71071818.000000000,130422400,130422400,130422400,65,65,0,0,0,0,68,0,3,145102464,393748000,52,0,0
data,shuffled_position,1000000,4,1000000,0,0,-453538.000000000,130422400,130422400,130422400,65,65,0,0,0,0,68,0,3,145102464,393748000,52,0,0
data,add_10pct_live_queries_batch100,1000000,4,100000,0,0,0.000000000,130422400,182851200,189142656,65,66,6,0,6,104857600,74,0,9,249960064,393748000,52,0,0
data,all_light_after_add,1000000,4,1375000,0,10,2055966.582031250,182851200,182851200,182851200,65,65,0,0,0,0,74,0,9,249960064,393748000,52,0,0
data,health_after_add,1000000,4,2750000,0,15,408175930.000000000,182851200,182851200,182851200,65,65,0,0,0,0,74,0,9,249960064,393748000,52,0,0
data,remove_1pct,1000000,4,10000,0,0,0.000000000,182851200,182851200,182851200,65,65,0,0,0,0,74,0,9,249960064,393748000,52,0,0
data,replace_1pct,1000000,4,10000,0,0,0.000000000,182851200,182851200,182851200,65,65,0,0,0,0,74,0,9,249960064,393748000,52,0,0
data,health_after_churn,1000000,4,2750000,0,15,408175930.000000000,182851200,182851200,182851200,65,65,0,0,0,0,74,0,9,249960064,393748000,52,0,0
data,destroy_queries,1000000,4,5,0,0,0.000000000,182851200,182848104,182851200,40,65,0,0,25,0,74,0,34,249960064,393748000,52,0,0
data,destroy_bulk,1000000,4,1,0,0,0.000000000,182848104,0,182848104,0,40,0,0,40,0,74,0,74,249960064,384948000,51,0,0
flecs_columns,setup_individual,1000000,5,1,0,0,0.000000000,0,293078,293398,356,357,277,147,28,299954,277,147,28,299954,393748000,52,0,0
flecs_columns,create_individual,1000000,5,1000000,0,0,0.000000000,293078,92962612,92962612,1694,1694,1142,799,12,168821662,1419,946,40,169121616,393748000,52,0,0
flecs_columns,destroy_individual,1000000,5,1,0,0,0.000000000,92962612,0,118303188,0,5647,3973,14,5667,34441904,5392,960,5707,203563520,384948000,51,0,0
flecs_columns,setup_bulk,1000000,5,1,0,0,0.000000000,0,293078,293398,356,357,277,147,28,299954,277,147,28,299954,393748000,52,0,0
flecs_columns,create_bulk,1000000,5,1000000,0,0,0.000000000,293078,92930356,92930356,1512,1512,1124,41,4,100211294,1401,188,32,100511248,393748000,52,0,0
flecs_columns,create_queries,1000000,5,5,0,0,0.000000000,92930356,93004922,93004954,1539,1540,26,7,2,74710,1427,195,34,100585958,393748000,52,0,0
flecs_columns,spot_color,1000000,5,500000,0,5,747606.289062500,93004922,93004922,93004922,1539,1539,0,0,0,0,1427,195,34,100585958,393748000,52,0,0
flecs_columns,all_light_color,1000000,5,1250000,0,10,1868922.539062500,93004922,93004922,93004922,1539,1539,0,0,0,0,1427,195,34,100585958,393748000,52,0,0
flecs_columns,health_position,1000000,5,2500000,0,15,371020340.000000000,93004922,93004922,93004922,1539,1539,0,0,0,0,1427,195,34,100585958,393748000,52,0,0
flecs_columns,enemy_health_position,1000000,5,1200000,0,5,178365505.000000000,93004922,93004922,93004922,1539,1539,0,0,0,0,1427,195,34,100585958,393748000,52,0,0
flecs_columns,explosion_r50_first,1000000,5,500000,125290,3,71071818.000000000,93004922,93004922,93004922,1539,1539,0,0,0,0,1427,195,34,100585958,393748000,52,0,0
flecs_columns,shuffled_position,1000000,5,1000000,0,0,-453538.000000000,93004922,93004922,93004922,1539,1539,0,0,0,0,1427,195,34,100585958,393748000,52,0,0
flecs_columns,add_10pct_live_queries_batch100,1000000,5,100000,0,0,0.000000000,93004922,141026442,141026442,1640,1640,103,17,2,94429200,1530,212,36,195015158,393748000,52,0,0
flecs_columns,all_light_after_add,1000000,5,1375000,0,10,2055966.582031250,141026442,141026442,141026442,1640,1640,0,0,0,0,1530,212,36,195015158,393748000,52,0,0
flecs_columns,health_after_add,1000000,5,2750000,0,15,408175930.000000000,141026442,141026442,141026442,1640,1640,0,0,0,0,1530,212,36,195015158,393748000,52,0,0
flecs_columns,remove_1pct,1000000,5,10000,0,0,0.000000000,141026442,141026442,141026442,1640,1640,0,0,0,0,1530,212,36,195015158,393748000,52,0,0
flecs_columns,replace_1pct,1000000,5,10000,0,0,0.000000000,141026442,141029962,141029962,1812,1812,0,172,0,3520,1530,384,36,195018678,393748000,52,0,0
flecs_columns,health_after_churn,1000000,5,2750000,0,15,408175930.000000000,141029962,141029962,141029962,1812,1812,0,0,0,0,1530,384,36,195018678,393748000,52,0,0
flecs_columns,destroy_queries,1000000,5,5,0,0,0.000000000,141029962,140988522,141029962,1798,1812,0,0,14,0,1530,384,50,195018678,393748000,52,0,0
flecs_columns,destroy_bulk,1000000,5,1,0,0,0.000000000,140988522,0,184664778,0,6141,4364,12,6162,53835488,5894,396,6212,248854166,384948000,51,0,0
data,setup_individual,1000000,5,1,0,0,0.000000000,0,2536,2536,20,20,20,0,0,2536,20,0,0,2536,393748000,52,0,0
data,create_individual,1000000,5,1000000,0,0,0.000000000,2536,130419176,134613480,39,40,316,0,297,260830144,336,0,297,260832680,393748000,52,0,0
data,destroy_individual,1000000,5,1,0,0,0.000000000,130419176,0,130419176,0,39,0,0,39,0,336,0,336,260832680,384948000,51,0,0
data,setup_bulk,1000000,5,1,0,0,0.000000000,0,2536,2536,20,20,20,0,0,2536,20,0,0,2536,393748000,52,0,0
data,create_bulk,1000000,5,1000000,0,0,0.000000000,2536,130419176,130419176,39,39,22,0,3,145096704,42,0,3,145099240,393748000,52,0,0
# footprint,sample=5,operation=create_bulk,store=240,tables=2296,row_metadata=28704768,slots=16777216,base_rows=42467328,mutable_rows=42467328,instances=0,queries=0,base_blocks=0,base_used=0,base_capacity=0,payload_blocks=0,payload_capacity=0,total=130419176
data,create_queries,1000000,5,5,0,0,0.000000000,130419176,130422400,130422400,65,65,26,0,0,3224,68,0,3,145102464,393748000,52,0,0
data,spot_color,1000000,5,500000,0,5,747606.289062500,130422400,130422400,130422400,65,65,0,0,0,0,68,0,3,145102464,393748000,52,0,0
data,all_light_color,1000000,5,1250000,0,10,1868922.539062500,130422400,130422400,130422400,65,65,0,0,0,0,68,0,3,145102464,393748000,52,0,0
data,health_position,1000000,5,2500000,0,15,371020340.000000000,130422400,130422400,130422400,65,65,0,0,0,0,68,0,3,145102464,393748000,52,0,0
data,enemy_health_position,1000000,5,1200000,0,5,178365505.000000000,130422400,130422400,130422400,65,65,0,0,0,0,68,0,3,145102464,393748000,52,0,0
data,explosion_r50_first,1000000,5,500000,125290,3,71071818.000000000,130422400,130422400,130422400,65,65,0,0,0,0,68,0,3,145102464,393748000,52,0,0
data,shuffled_position,1000000,5,1000000,0,0,-453538.000000000,130422400,130422400,130422400,65,65,0,0,0,0,68,0,3,145102464,393748000,52,0,0
data,add_10pct_live_queries_batch100,1000000,5,100000,0,0,0.000000000,130422400,182851200,189142656,65,66,6,0,6,104857600,74,0,9,249960064,393748000,52,0,0
data,all_light_after_add,1000000,5,1375000,0,10,2055966.582031250,182851200,182851200,182851200,65,65,0,0,0,0,74,0,9,249960064,393748000,52,0,0
data,health_after_add,1000000,5,2750000,0,15,408175930.000000000,182851200,182851200,182851200,65,65,0,0,0,0,74,0,9,249960064,393748000,52,0,0
data,remove_1pct,1000000,5,10000,0,0,0.000000000,182851200,182851200,182851200,65,65,0,0,0,0,74,0,9,249960064,393748000,52,0,0
data,replace_1pct,1000000,5,10000,0,0,0.000000000,182851200,182851200,182851200,65,65,0,0,0,0,74,0,9,249960064,393748000,52,0,0
data,health_after_churn,1000000,5,2750000,0,15,408175930.000000000,182851200,182851200,182851200,65,65,0,0,0,0,74,0,9,249960064,393748000,52,0,0
data,destroy_queries,1000000,5,5,0,0,0.000000000,182851200,182848104,182851200,40,65,0,0,25,0,74,0,34,249960064,393748000,52,0,0
data,destroy_bulk,1000000,5,1,0,0,0.000000000,182848104,0,182848104,0,40,0,0,40,0,74,0,74,249960064,384948000,51,0,0
flecs_rows,setup_individual,1000000,5,1,0,0,0.000000000,0,292534,292854,354,355,275,145,28,299282,275,145,28,299282,393748000,52,0,0
flecs_rows,create_individual,1000000,5,1000000,0,0,0.000000000,292534,96503214,96503214,1540,1540,1092,505,12,176163848,1367,650,40,176463130,393748000,52,0,0
flecs_rows,destroy_individual,1000000,5,1,0,0,0.000000000,96503214,0,121843790,0,5493,3973,14,5513,34441904,5340,664,5553,210905034,384948000,51,0,0
flecs_rows,setup_bulk,1000000,5,1,0,0,0.000000000,0,292534,292854,354,355,275,145,28,299282,275,145,28,299282,393748000,52,0,0
flecs_rows,create_bulk,1000000,5,1000000,0,0,0.000000000,292534,96475726,96475726,1449,1449,1075,29,4,103757208,1350,174,32,104056490,393748000,52,0,0
flecs_rows,create_queries,1000000,5,5,0,0,0.000000000,96475726,96604036,96604036,1495,1495,46,7,3,128550,1396,181,35,104185040,393748000,52,0,0
flecs_rows,spot_color,1000000,5,500000,0,5,747606.289062500,96604036,96604036,96604036,1495,1495,0,0,0,0,1396,181,35,104185040,393748000,52,0,0
flecs_rows,all_light_color,1000000,5,1250000,0,10,1868922.539062500,96604036,96604036,96604036,1495,1495,0,0,0,0,1396,181,35,104185040,393748000,52,0,0
flecs_rows,health_position,1000000,5,2500000,0,15,371020340.000000000,96604036,96604036,96604036,1495,1495,0,0,0,0,1396,181,35,104185040,393748000,52,0,0
flecs_rows,enemy_health_position,1000000,5,1200000,0,5,178365505.000000000,96604036,96604036,96604036,1495,1495,0,0,0,0,1396,181,35,104185040,393748000,52,0,0
flecs_rows,explosion_r50_first,1000000,5,500000,125290,3,71071818.000000000,96604036,96604036,96604036,1495,1495,0,0,0,0,1396,181,35,104185040,393748000,52,0,0
flecs_rows,shuffled_position,1000000,5,1000000,0,0,-453538.000000000,96604036,96604036,96604036,1495,1495,0,0,0,0,1396,181,35,104185040,393748000,52,0,0
flecs_rows,add_10pct_live_queries_batch100,1000000,5,100000,0,0,0.000000000,96604036,146722708,146722708,1596,1596,103,13,2,98623504,1499,194,37,202808544,393748000,52,0,0
flecs_rows,all_light_after_add,1000000,5,1375000,0,10,2055966.582031250,146722708,146722708,146722708,1596,1596,0,0,0,0,1499,194,37,202808544,393748000,52,0,0
flecs_rows,health_after_add,1000000,5,2750000,0,15,408175930.000000000,146722708,146722708,146722708,1596,1596,0,0,0,0,1499,194,37,202808544,393748000,52,0,0
flecs_rows,remove_1pct,1000000,5,10000,0,0,0.000000000,146722708,146722708,146722708,1596,1596,0,0,0,0,1499,194,37,202808544,393748000,52,0,0
flecs_rows,replace_1pct,1000000,5,10000,0,0,0.000000000,146722708,146725572,146725572,1678,1678,0,82,0,2864,1499,276,37,202811408,393748000,52,0,0
flecs_rows,health_after_churn,1000000,5,2750000,0,15,408175930.000000000,146725572,146725572,146725572,1678,1678,0,0,0,0,1499,276,37,202811408,393748000,52,0,0
flecs_rows,destroy_queries,1000000,5,5,0,0,0.000000000,146725572,146642532,146725572,1648,1678,0,0,30,0,1499,276,67,202811408,393748000,52,0,0
flecs_rows,destroy_bulk,1000000,5,1,0,0,0.000000000,146642532,0,190326980,0,5993,4366,13,6014,53843712,5865,289,6081,256655120,384948000,51,0,0
data,setup_individual,1000000,6,1,0,0,0.000000000,0,2536,2536,20,20,20,0,0,2536,20,0,0,2536,393748000,52,0,0
data,create_individual,1000000,6,1000000,0,0,0.000000000,2536,130419176,134613480,39,40,316,0,297,260830144,336,0,297,260832680,393748000,52,0,0
data,destroy_individual,1000000,6,1,0,0,0.000000000,130419176,0,130419176,0,39,0,0,39,0,336,0,336,260832680,384948000,51,0,0
data,setup_bulk,1000000,6,1,0,0,0.000000000,0,2536,2536,20,20,20,0,0,2536,20,0,0,2536,393748000,52,0,0
data,create_bulk,1000000,6,1000000,0,0,0.000000000,2536,130419176,130419176,39,39,22,0,3,145096704,42,0,3,145099240,393748000,52,0,0
# footprint,sample=6,operation=create_bulk,store=240,tables=2296,row_metadata=28704768,slots=16777216,base_rows=42467328,mutable_rows=42467328,instances=0,queries=0,base_blocks=0,base_used=0,base_capacity=0,payload_blocks=0,payload_capacity=0,total=130419176
data,create_queries,1000000,6,5,0,0,0.000000000,130419176,130422400,130422400,65,65,26,0,0,3224,68,0,3,145102464,393748000,52,0,0
data,spot_color,1000000,6,500000,0,5,747606.289062500,130422400,130422400,130422400,65,65,0,0,0,0,68,0,3,145102464,393748000,52,0,0
data,all_light_color,1000000,6,1250000,0,10,1868922.539062500,130422400,130422400,130422400,65,65,0,0,0,0,68,0,3,145102464,393748000,52,0,0
data,health_position,1000000,6,2500000,0,15,371020340.000000000,130422400,130422400,130422400,65,65,0,0,0,0,68,0,3,145102464,393748000,52,0,0
data,enemy_health_position,1000000,6,1200000,0,5,178365505.000000000,130422400,130422400,130422400,65,65,0,0,0,0,68,0,3,145102464,393748000,52,0,0
data,explosion_r50_first,1000000,6,500000,125290,3,71071818.000000000,130422400,130422400,130422400,65,65,0,0,0,0,68,0,3,145102464,393748000,52,0,0
data,shuffled_position,1000000,6,1000000,0,0,-453538.000000000,130422400,130422400,130422400,65,65,0,0,0,0,68,0,3,145102464,393748000,52,0,0
data,add_10pct_live_queries_batch100,1000000,6,100000,0,0,0.000000000,130422400,182851200,189142656,65,66,6,0,6,104857600,74,0,9,249960064,393748000,52,0,0
data,all_light_after_add,1000000,6,1375000,0,10,2055966.582031250,182851200,182851200,182851200,65,65,0,0,0,0,74,0,9,249960064,393748000,52,0,0
data,health_after_add,1000000,6,2750000,0,15,408175930.000000000,182851200,182851200,182851200,65,65,0,0,0,0,74,0,9,249960064,393748000,52,0,0
data,remove_1pct,1000000,6,10000,0,0,0.000000000,182851200,182851200,182851200,65,65,0,0,0,0,74,0,9,249960064,393748000,52,0,0
data,replace_1pct,1000000,6,10000,0,0,0.000000000,182851200,182851200,182851200,65,65,0,0,0,0,74,0,9,249960064,393748000,52,0,0
data,health_after_churn,1000000,6,2750000,0,15,408175930.000000000,182851200,182851200,182851200,65,65,0,0,0,0,74,0,9,249960064,393748000,52,0,0
data,destroy_queries,1000000,6,5,0,0,0.000000000,182851200,182848104,182851200,40,65,0,0,25,0,74,0,34,249960064,393748000,52,0,0
data,destroy_bulk,1000000,6,1,0,0,0.000000000,182848104,0,182848104,0,40,0,0,40,0,74,0,74,249960064,384948000,51,0,0
flecs_rows,setup_individual,1000000,6,1,0,0,0.000000000,0,292534,292854,354,355,275,145,28,299282,275,145,28,299282,393748000,52,0,0
flecs_rows,create_individual,1000000,6,1000000,0,0,0.000000000,292534,96503214,96503214,1540,1540,1092,505,12,176163848,1367,650,40,176463130,393748000,52,0,0
flecs_rows,destroy_individual,1000000,6,1,0,0,0.000000000,96503214,0,121843790,0,5493,3973,14,5513,34441904,5340,664,5553,210905034,384948000,51,0,0
flecs_rows,setup_bulk,1000000,6,1,0,0,0.000000000,0,292534,292854,354,355,275,145,28,299282,275,145,28,299282,393748000,52,0,0
flecs_rows,create_bulk,1000000,6,1000000,0,0,0.000000000,292534,96475726,96475726,1449,1449,1075,29,4,103757208,1350,174,32,104056490,393748000,52,0,0
flecs_rows,create_queries,1000000,6,5,0,0,0.000000000,96475726,96604036,96604036,1495,1495,46,7,3,128550,1396,181,35,104185040,393748000,52,0,0
flecs_rows,spot_color,1000000,6,500000,0,5,747606.289062500,96604036,96604036,96604036,1495,1495,0,0,0,0,1396,181,35,104185040,393748000,52,0,0
flecs_rows,all_light_color,1000000,6,1250000,0,10,1868922.539062500,96604036,96604036,96604036,1495,1495,0,0,0,0,1396,181,35,104185040,393748000,52,0,0
flecs_rows,health_position,1000000,6,2500000,0,15,371020340.000000000,96604036,96604036,96604036,1495,1495,0,0,0,0,1396,181,35,104185040,393748000,52,0,0
flecs_rows,enemy_health_position,1000000,6,1200000,0,5,178365505.000000000,96604036,96604036,96604036,1495,1495,0,0,0,0,1396,181,35,104185040,393748000,52,0,0
flecs_rows,explosion_r50_first,1000000,6,500000,125290,3,71071818.000000000,96604036,96604036,96604036,1495,1495,0,0,0,0,1396,181,35,104185040,393748000,52,0,0
flecs_rows,shuffled_position,1000000,6,1000000,0,0,-453538.000000000,96604036,96604036,96604036,1495,1495,0,0,0,0,1396,181,35,104185040,393748000,52,0,0
flecs_rows,add_10pct_live_queries_batch100,1000000,6,100000,0,0,0.000000000,96604036,146722708,146722708,1596,1596,103,13,2,98623504,1499,194,37,202808544,393748000,52,0,0
flecs_rows,all_light_after_add,1000000,6,1375000,0,10,2055966.582031250,146722708,146722708,146722708,1596,1596,0,0,0,0,1499,194,37,202808544,393748000,52,0,0
flecs_rows,health_after_add,1000000,6,2750000,0,15,408175930.000000000,146722708,146722708,146722708,1596,1596,0,0,0,0,1499,194,37,202808544,393748000,52,0,0
flecs_rows,remove_1pct,1000000,6,10000,0,0,0.000000000,146722708,146722708,146722708,1596,1596,0,0,0,0,1499,194,37,202808544,393748000,52,0,0
flecs_rows,replace_1pct,1000000,6,10000,0,0,0.000000000,146722708,146725572,146725572,1678,1678,0,82,0,2864,1499,276,37,202811408,393748000,52,0,0
flecs_rows,health_after_churn,1000000,6,2750000,0,15,408175930.000000000,146725572,146725572,146725572,1678,1678,0,0,0,0,1499,276,37,202811408,393748000,52,0,0
flecs_rows,destroy_queries,1000000,6,5,0,0,0.000000000,146725572,146642532,146725572,1648,1678,0,0,30,0,1499,276,67,202811408,393748000,52,0,0
flecs_rows,destroy_bulk,1000000,6,1,0,0,0.000000000,146642532,0,190326980,0,5993,4366,13,6014,53843712,5865,289,6081,256655120,384948000,51,0,0
flecs_columns,setup_individual,1000000,6,1,0,0,0.000000000,0,293078,293398,356,357,277,147,28,299954,277,147,28,299954,393748000,52,0,0
flecs_columns,create_individual,1000000,6,1000000,0,0,0.000000000,293078,92962612,92962612,1694,1694,1142,799,12,168821662,1419,946,40,169121616,393748000,52,0,0
flecs_columns,destroy_individual,1000000,6,1,0,0,0.000000000,92962612,0,118303188,0,5647,3973,14,5667,34441904,5392,960,5707,203563520,384948000,51,0,0
flecs_columns,setup_bulk,1000000,6,1,0,0,0.000000000,0,293078,293398,356,357,277,147,28,299954,277,147,28,299954,393748000,52,0,0
flecs_columns,create_bulk,1000000,6,1000000,0,0,0.000000000,293078,92930356,92930356,1512,1512,1124,41,4,100211294,1401,188,32,100511248,393748000,52,0,0
flecs_columns,create_queries,1000000,6,5,0,0,0.000000000,92930356,93004922,93004954,1539,1540,26,7,2,74710,1427,195,34,100585958,393748000,52,0,0
flecs_columns,spot_color,1000000,6,500000,0,5,747606.289062500,93004922,93004922,93004922,1539,1539,0,0,0,0,1427,195,34,100585958,393748000,52,0,0
flecs_columns,all_light_color,1000000,6,1250000,0,10,1868922.539062500,93004922,93004922,93004922,1539,1539,0,0,0,0,1427,195,34,100585958,393748000,52,0,0
flecs_columns,health_position,1000000,6,2500000,0,15,371020340.000000000,93004922,93004922,93004922,1539,1539,0,0,0,0,1427,195,34,100585958,393748000,52,0,0
flecs_columns,enemy_health_position,1000000,6,1200000,0,5,178365505.000000000,93004922,93004922,93004922,1539,1539,0,0,0,0,1427,195,34,100585958,393748000,52,0,0
flecs_columns,explosion_r50_first,1000000,6,500000,125290,3,71071818.000000000,93004922,93004922,93004922,1539,1539,0,0,0,0,1427,195,34,100585958,393748000,52,0,0
flecs_columns,shuffled_position,1000000,6,1000000,0,0,-453538.000000000,93004922,93004922,93004922,1539,1539,0,0,0,0,1427,195,34,100585958,393748000,52,0,0
flecs_columns,add_10pct_live_queries_batch100,1000000,6,100000,0,0,0.000000000,93004922,141026442,141026442,1640,1640,103,17,2,94429200,1530,212,36,195015158,393748000,52,0,0
flecs_columns,all_light_after_add,1000000,6,1375000,0,10,2055966.582031250,141026442,141026442,141026442,1640,1640,0,0,0,0,1530,212,36,195015158,393748000,52,0,0
flecs_columns,health_after_add,1000000,6,2750000,0,15,408175930.000000000,141026442,141026442,141026442,1640,1640,0,0,0,0,1530,212,36,195015158,393748000,52,0,0
flecs_columns,remove_1pct,1000000,6,10000,0,0,0.000000000,141026442,141026442,141026442,1640,1640,0,0,0,0,1530,212,36,195015158,393748000,52,0,0
flecs_columns,replace_1pct,1000000,6,10000,0,0,0.000000000,141026442,141029962,141029962,1812,1812,0,172,0,3520,1530,384,36,195018678,393748000,52,0,0
flecs_columns,health_after_churn,1000000,6,2750000,0,15,408175930.000000000,141029962,141029962,141029962,1812,1812,0,0,0,0,1530,384,36,195018678,393748000,52,0,0
flecs_columns,destroy_queries,1000000,6,5,0,0,0.000000000,141029962,140988522,141029962,1798,1812,0,0,14,0,1530,384,50,195018678,393748000,52,0,0
flecs_columns,destroy_bulk,1000000,6,1,0,0,0.000000000,140988522,0,184664778,0,6141,4364,12,6162,53835488,5894,396,6212,248854166,384948000,51,0,0
flecs_rows,setup_individual,1000000,7,1,0,0,0.000000000,0,292534,292854,354,355,275,145,28,299282,275,145,28,299282,393748000,52,0,0
flecs_rows,create_individual,1000000,7,1000000,0,0,0.000000000,292534,96503214,96503214,1540,1540,1092,505,12,176163848,1367,650,40,176463130,393748000,52,0,0
flecs_rows,destroy_individual,1000000,7,1,0,0,0.000000000,96503214,0,121843790,0,5493,3973,14,5513,34441904,5340,664,5553,210905034,384948000,51,0,0
flecs_rows,setup_bulk,1000000,7,1,0,0,0.000000000,0,292534,292854,354,355,275,145,28,299282,275,145,28,299282,393748000,52,0,0
flecs_rows,create_bulk,1000000,7,1000000,0,0,0.000000000,292534,96475726,96475726,1449,1449,1075,29,4,103757208,1350,174,32,104056490,393748000,52,0,0
flecs_rows,create_queries,1000000,7,5,0,0,0.000000000,96475726,96604036,96604036,1495,1495,46,7,3,128550,1396,181,35,104185040,393748000,52,0,0
flecs_rows,spot_color,1000000,7,500000,0,5,747606.289062500,96604036,96604036,96604036,1495,1495,0,0,0,0,1396,181,35,104185040,393748000,52,0,0
flecs_rows,all_light_color,1000000,7,1250000,0,10,1868922.539062500,96604036,96604036,96604036,1495,1495,0,0,0,0,1396,181,35,104185040,393748000,52,0,0
flecs_rows,health_position,1000000,7,2500000,0,15,371020340.000000000,96604036,96604036,96604036,1495,1495,0,0,0,0,1396,181,35,104185040,393748000,52,0,0
flecs_rows,enemy_health_position,1000000,7,1200000,0,5,178365505.000000000,96604036,96604036,96604036,1495,1495,0,0,0,0,1396,181,35,104185040,393748000,52,0,0
flecs_rows,explosion_r50_first,1000000,7,500000,125290,3,71071818.000000000,96604036,96604036,96604036,1495,1495,0,0,0,0,1396,181,35,104185040,393748000,52,0,0
flecs_rows,shuffled_position,1000000,7,1000000,0,0,-453538.000000000,96604036,96604036,96604036,1495,1495,0,0,0,0,1396,181,35,104185040,393748000,52,0,0
flecs_rows,add_10pct_live_queries_batch100,1000000,7,100000,0,0,0.000000000,96604036,146722708,146722708,1596,1596,103,13,2,98623504,1499,194,37,202808544,393748000,52,0,0
flecs_rows,all_light_after_add,1000000,7,1375000,0,10,2055966.582031250,146722708,146722708,146722708,1596,1596,0,0,0,0,1499,194,37,202808544,393748000,52,0,0
flecs_rows,health_after_add,1000000,7,2750000,0,15,408175930.000000000,146722708,146722708,146722708,1596,1596,0,0,0,0,1499,194,37,202808544,393748000,52,0,0
flecs_rows,remove_1pct,1000000,7,10000,0,0,0.000000000,146722708,146722708,146722708,1596,1596,0,0,0,0,1499,194,37,202808544,393748000,52,0,0
flecs_rows,replace_1pct,1000000,7,10000,0,0,0.000000000,146722708,146725572,146725572,1678,1678,0,82,0,2864,1499,276,37,202811408,393748000,52,0,0
flecs_rows,health_after_churn,1000000,7,2750000,0,15,408175930.000000000,146725572,146725572,146725572,1678,1678,0,0,0,0,1499,276,37,202811408,393748000,52,0,0
flecs_rows,destroy_queries,1000000,7,5,0,0,0.000000000,146725572,146642532,146725572,1648,1678,0,0,30,0,1499,276,67,202811408,393748000,52,0,0
flecs_rows,destroy_bulk,1000000,7,1,0,0,0.000000000,146642532,0,190326980,0,5993,4366,13,6014,53843712,5865,289,6081,256655120,384948000,51,0,0
flecs_columns,setup_individual,1000000,7,1,0,0,0.000000000,0,293078,293398,356,357,277,147,28,299954,277,147,28,299954,393748000,52,0,0
flecs_columns,create_individual,1000000,7,1000000,0,0,0.000000000,293078,92962612,92962612,1694,1694,1142,799,12,168821662,1419,946,40,169121616,393748000,52,0,0
flecs_columns,destroy_individual,1000000,7,1,0,0,0.000000000,92962612,0,118303188,0,5647,3973,14,5667,34441904,5392,960,5707,203563520,384948000,51,0,0
flecs_columns,setup_bulk,1000000,7,1,0,0,0.000000000,0,293078,293398,356,357,277,147,28,299954,277,147,28,299954,393748000,52,0,0
flecs_columns,create_bulk,1000000,7,1000000,0,0,0.000000000,293078,92930356,92930356,1512,1512,1124,41,4,100211294,1401,188,32,100511248,393748000,52,0,0
flecs_columns,create_queries,1000000,7,5,0,0,0.000000000,92930356,93004922,93004954,1539,1540,26,7,2,74710,1427,195,34,100585958,393748000,52,0,0
flecs_columns,spot_color,1000000,7,500000,0,5,747606.289062500,93004922,93004922,93004922,1539,1539,0,0,0,0,1427,195,34,100585958,393748000,52,0,0
flecs_columns,all_light_color,1000000,7,1250000,0,10,1868922.539062500,93004922,93004922,93004922,1539,1539,0,0,0,0,1427,195,34,100585958,393748000,52,0,0
flecs_columns,health_position,1000000,7,2500000,0,15,371020340.000000000,93004922,93004922,93004922,1539,1539,0,0,0,0,1427,195,34,100585958,393748000,52,0,0
flecs_columns,enemy_health_position,1000000,7,1200000,0,5,178365505.000000000,93004922,93004922,93004922,1539,1539,0,0,0,0,1427,195,34,100585958,393748000,52,0,0
flecs_columns,explosion_r50_first,1000000,7,500000,125290,3,71071818.000000000,93004922,93004922,93004922,1539,1539,0,0,0,0,1427,195,34,100585958,393748000,52,0,0
flecs_columns,shuffled_position,1000000,7,1000000,0,0,-453538.000000000,93004922,93004922,93004922,1539,1539,0,0,0,0,1427,195,34,100585958,393748000,52,0,0
flecs_columns,add_10pct_live_queries_batch100,1000000,7,100000,0,0,0.000000000,93004922,141026442,141026442,1640,1640,103,17,2,94429200,1530,212,36,195015158,393748000,52,0,0
flecs_columns,all_light_after_add,1000000,7,1375000,0,10,2055966.582031250,141026442,141026442,141026442,1640,1640,0,0,0,0,1530,212,36,195015158,393748000,52,0,0
flecs_columns,health_after_add,1000000,7,2750000,0,15,408175930.000000000,141026442,141026442,141026442,1640,1640,0,0,0,0,1530,212,36,195015158,393748000,52,0,0
flecs_columns,remove_1pct,1000000,7,10000,0,0,0.000000000,141026442,141026442,141026442,1640,1640,0,0,0,0,1530,212,36,195015158,393748000,52,0,0
flecs_columns,replace_1pct,1000000,7,10000,0,0,0.000000000,141026442,141029962,141029962,1812,1812,0,172,0,3520,1530,384,36,195018678,393748000,52,0,0
flecs_columns,health_after_churn,1000000,7,2750000,0,15,408175930.000000000,141029962,141029962,141029962,1812,1812,0,0,0,0,1530,384,36,195018678,393748000,52,0,0
flecs_columns,destroy_queries,1000000,7,5,0,0,0.000000000,141029962,140988522,141029962,1798,1812,0,0,14,0,1530,384,50,195018678,393748000,52,0,0
flecs_columns,destroy_bulk,1000000,7,1,0,0,0.000000000,140988522,0,184664778,0,6141,4364,12,6162,53835488,5894,396,6212,248854166,384948000,51,0,0
data,setup_individual,1000000,7,1,0,0,0.000000000,0,2536,2536,20,20,20,0,0,2536,20,0,0,2536,393748000,52,0,0
data,create_individual,1000000,7,1000000,0,0,0.000000000,2536,130419176,134613480,39,40,316,0,297,260830144,336,0,297,260832680,393748000,52,0,0
data,destroy_individual,1000000,7,1,0,0,0.000000000,130419176,0,130419176,0,39,0,0,39,0,336,0,336,260832680,384948000,51,0,0
data,setup_bulk,1000000,7,1,0,0,0.000000000,0,2536,2536,20,20,20,0,0,2536,20,0,0,2536,393748000,52,0,0
data,create_bulk,1000000,7,1000000,0,0,0.000000000,2536,130419176,130419176,39,39,22,0,3,145096704,42,0,3,145099240,393748000,52,0,0
# footprint,sample=7,operation=create_bulk,store=240,tables=2296,row_metadata=28704768,slots=16777216,base_rows=42467328,mutable_rows=42467328,instances=0,queries=0,base_blocks=0,base_used=0,base_capacity=0,payload_blocks=0,payload_capacity=0,total=130419176
data,create_queries,1000000,7,5,0,0,0.000000000,130419176,130422400,130422400,65,65,26,0,0,3224,68,0,3,145102464,393748000,52,0,0
data,spot_color,1000000,7,500000,0,5,747606.289062500,130422400,130422400,130422400,65,65,0,0,0,0,68,0,3,145102464,393748000,52,0,0
data,all_light_color,1000000,7,1250000,0,10,1868922.539062500,130422400,130422400,130422400,65,65,0,0,0,0,68,0,3,145102464,393748000,52,0,0
data,health_position,1000000,7,2500000,0,15,371020340.000000000,130422400,130422400,130422400,65,65,0,0,0,0,68,0,3,145102464,393748000,52,0,0
data,enemy_health_position,1000000,7,1200000,0,5,178365505.000000000,130422400,130422400,130422400,65,65,0,0,0,0,68,0,3,145102464,393748000,52,0,0
data,explosion_r50_first,1000000,7,500000,125290,3,71071818.000000000,130422400,130422400,130422400,65,65,0,0,0,0,68,0,3,145102464,393748000,52,0,0
data,shuffled_position,1000000,7,1000000,0,0,-453538.000000000,130422400,130422400,130422400,65,65,0,0,0,0,68,0,3,145102464,393748000,52,0,0
data,add_10pct_live_queries_batch100,1000000,7,100000,0,0,0.000000000,130422400,182851200,189142656,65,66,6,0,6,104857600,74,0,9,249960064,393748000,52,0,0
data,all_light_after_add,1000000,7,1375000,0,10,2055966.582031250,182851200,182851200,182851200,65,65,0,0,0,0,74,0,9,249960064,393748000,52,0,0
data,health_after_add,1000000,7,2750000,0,15,408175930.000000000,182851200,182851200,182851200,65,65,0,0,0,0,74,0,9,249960064,393748000,52,0,0
data,remove_1pct,1000000,7,10000,0,0,0.000000000,182851200,182851200,182851200,65,65,0,0,0,0,74,0,9,249960064,393748000,52,0,0
data,replace_1pct,1000000,7,10000,0,0,0.000000000,182851200,182851200,182851200,65,65,0,0,0,0,74,0,9,249960064,393748000,52,0,0
data,health_after_churn,1000000,7,2750000,0,15,408175930.000000000,182851200,182851200,182851200,65,65,0,0,0,0,74,0,9,249960064,393748000,52,0,0
data,destroy_queries,1000000,7,5,0,0,0.000000000,182851200,182848104,182851200,40,65,0,0,25,0,74,0,34,249960064,393748000,52,0,0
data,destroy_bulk,1000000,7,1,0,0,0.000000000,182848104,0,182848104,0,40,0,0,40,0,74,0,74,249960064,384948000,51,0,0
