# packed_rows=16; merged unchanged samples from separate C++ and Rust processes
backend,operation,rows,sample,operations,hits,batches,checksum,before_bytes,live_bytes,peak_bytes,live_blocks,peak_blocks,allocations,reallocations,frees,allocated_bytes,total_allocations,total_reallocations,total_frees,total_allocated_bytes,fixture_bytes,fixture_blocks,shared_bytes,shared_blocks
flecs_rows,setup_packed,1000000,1,1,0,0,0.000000000,0,292534,292854,354,355,275,145,28,299282,275,145,28,299282,393748000,52,5768,12
flecs_rows,packed_populate_and_ids,1000000,1,1000000,0,0,0.000000000,292534,96475726,96475726,1449,1449,1075,29,4,103757208,1350,174,32,104056490,393748000,52,5768,12
flecs_rows,packed_create_queries,1000000,1,2,0,0,0.000000000,96475726,96554820,96554852,1483,1484,33,6,2,79206,1383,180,34,104135696,393748000,52,5768,12
flecs_rows,packed_light_color,1000000,1,1250000,0,10,1825317.382812500,96554820,96554820,96554820,1483,1483,0,0,0,0,1383,180,34,104135696,393748000,52,5768,12
flecs_rows,packed_0pct_random_get,1000000,1,1000000,0,0,80237500.000000000,96554820,96554820,96554820,1483,1483,0,0,0,0,1383,180,34,104135696,393748000,52,5768,12
flecs_rows,packed_0pct_health_query,1000000,1,2500000,0,15,372846875.000000000,96554820,96554820,96554820,1483,1483,0,0,0,0,1383,180,34,104135696,393748000,52,5768,12
flecs_rows,packed_1pct_update_first,1000000,1,10000,0,0,690123.000000000,96554820,96554820,96554820,1483,1483,0,0,0,0,1383,180,34,104135696,393748000,52,5768,12
flecs_rows,packed_1pct_update_repeat,1000000,1,10000,0,0,700123.000000000,96554820,96554820,96554820,1483,1483,0,0,0,0,1383,180,34,104135696,393748000,52,5768,12
flecs_rows,packed_1pct_random_get,1000000,1,1000000,0,0,80257500.000000000,96554820,96554820,96554820,1483,1483,0,0,0,0,1383,180,34,104135696,393748000,52,5768,12
flecs_rows,packed_1pct_health_query,1000000,1,2500000,0,15,372888465.000000000,96554820,96554820,96554820,1483,1483,0,0,0,0,1383,180,34,104135696,393748000,52,5768,12
flecs_rows,packed_10pct_update_first,1000000,1,100000,0,0,7010657.000000000,96554820,96554820,96554820,1483,1483,0,0,0,0,1383,180,34,104135696,393748000,52,5768,12
flecs_rows,packed_10pct_update_repeat,1000000,1,100000,0,0,7110657.000000000,96554820,96554820,96554820,1483,1483,0,0,0,0,1383,180,34,104135696,393748000,52,5768,12
flecs_rows,packed_10pct_random_get,1000000,1,1000000,0,0,80437500.000000000,96554820,96554820,96554820,1483,1483,0,0,0,0,1383,180,34,104135696,393748000,52,5768,12
flecs_rows,packed_10pct_health_query,1000000,1,2500000,0,15,373270815.000000000,96554820,96554820,96554820,1483,1483,0,0,0,0,1383,180,34,104135696,393748000,52,5768,12
flecs_rows,destroy_queries,1000000,1,2,0,0,0.000000000,96554820,96512900,96554820,1463,1483,0,0,20,0,1383,180,54,104135696,393748000,52,5768,12
flecs_rows,destroy_packed,1000000,1,1,0,0,0.000000000,96512900,0,121853460,0,5416,3973,13,5436,34441872,5356,193,5490,138577568,384948000,51,5768,12
flecs_columns,setup_packed,1000000,1,1,0,0,0.000000000,0,293078,293398,356,357,277,147,28,299954,277,147,28,299954,393748000,52,5768,12
flecs_columns,packed_populate_and_ids,1000000,1,1000000,0,0,0.000000000,293078,92930356,92930356,1512,1512,1124,41,4,100211294,1401,188,32,100511248,393748000,52,5768,12
flecs_columns,packed_create_queries,1000000,1,2,0,0,0.000000000,92930356,92964250,92964250,1529,1529,14,4,0,33910,1415,192,32,100545158,393748000,52,5768,12
flecs_columns,packed_light_color,1000000,1,1250000,0,10,1825317.382812500,92964250,92964250,92964250,1529,1529,0,0,0,0,1415,192,32,100545158,393748000,52,5768,12
flecs_columns,packed_0pct_random_get,1000000,1,1000000,0,0,80237500.000000000,92964250,92964250,92964250,1529,1529,0,0,0,0,1415,192,32,100545158,393748000,52,5768,12
flecs_columns,packed_0pct_health_query,1000000,1,2500000,0,15,372846875.000000000,92964250,92964250,92964250,1529,1529,0,0,0,0,1415,192,32,100545158,393748000,52,5768,12
flecs_columns,packed_1pct_update_first,1000000,1,10000,0,0,690123.000000000,92964250,92964250,92964250,1529,1529,0,0,0,0,1415,192,32,100545158,393748000,52,5768,12
flecs_columns,packed_1pct_update_repeat,1000000,1,10000,0,0,700123.000000000,92964250,92964250,92964250,1529,1529,0,0,0,0,1415,192,32,100545158,393748000,52,5768,12
flecs_columns,packed_1pct_random_get,1000000,1,1000000,0,0,80257500.000000000,92964250,92964250,92964250,1529,1529,0,0,0,0,1415,192,32,100545158,393748000,52,5768,12
flecs_columns,packed_1pct_health_query,1000000,1,2500000,0,15,372888465.000000000,92964250,92964250,92964250,1529,1529,0,0,0,0,1415,192,32,100545158,393748000,52,5768,12
flecs_columns,packed_10pct_update_first,1000000,1,100000,0,0,7010657.000000000,92964250,92964250,92964250,1529,1529,0,0,0,0,1415,192,32,100545158,393748000,52,5768,12
flecs_columns,packed_10pct_update_repeat,1000000,1,100000,0,0,7110657.000000000,92964250,92964250,92964250,1529,1529,0,0,0,0,1415,192,32,100545158,393748000,52,5768,12
flecs_columns,packed_10pct_random_get,1000000,1,1000000,0,0,80437500.000000000,92964250,92964250,92964250,1529,1529,0,0,0,0,1415,192,32,100545158,393748000,52,5768,12
flecs_columns,packed_10pct_health_query,1000000,1,2500000,0,15,373270815.000000000,92964250,92964250,92964250,1529,1529,0,0,0,0,1415,192,32,100545158,393748000,52,5768,12
flecs_columns,destroy_queries,1000000,1,2,0,0,0.000000000,92964250,92947482,92964250,1521,1529,0,0,8,0,1415,192,40,100545158,393748000,52,5768,12
flecs_columns,destroy_packed,1000000,1,1,0,0,0.000000000,92947482,0,118288042,0,5474,3973,13,5494,34441872,5388,205,5534,134987030,384948000,51,5768,12
data,setup_packed,1000000,1,1,0,0,0.000000000,0,112,112,1,1,1,0,0,112,1,0,0,112,393748000,52,5768,12
data,packed_populate_and_ids,1000000,1,1000000,0,0,0.000000000,112,93546464,97312608,270,272,440,0,171,181483528,441,0,171,181483640,394248000,53,5768,12
data,packed_create_queries,1000000,1,2,0,0,0.000000000,93546464,93547696,93547696,280,280,10,0,0,1232,451,0,171,181484872,394248000,53,5768,12
data,packed_light_color,1000000,1,1250000,0,10,1825317.382812500,93547696,93547696,93547696,280,280,0,0,0,0,451,0,171,181484872,394248000,53,5768,12
data,packed_0pct_random_get,1000000,1,1000000,0,0,80237500.000000000,93547696,93547696,93547696,280,280,0,0,0,0,451,0,171,181484872,394248000,53,5768,12
data,packed_0pct_health_query,1000000,1,2500000,0,15,372846875.000000000,93547696,93547696,93547696,280,280,0,0,0,0,451,0,171,181484872,394248000,53,5768,12
data,packed_0pct_reset,1000000,1,1000000,0,0,0.000000000,93547696,93547696,93547696,280,280,0,0,0,0,451,0,171,181484872,394248000,53,5768,12
data,packed_1pct_update_first,1000000,1,10000,0,0,690123.000000000,93547696,93547696,93547696,280,280,0,0,0,0,451,0,171,181484872,394248000,53,5768,12
data,packed_1pct_update_repeat,1000000,1,10000,0,0,700123.000000000,93547696,93547696,93547696,280,280,0,0,0,0,451,0,171,181484872,394248000,53,5768,12
data,packed_1pct_random_get,1000000,1,1000000,0,0,80257500.000000000,93547696,93547696,93547696,280,280,0,0,0,0,451,0,171,181484872,394248000,53,5768,12
data,packed_1pct_health_query,1000000,1,2500000,0,15,372888465.000000000,93547696,93547696,93547696,280,280,0,0,0,0,451,0,171,181484872,394248000,53,5768,12
data,packed_1pct_reset,1000000,1,1000000,0,0,0.000000000,93547696,93547696,93547696,280,280,0,0,0,0,451,0,171,181484872,394248000,53,5768,12
data,packed_10pct_update_first,1000000,1,100000,0,0,7010657.000000000,93547696,93547696,93547696,280,280,0,0,0,0,451,0,171,181484872,394248000,53,5768,12
data,packed_10pct_update_repeat,1000000,1,100000,0,0,7110657.000000000,93547696,93547696,93547696,280,280,0,0,0,0,451,0,171,181484872,394248000,53,5768,12
data,packed_10pct_random_get,1000000,1,1000000,0,0,80437500.000000000,93547696,93547696,93547696,280,280,0,0,0,0,451,0,171,181484872,394248000,53,5768,12
data,packed_10pct_health_query,1000000,1,2500000,0,15,373270815.000000000,93547696,93547696,93547696,280,280,0,0,0,0,451,0,171,181484872,394248000,53,5768,12
data,packed_10pct_reset,1000000,1,1000000,0,0,0.000000000,93547696,93547696,93547696,280,280,0,0,0,0,451,0,171,181484872,394248000,53,5768,12
data,destroy_queries,1000000,1,2,0,0,0.000000000,93547696,93546464,93547696,270,280,0,0,10,0,451,0,181,181484872,394248000,53,5768,12
data,packed_unload_no_queries,1000000,1,1000000,0,0,0.000000000,93546464,16777584,93546464,4,270,0,0,266,0,451,0,447,181484872,394248000,53,5768,12
data,destroy_packed,1000000,1,1,0,0,0.000000000,16777584,0,16777584,0,4,0,0,4,0,451,0,451,181484872,384948000,51,5768,12
flecs_columns,setup_packed,1000000,2,1,0,0,0.000000000,0,293078,293398,356,357,277,147,28,299954,277,147,28,299954,393748000,52,5768,12
flecs_columns,packed_populate_and_ids,1000000,2,1000000,0,0,0.000000000,293078,92930356,92930356,1512,1512,1124,41,4,100211294,1401,188,32,100511248,393748000,52,5768,12
flecs_columns,packed_create_queries,1000000,2,2,0,0,0.000000000,92930356,92964250,92964250,1529,1529,14,4,0,33910,1415,192,32,100545158,393748000,52,5768,12
flecs_columns,packed_light_color,1000000,2,1250000,0,10,1825317.382812500,92964250,92964250,92964250,1529,1529,0,0,0,0,1415,192,32,100545158,393748000,52,5768,12
flecs_columns,packed_0pct_random_get,1000000,2,1000000,0,0,80237500.000000000,92964250,92964250,92964250,1529,1529,0,0,0,0,1415,192,32,100545158,393748000,52,5768,12
flecs_columns,packed_0pct_health_query,1000000,2,2500000,0,15,372846875.000000000,92964250,92964250,92964250,1529,1529,0,0,0,0,1415,192,32,100545158,393748000,52,5768,12
flecs_columns,packed_1pct_update_first,1000000,2,10000,0,0,690123.000000000,92964250,92964250,92964250,1529,1529,0,0,0,0,1415,192,32,100545158,393748000,52,5768,12
flecs_columns,packed_1pct_update_repeat,1000000,2,10000,0,0,700123.000000000,92964250,92964250,92964250,1529,1529,0,0,0,0,1415,192,32,100545158,393748000,52,5768,12
flecs_columns,packed_1pct_random_get,1000000,2,1000000,0,0,80257500.000000000,92964250,92964250,92964250,1529,1529,0,0,0,0,1415,192,32,100545158,393748000,52,5768,12
flecs_columns,packed_1pct_health_query,1000000,2,2500000,0,15,372888465.000000000,92964250,92964250,92964250,1529,1529,0,0,0,0,1415,192,32,100545158,393748000,52,5768,12
flecs_columns,packed_10pct_update_first,1000000,2,100000,0,0,7010657.000000000,92964250,92964250,92964250,1529,1529,0,0,0,0,1415,192,32,100545158,393748000,52,5768,12
flecs_columns,packed_10pct_update_repeat,1000000,2,100000,0,0,7110657.000000000,92964250,92964250,92964250,1529,1529,0,0,0,0,1415,192,32,100545158,393748000,52,5768,12
flecs_columns,packed_10pct_random_get,1000000,2,1000000,0,0,80437500.000000000,92964250,92964250,92964250,1529,1529,0,0,0,0,1415,192,32,100545158,393748000,52,5768,12
flecs_columns,packed_10pct_health_query,1000000,2,2500000,0,15,373270815.000000000,92964250,92964250,92964250,1529,1529,0,0,0,0,1415,192,32,100545158,393748000,52,5768,12
flecs_columns,destroy_queries,1000000,2,2,0,0,0.000000000,92964250,92947482,92964250,1521,1529,0,0,8,0,1415,192,40,100545158,393748000,52,5768,12
flecs_columns,destroy_packed,1000000,2,1,0,0,0.000000000,92947482,0,118288042,0,5474,3973,13,5494,34441872,5388,205,5534,134987030,384948000,51,5768,12
data,setup_packed,1000000,2,1,0,0,0.000000000,0,112,112,1,1,1,0,0,112,1,0,0,112,393748000,52,5768,12
data,packed_populate_and_ids,1000000,2,1000000,0,0,0.000000000,112,93546464,97312608,270,272,440,0,171,181483528,441,0,171,181483640,394248000,53,5768,12
data,packed_create_queries,1000000,2,2,0,0,0.000000000,93546464,93547696,93547696,280,280,10,0,0,1232,451,0,171,181484872,394248000,53,5768,12
data,packed_light_color,1000000,2,1250000,0,10,1825317.382812500,93547696,93547696,93547696,280,280,0,0,0,0,451,0,171,181484872,394248000,53,5768,12
data,packed_0pct_random_get,1000000,2,1000000,0,0,80237500.000000000,93547696,93547696,93547696,280,280,0,0,0,0,451,0,171,181484872,394248000,53,5768,12
data,packed_0pct_health_query,1000000,2,2500000,0,15,372846875.000000000,93547696,93547696,93547696,280,280,0,0,0,0,451,0,171,181484872,394248000,53,5768,12
data,packed_0pct_reset,1000000,2,1000000,0,0,0.000000000,93547696,93547696,93547696,280,280,0,0,0,0,451,0,171,181484872,394248000,53,5768,12
data,packed_1pct_update_first,1000000,2,10000,0,0,690123.000000000,93547696,93547696,93547696,280,280,0,0,0,0,451,0,171,181484872,394248000,53,5768,12
data,packed_1pct_update_repeat,1000000,2,10000,0,0,700123.000000000,93547696,93547696,93547696,280,280,0,0,0,0,451,0,171,181484872,394248000,53,5768,12
data,packed_1pct_random_get,1000000,2,1000000,0,0,80257500.000000000,93547696,93547696,93547696,280,280,0,0,0,0,451,0,171,181484872,394248000,53,5768,12
data,packed_1pct_health_query,1000000,2,2500000,0,15,372888465.000000000,93547696,93547696,93547696,280,280,0,0,0,0,451,0,171,181484872,394248000,53,5768,12
data,packed_1pct_reset,1000000,2,1000000,0,0,0.000000000,93547696,93547696,93547696,280,280,0,0,0,0,451,0,171,181484872,394248000,53,5768,12
data,packed_10pct_update_first,1000000,2,100000,0,0,7010657.000000000,93547696,93547696,93547696,280,280,0,0,0,0,451,0,171,181484872,394248000,53,5768,12
data,packed_10pct_update_repeat,1000000,2,100000,0,0,7110657.000000000,93547696,93547696,93547696,280,280,0,0,0,0,451,0,171,181484872,394248000,53,5768,12
data,packed_10pct_random_get,1000000,2,1000000,0,0,80437500.000000000,93547696,93547696,93547696,280,280,0,0,0,0,451,0,171,181484872,394248000,53,5768,12
data,packed_10pct_health_query,1000000,2,2500000,0,15,373270815.000000000,93547696,93547696,93547696,280,280,0,0,0,0,451,0,171,181484872,394248000,53,5768,12
data,packed_10pct_reset,1000000,2,1000000,0,0,0.000000000,93547696,93547696,93547696,280,280,0,0,0,0,451,0,171,181484872,394248000,53,5768,12
data,destroy_queries,1000000,2,2,0,0,0.000000000,93547696,93546464,93547696,270,280,0,0,10,0,451,0,181,181484872,394248000,53,5768,12
data,packed_unload_no_queries,1000000,2,1000000,0,0,0.000000000,93546464,16777584,93546464,4,270,0,0,266,0,451,0,447,181484872,394248000,53,5768,12
data,destroy_packed,1000000,2,1,0,0,0.000000000,16777584,0,16777584,0,4,0,0,4,0,451,0,451,181484872,384948000,51,5768,12
flecs_rows,setup_packed,1000000,2,1,0,0,0.000000000,0,292534,292854,354,355,275,145,28,299282,275,145,28,299282,393748000,52,5768,12
flecs_rows,packed_populate_and_ids,1000000,2,1000000,0,0,0.000000000,292534,96475726,96475726,1449,1449,1075,29,4,103757208,1350,174,32,104056490,393748000,52,5768,12
flecs_rows,packed_create_queries,1000000,2,2,0,0,0.000000000,96475726,96554820,96554852,1483,1484,33,6,2,79206,1383,180,34,104135696,393748000,52,5768,12
flecs_rows,packed_light_color,1000000,2,1250000,0,10,1825317.382812500,96554820,96554820,96554820,1483,1483,0,0,0,0,1383,180,34,104135696,393748000,52,5768,12
flecs_rows,packed_0pct_random_get,1000000,2,1000000,0,0,80237500.000000000,96554820,96554820,96554820,1483,1483,0,0,0,0,1383,180,34,104135696,393748000,52,5768,12
flecs_rows,packed_0pct_health_query,1000000,2,2500000,0,15,372846875.000000000,96554820,96554820,96554820,1483,1483,0,0,0,0,1383,180,34,104135696,393748000,52,5768,12
flecs_rows,packed_1pct_update_first,1000000,2,10000,0,0,690123.000000000,96554820,96554820,96554820,1483,1483,0,0,0,0,1383,180,34,104135696,393748000,52,5768,12
flecs_rows,packed_1pct_update_repeat,1000000,2,10000,0,0,700123.000000000,96554820,96554820,96554820,1483,1483,0,0,0,0,1383,180,34,104135696,393748000,52,5768,12
flecs_rows,packed_1pct_random_get,1000000,2,1000000,0,0,80257500.000000000,96554820,96554820,96554820,1483,1483,0,0,0,0,1383,180,34,104135696,393748000,52,5768,12
flecs_rows,packed_1pct_health_query,1000000,2,2500000,0,15,372888465.000000000,96554820,96554820,96554820,1483,1483,0,0,0,0,1383,180,34,104135696,393748000,52,5768,12
flecs_rows,packed_10pct_update_first,1000000,2,100000,0,0,7010657.000000000,96554820,96554820,96554820,1483,1483,0,0,0,0,1383,180,34,104135696,393748000,52,5768,12
flecs_rows,packed_10pct_update_repeat,1000000,2,100000,0,0,7110657.000000000,96554820,96554820,96554820,1483,1483,0,0,0,0,1383,180,34,104135696,393748000,52,5768,12
flecs_rows,packed_10pct_random_get,1000000,2,1000000,0,0,80437500.000000000,96554820,96554820,96554820,1483,1483,0,0,0,0,1383,180,34,104135696,393748000,52,5768,12
flecs_rows,packed_10pct_health_query,1000000,2,2500000,0,15,373270815.000000000,96554820,96554820,96554820,1483,1483,0,0,0,0,1383,180,34,104135696,393748000,52,5768,12
flecs_rows,destroy_queries,1000000,2,2,0,0,0.000000000,96554820,96512900,96554820,1463,1483,0,0,20,0,1383,180,54,104135696,393748000,52,5768,12
flecs_rows,destroy_packed,1000000,2,1,0,0,0.000000000,96512900,0,121853460,0,5416,3973,13,5436,34441872,5356,193,5490,138577568,384948000,51,5768,12
data,setup_packed,1000000,3,1,0,0,0.000000000,0,112,112,1,1,1,0,0,112,1,0,0,112,393748000,52,5768,12
data,packed_populate_and_ids,1000000,3,1000000,0,0,0.000000000,112,93546464,97312608,270,272,440,0,171,181483528,441,0,171,181483640,394248000,53,5768,12
data,packed_create_queries,1000000,3,2,0,0,0.000000000,93546464,93547696,93547696,280,280,10,0,0,1232,451,0,171,181484872,394248000,53,5768,12
data,packed_light_color,1000000,3,1250000,0,10,1825317.382812500,93547696,93547696,93547696,280,280,0,0,0,0,451,0,171,181484872,394248000,53,5768,12
data,packed_0pct_random_get,1000000,3,1000000,0,0,80237500.000000000,93547696,93547696,93547696,280,280,0,0,0,0,451,0,171,181484872,394248000,53,5768,12
data,packed_0pct_health_query,1000000,3,2500000,0,15,372846875.000000000,93547696,93547696,93547696,280,280,0,0,0,0,451,0,171,181484872,394248000,53,5768,12
data,packed_0pct_reset,1000000,3,1000000,0,0,0.000000000,93547696,93547696,93547696,280,280,0,0,0,0,451,0,171,181484872,394248000,53,5768,12
data,packed_1pct_update_first,1000000,3,10000,0,0,690123.000000000,93547696,93547696,93547696,280,280,0,0,0,0,451,0,171,181484872,394248000,53,5768,12
data,packed_1pct_update_repeat,1000000,3,10000,0,0,700123.000000000,93547696,93547696,93547696,280,280,0,0,0,0,451,0,171,181484872,394248000,53,5768,12
data,packed_1pct_random_get,1000000,3,1000000,0,0,80257500.000000000,93547696,93547696,93547696,280,280,0,0,0,0,451,0,171,181484872,394248000,53,5768,12
data,packed_1pct_health_query,1000000,3,2500000,0,15,372888465.000000000,93547696,93547696,93547696,280,280,0,0,0,0,451,0,171,181484872,394248000,53,5768,12
data,packed_1pct_reset,1000000,3,1000000,0,0,0.000000000,93547696,93547696,93547696,280,280,0,0,0,0,451,0,171,181484872,394248000,53,5768,12
data,packed_10pct_update_first,1000000,3,100000,0,0,7010657.000000000,93547696,93547696,93547696,280,280,0,0,0,0,451,0,171,181484872,394248000,53,5768,12
data,packed_10pct_update_repeat,1000000,3,100000,0,0,7110657.000000000,93547696,93547696,93547696,280,280,0,0,0,0,451,0,171,181484872,394248000,53,5768,12
data,packed_10pct_random_get,1000000,3,1000000,0,0,80437500.000000000,93547696,93547696,93547696,280,280,0,0,0,0,451,0,171,181484872,394248000,53,5768,12
data,packed_10pct_health_query,1000000,3,2500000,0,15,373270815.000000000,93547696,93547696,93547696,280,280,0,0,0,0,451,0,171,181484872,394248000,53,5768,12
data,packed_10pct_reset,1000000,3,1000000,0,0,0.000000000,93547696,93547696,93547696,280,280,0,0,0,0,451,0,171,181484872,394248000,53,5768,12
data,destroy_queries,1000000,3,2,0,0,0.000000000,93547696,93546464,93547696,270,280,0,0,10,0,451,0,181,181484872,394248000,53,5768,12
data,packed_unload_no_queries,1000000,3,1000000,0,0,0.000000000,93546464,16777584,93546464,4,270,0,0,266,0,451,0,447,181484872,394248000,53,5768,12
data,destroy_packed,1000000,3,1,0,0,0.000000000,16777584,0,16777584,0,4,0,0,4,0,451,0,451,181484872,384948000,51,5768,12
flecs_rows,setup_packed,1000000,3,1,0,0,0.000000000,0,292534,292854,354,355,275,145,28,299282,275,145,28,299282,393748000,52,5768,12
flecs_rows,packed_populate_and_ids,1000000,3,1000000,0,0,0.000000000,292534,96475726,96475726,1449,1449,1075,29,4,103757208,1350,174,32,104056490,393748000,52,5768,12
flecs_rows,packed_create_queries,1000000,3,2,0,0,0.000000000,96475726,96554820,96554852,1483,1484,33,6,2,79206,1383,180,34,104135696,393748000,52,5768,12
flecs_rows,packed_light_color,1000000,3,1250000,0,10,1825317.382812500,96554820,96554820,96554820,1483,1483,0,0,0,0,1383,180,34,104135696,393748000,52,5768,12
flecs_rows,packed_0pct_random_get,1000000,3,1000000,0,0,80237500.000000000,96554820,96554820,96554820,1483,1483,0,0,0,0,1383,180,34,104135696,393748000,52,5768,12
flecs_rows,packed_0pct_health_query,1000000,3,2500000,0,15,372846875.000000000,96554820,96554820,96554820,1483,1483,0,0,0,0,1383,180,34,104135696,393748000,52,5768,12
flecs_rows,packed_1pct_update_first,1000000,3,10000,0,0,690123.000000000,96554820,96554820,96554820,1483,1483,0,0,0,0,1383,180,34,104135696,393748000,52,5768,12
flecs_rows,packed_1pct_update_repeat,1000000,3,10000,0,0,700123.000000000,96554820,96554820,96554820,1483,1483,0,0,0,0,1383,180,34,104135696,393748000,52,5768,12
flecs_rows,packed_1pct_random_get,1000000,3,1000000,0,0,80257500.000000000,96554820,96554820,96554820,1483,1483,0,0,0,0,1383,180,34,104135696,393748000,52,5768,12
flecs_rows,packed_1pct_health_query,1000000,3,2500000,0,15,372888465.000000000,96554820,96554820,96554820,1483,1483,0,0,0,0,1383,180,34,104135696,393748000,52,5768,12
flecs_rows,packed_10pct_update_first,1000000,3,100000,0,0,7010657.000000000,96554820,96554820,96554820,1483,1483,0,0,0,0,1383,180,34,104135696,393748000,52,5768,12
flecs_rows,packed_10pct_update_repeat,1000000,3,100000,0,0,7110657.000000000,96554820,96554820,96554820,1483,1483,0,0,0,0,1383,180,34,104135696,393748000,52,5768,12
flecs_rows,packed_10pct_random_get,1000000,3,1000000,0,0,80437500.000000000,96554820,96554820,96554820,1483,1483,0,0,0,0,1383,180,34,104135696,393748000,52,5768,12
flecs_rows,packed_10pct_health_query,1000000,3,2500000,0,15,373270815.000000000,96554820,96554820,96554820,1483,1483,0,0,0,0,1383,180,34,104135696,393748000,52,5768,12
flecs_rows,destroy_queries,1000000,3,2,0,0,0.000000000,96554820,96512900,96554820,1463,1483,0,0,20,0,1383,180,54,104135696,393748000,52,5768,12
flecs_rows,destroy_packed,1000000,3,1,0,0,0.000000000,96512900,0,121853460,0,5416,3973,13,5436,34441872,5356,193,5490,138577568,384948000,51,5768,12
flecs_columns,setup_packed,1000000,3,1,0,0,0.000000000,0,293078,293398,356,357,277,147,28,299954,277,147,28,299954,393748000,52,5768,12
flecs_columns,packed_populate_and_ids,1000000,3,1000000,0,0,0.000000000,293078,92930356,92930356,1512,1512,1124,41,4,100211294,1401,188,32,100511248,393748000,52,5768,12
flecs_columns,packed_create_queries,1000000,3,2,0,0,0.000000000,92930356,92964250,92964250,1529,1529,14,4,0,33910,1415,192,32,100545158,393748000,52,5768,12
flecs_columns,packed_light_color,1000000,3,1250000,0,10,1825317.382812500,92964250,92964250,92964250,1529,1529,0,0,0,0,1415,192,32,100545158,393748000,52,5768,12
flecs_columns,packed_0pct_random_get,1000000,3,1000000,0,0,80237500.000000000,92964250,92964250,92964250,1529,1529,0,0,0,0,1415,192,32,100545158,393748000,52,5768,12
flecs_columns,packed_0pct_health_query,1000000,3,2500000,0,15,372846875.000000000,92964250,92964250,92964250,1529,1529,0,0,0,0,1415,192,32,100545158,393748000,52,5768,12
flecs_columns,packed_1pct_update_first,1000000,3,10000,0,0,690123.000000000,92964250,92964250,92964250,1529,1529,0,0,0,0,1415,192,32,100545158,393748000,52,5768,12
flecs_columns,packed_1pct_update_repeat,1000000,3,10000,0,0,700123.000000000,92964250,92964250,92964250,1529,1529,0,0,0,0,1415,192,32,100545158,393748000,52,5768,12
flecs_columns,packed_1pct_random_get,1000000,3,1000000,0,0,80257500.000000000,92964250,92964250,92964250,1529,1529,0,0,0,0,1415,192,32,100545158,393748000,52,5768,12
flecs_columns,packed_1pct_health_query,1000000,3,2500000,0,15,372888465.000000000,92964250,92964250,92964250,1529,1529,0,0,0,0,1415,192,32,100545158,393748000,52,5768,12
flecs_columns,packed_10pct_update_first,1000000,3,100000,0,0,7010657.000000000,92964250,92964250,92964250,1529,1529,0,0,0,0,1415,192,32,100545158,393748000,52,5768,12
flecs_columns,packed_10pct_update_repeat,1000000,3,100000,0,0,7110657.000000000,92964250,92964250,92964250,1529,1529,0,0,0,0,1415,192,32,100545158,393748000,52,5768,12
flecs_columns,packed_10pct_random_get,1000000,3,1000000,0,0,80437500.000000000,92964250,92964250,92964250,1529,1529,0,0,0,0,1415,192,32,100545158,393748000,52,5768,12
flecs_columns,packed_10pct_health_query,1000000,3,2500000,0,15,373270815.000000000,92964250,92964250,92964250,1529,1529,0,0,0,0,1415,192,32,100545158,393748000,52,5768,12
flecs_columns,destroy_queries,1000000,3,2,0,0,0.000000000,92964250,92947482,92964250,1521,1529,0,0,8,0,1415,192,40,100545158,393748000,52,5768,12
flecs_columns,destroy_packed,1000000,3,1,0,0,0.000000000,92947482,0,118288042,0,5474,3973,13,5494,34441872,5388,205,5534,134987030,384948000,51,5768,12
flecs_rows,setup_packed,1000000,4,1,0,0,0.000000000,0,292534,292854,354,355,275,145,28,299282,275,145,28,299282,393748000,52,5768,12
flecs_rows,packed_populate_and_ids,1000000,4,1000000,0,0,0.000000000,292534,96475726,96475726,1449,1449,1075,29,4,103757208,1350,174,32,104056490,393748000,52,5768,12
flecs_rows,packed_create_queries,1000000,4,2,0,0,0.000000000,96475726,96554820,96554852,1483,1484,33,6,2,79206,1383,180,34,104135696,393748000,52,5768,12
flecs_rows,packed_light_color,1000000,4,1250000,0,10,1825317.382812500,96554820,96554820,96554820,1483,1483,0,0,0,0,1383,180,34,104135696,393748000,52,5768,12
flecs_rows,packed_0pct_random_get,1000000,4,1000000,0,0,80237500.000000000,96554820,96554820,96554820,1483,1483,0,0,0,0,1383,180,34,104135696,393748000,52,5768,12
flecs_rows,packed_0pct_health_query,1000000,4,2500000,0,15,372846875.000000000,96554820,96554820,96554820,1483,1483,0,0,0,0,1383,180,34,104135696,393748000,52,5768,12
flecs_rows,packed_1pct_update_first,1000000,4,10000,0,0,690123.000000000,96554820,96554820,96554820,1483,1483,0,0,0,0,1383,180,34,104135696,393748000,52,5768,12
flecs_rows,packed_1pct_update_repeat,1000000,4,10000,0,0,700123.000000000,96554820,96554820,96554820,1483,1483,0,0,0,0,1383,180,34,104135696,393748000,52,5768,12
flecs_rows,packed_1pct_random_get,1000000,4,1000000,0,0,80257500.000000000,96554820,96554820,96554820,1483,1483,0,0,0,0,1383,180,34,104135696,393748000,52,5768,12
flecs_rows,packed_1pct_health_query,1000000,4,2500000,0,15,372888465.000000000,96554820,96554820,96554820,1483,1483,0,0,0,0,1383,180,34,104135696,393748000,52,5768,12
flecs_rows,packed_10pct_update_first,1000000,4,100000,0,0,7010657.000000000,96554820,96554820,96554820,1483,1483,0,0,0,0,1383,180,34,104135696,393748000,52,5768,12
flecs_rows,packed_10pct_update_repeat,1000000,4,100000,0,0,7110657.000000000,96554820,96554820,96554820,1483,1483,0,0,0,0,1383,180,34,104135696,393748000,52,5768,12
flecs_rows,packed_10pct_random_get,1000000,4,1000000,0,0,80437500.000000000,96554820,96554820,96554820,1483,1483,0,0,0,0,1383,180,34,104135696,393748000,52,5768,12
flecs_rows,packed_10pct_health_query,1000000,4,2500000,0,15,373270815.000000000,96554820,96554820,96554820,1483,1483,0,0,0,0,1383,180,34,104135696,393748000,52,5768,12
flecs_rows,destroy_queries,1000000,4,2,0,0,0.000000000,96554820,96512900,96554820,1463,1483,0,0,20,0,1383,180,54,104135696,393748000,52,5768,12
flecs_rows,destroy_packed,1000000,4,1,0,0,0.000000000,96512900,0,121853460,0,5416,3973,13,5436,34441872,5356,193,5490,138577568,384948000,51,5768,12
flecs_columns,setup_packed,1000000,4,1,0,0,0.000000000,0,293078,293398,356,357,277,147,28,299954,277,147,28,299954,393748000,52,5768,12
flecs_columns,packed_populate_and_ids,1000000,4,1000000,0,0,0.000000000,293078,92930356,92930356,1512,1512,1124,41,4,100211294,1401,188,32,100511248,393748000,52,5768,12
flecs_columns,packed_create_queries,1000000,4,2,0,0,0.000000000,92930356,92964250,92964250,1529,1529,14,4,0,33910,1415,192,32,100545158,393748000,52,5768,12
flecs_columns,packed_light_color,1000000,4,1250000,0,10,1825317.382812500,92964250,92964250,92964250,1529,1529,0,0,0,0,1415,192,32,100545158,393748000,52,5768,12
flecs_columns,packed_0pct_random_get,1000000,4,1000000,0,0,80237500.000000000,92964250,92964250,92964250,1529,1529,0,0,0,0,1415,192,32,100545158,393748000,52,5768,12
flecs_columns,packed_0pct_health_query,1000000,4,2500000,0,15,372846875.000000000,92964250,92964250,92964250,1529,1529,0,0,0,0,1415,192,32,100545158,393748000,52,5768,12
flecs_columns,packed_1pct_update_first,1000000,4,10000,0,0,690123.000000000,92964250,92964250,92964250,1529,1529,0,0,0,0,1415,192,32,100545158,393748000,52,5768,12
flecs_columns,packed_1pct_update_repeat,1000000,4,10000,0,0,700123.000000000,92964250,92964250,92964250,1529,1529,0,0,0,0,1415,192,32,100545158,393748000,52,5768,12
flecs_columns,packed_1pct_random_get,1000000,4,1000000,0,0,80257500.000000000,92964250,92964250,92964250,1529,1529,0,0,0,0,1415,192,32,100545158,393748000,52,5768,12
flecs_columns,packed_1pct_health_query,1000000,4,2500000,0,15,372888465.000000000,92964250,92964250,92964250,1529,1529,0,0,0,0,1415,192,32,100545158,393748000,52,5768,12
flecs_columns,packed_10pct_update_first,1000000,4,100000,0,0,7010657.000000000,92964250,92964250,92964250,1529,1529,0,0,0,0,1415,192,32,100545158,393748000,52,5768,12
flecs_columns,packed_10pct_update_repeat,1000000,4,100000,0,0,7110657.000000000,92964250,92964250,92964250,1529,1529,0,0,0,0,1415,192,32,100545158,393748000,52,5768,12
flecs_columns,packed_10pct_random_get,1000000,4,1000000,0,0,80437500.000000000,92964250,92964250,92964250,1529,1529,0,0,0,0,1415,192,32,100545158,393748000,52,5768,12
flecs_columns,packed_10pct_health_query,1000000,4,2500000,0,15,373270815.000000000,92964250,92964250,92964250,1529,1529,0,0,0,0,1415,192,32,100545158,393748000,52,5768,12
flecs_columns,destroy_queries,1000000,4,2,0,0,0.000000000,92964250,92947482,92964250,1521,1529,0,0,8,0,1415,192,40,100545158,393748000,52,5768,12
flecs_columns,destroy_packed,1000000,4,1,0,0,0.000000000,92947482,0,118288042,0,5474,3973,13,5494,34441872,5388,205,5534,134987030,384948000,51,5768,12
data,setup_packed,1000000,4,1,0,0,0.000000000,0,112,112,1,1,1,0,0,112,1,0,0,112,393748000,52,5768,12
data,packed_populate_and_ids,1000000,4,1000000,0,0,0.000000000,112,93546464,97312608,270,272,440,0,171,181483528,441,0,171,181483640,394248000,53,5768,12
data,packed_create_queries,1000000,4,2,0,0,0.000000000,93546464,93547696,93547696,280,280,10,0,0,1232,451,0,171,181484872,394248000,53,5768,12
data,packed_light_color,1000000,4,1250000,0,10,1825317.382812500,93547696,93547696,93547696,280,280,0,0,0,0,451,0,171,181484872,394248000,53,5768,12
data,packed_0pct_random_get,1000000,4,1000000,0,0,80237500.000000000,93547696,93547696,93547696,280,280,0,0,0,0,451,0,171,181484872,394248000,53,5768,12
data,packed_0pct_health_query,1000000,4,2500000,0,15,372846875.000000000,93547696,93547696,93547696,280,280,0,0,0,0,451,0,171,181484872,394248000,53,5768,12
data,packed_0pct_reset,1000000,4,1000000,0,0,0.000000000,93547696,93547696,93547696,280,280,0,0,0,0,451,0,171,181484872,394248000,53,5768,12
data,packed_1pct_update_first,1000000,4,10000,0,0,690123.000000000,93547696,93547696,93547696,280,280,0,0,0,0,451,0,171,181484872,394248000,53,5768,12
data,packed_1pct_update_repeat,1000000,4,10000,0,0,700123.000000000,93547696,93547696,93547696,280,280,0,0,0,0,451,0,171,181484872,394248000,53,5768,12
data,packed_1pct_random_get,1000000,4,1000000,0,0,80257500.000000000,93547696,93547696,93547696,280,280,0,0,0,0,451,0,171,181484872,394248000,53,5768,12
data,packed_1pct_health_query,1000000,4,2500000,0,15,372888465.000000000,93547696,93547696,93547696,280,280,0,0,0,0,451,0,171,181484872,394248000,53,5768,12
data,packed_1pct_reset,1000000,4,1000000,0,0,0.000000000,93547696,93547696,93547696,280,280,0,0,0,0,451,0,171,181484872,394248000,53,5768,12
data,packed_10pct_update_first,1000000,4,100000,0,0,7010657.000000000,93547696,93547696,93547696,280,280,0,0,0,0,451,0,171,181484872,394248000,53,5768,12
data,packed_10pct_update_repeat,1000000,4,100000,0,0,7110657.000000000,93547696,93547696,93547696,280,280,0,0,0,0,451,0,171,181484872,394248000,53,5768,12
data,packed_10pct_random_get,1000000,4,1000000,0,0,80437500.000000000,93547696,93547696,93547696,280,280,0,0,0,0,451,0,171,181484872,394248000,53,5768,12
data,packed_10pct_health_query,1000000,4,2500000,0,15,373270815.000000000,93547696,93547696,93547696,280,280,0,0,0,0,451,0,171,181484872,394248000,53,5768,12
data,packed_10pct_reset,1000000,4,1000000,0,0,0.000000000,93547696,93547696,93547696,280,280,0,0,0,0,451,0,171,181484872,394248000,53,5768,12
data,destroy_queries,1000000,4,2,0,0,0.000000000,93547696,93546464,93547696,270,280,0,0,10,0,451,0,181,181484872,394248000,53,5768,12
data,packed_unload_no_queries,1000000,4,1000000,0,0,0.000000000,93546464,16777584,93546464,4,270,0,0,266,0,451,0,447,181484872,394248000,53,5768,12
data,destroy_packed,1000000,4,1,0,0,0.000000000,16777584,0,16777584,0,4,0,0,4,0,451,0,451,181484872,384948000,51,5768,12
flecs_columns,setup_packed,1000000,5,1,0,0,0.000000000,0,293078,293398,356,357,277,147,28,299954,277,147,28,299954,393748000,52,5768,12
flecs_columns,packed_populate_and_ids,1000000,5,1000000,0,0,0.000000000,293078,92930356,92930356,1512,1512,1124,41,4,100211294,1401,188,32,100511248,393748000,52,5768,12
flecs_columns,packed_create_queries,1000000,5,2,0,0,0.000000000,92930356,92964250,92964250,1529,1529,14,4,0,33910,1415,192,32,100545158,393748000,52,5768,12
flecs_columns,packed_light_color,1000000,5,1250000,0,10,1825317.382812500,92964250,92964250,92964250,1529,1529,0,0,0,0,1415,192,32,100545158,393748000,52,5768,12
flecs_columns,packed_0pct_random_get,1000000,5,1000000,0,0,80237500.000000000,92964250,92964250,92964250,1529,1529,0,0,0,0,1415,192,32,100545158,393748000,52,5768,12
flecs_columns,packed_0pct_health_query,1000000,5,2500000,0,15,372846875.000000000,92964250,92964250,92964250,1529,1529,0,0,0,0,1415,192,32,100545158,393748000,52,5768,12
flecs_columns,packed_1pct_update_first,1000000,5,10000,0,0,690123.000000000,92964250,92964250,92964250,1529,1529,0,0,0,0,1415,192,32,100545158,393748000,52,5768,12
flecs_columns,packed_1pct_update_repeat,1000000,5,10000,0,0,700123.000000000,92964250,92964250,92964250,1529,1529,0,0,0,0,1415,192,32,100545158,393748000,52,5768,12
flecs_columns,packed_1pct_random_get,1000000,5,1000000,0,0,80257500.000000000,92964250,92964250,92964250,1529,1529,0,0,0,0,1415,192,32,100545158,393748000,52,5768,12
flecs_columns,packed_1pct_health_query,1000000,5,2500000,0,15,372888465.000000000,92964250,92964250,92964250,1529,1529,0,0,0,0,1415,192,32,100545158,393748000,52,5768,12
flecs_columns,packed_10pct_update_first,1000000,5,100000,0,0,7010657.000000000,92964250,92964250,92964250,1529,1529,0,0,0,0,1415,192,32,100545158,393748000,52,5768,12
flecs_columns,packed_10pct_update_repeat,1000000,5,100000,0,0,7110657.000000000,92964250,92964250,92964250,1529,1529,0,0,0,0,1415,192,32,100545158,393748000,52,5768,12
flecs_columns,packed_10pct_random_get,1000000,5,1000000,0,0,80437500.000000000,92964250,92964250,92964250,1529,1529,0,0,0,0,1415,192,32,100545158,393748000,52,5768,12
flecs_columns,packed_10pct_health_query,1000000,5,2500000,0,15,373270815.000000000,92964250,92964250,92964250,1529,1529,0,0,0,0,1415,192,32,100545158,393748000,52,5768,12
flecs_columns,destroy_queries,1000000,5,2,0,0,0.000000000,92964250,92947482,92964250,1521,1529,0,0,8,0,1415,192,40,100545158,393748000,52,5768,12
flecs_columns,destroy_packed,1000000,5,1,0,0,0.000000000,92947482,0,118288042,0,5474,3973,13,5494,34441872,5388,205,5534,134987030,384948000,51,5768,12
data,setup_packed,1000000,5,1,0,0,0.000000000,0,112,112,1,1,1,0,0,112,1,0,0,112,393748000,52,5768,12
data,packed_populate_and_ids,1000000,5,1000000,0,0,0.000000000,112,93546464,97312608,270,272,440,0,171,181483528,441,0,171,181483640,394248000,53,5768,12
data,packed_create_queries,1000000,5,2,0,0,0.000000000,93546464,93547696,93547696,280,280,10,0,0,1232,451,0,171,181484872,394248000,53,5768,12
data,packed_light_color,1000000,5,1250000,0,10,1825317.382812500,93547696,93547696,93547696,280,280,0,0,0,0,451,0,171,181484872,394248000,53,5768,12
data,packed_0pct_random_get,1000000,5,1000000,0,0,80237500.000000000,93547696,93547696,93547696,280,280,0,0,0,0,451,0,171,181484872,394248000,53,5768,12
data,packed_0pct_health_query,1000000,5,2500000,0,15,372846875.000000000,93547696,93547696,93547696,280,280,0,0,0,0,451,0,171,181484872,394248000,53,5768,12
data,packed_0pct_reset,1000000,5,1000000,0,0,0.000000000,93547696,93547696,93547696,280,280,0,0,0,0,451,0,171,181484872,394248000,53,5768,12
data,packed_1pct_update_first,1000000,5,10000,0,0,690123.000000000,93547696,93547696,93547696,280,280,0,0,0,0,451,0,171,181484872,394248000,53,5768,12
data,packed_1pct_update_repeat,1000000,5,10000,0,0,700123.000000000,93547696,93547696,93547696,280,280,0,0,0,0,451,0,171,181484872,394248000,53,5768,12
data,packed_1pct_random_get,1000000,5,1000000,0,0,80257500.000000000,93547696,93547696,93547696,280,280,0,0,0,0,451,0,171,181484872,394248000,53,5768,12
data,packed_1pct_health_query,1000000,5,2500000,0,15,372888465.000000000,93547696,93547696,93547696,280,280,0,0,0,0,451,0,171,181484872,394248000,53,5768,12
data,packed_1pct_reset,1000000,5,1000000,0,0,0.000000000,93547696,93547696,93547696,280,280,0,0,0,0,451,0,171,181484872,394248000,53,5768,12
data,packed_10pct_update_first,1000000,5,100000,0,0,7010657.000000000,93547696,93547696,93547696,280,280,0,0,0,0,451,0,171,181484872,394248000,53,5768,12
data,packed_10pct_update_repeat,1000000,5,100000,0,0,7110657.000000000,93547696,93547696,93547696,280,280,0,0,0,0,451,0,171,181484872,394248000,53,5768,12
data,packed_10pct_random_get,1000000,5,1000000,0,0,80437500.000000000,93547696,93547696,93547696,280,280,0,0,0,0,451,0,171,181484872,394248000,53,5768,12
data,packed_10pct_health_query,1000000,5,2500000,0,15,373270815.000000000,93547696,93547696,93547696,280,280,0,0,0,0,451,0,171,181484872,394248000,53,5768,12
data,packed_10pct_reset,1000000,5,1000000,0,0,0.000000000,93547696,93547696,93547696,280,280,0,0,0,0,451,0,171,181484872,394248000,53,5768,12
data,destroy_queries,1000000,5,2,0,0,0.000000000,93547696,93546464,93547696,270,280,0,0,10,0,451,0,181,181484872,394248000,53,5768,12
data,packed_unload_no_queries,1000000,5,1000000,0,0,0.000000000,93546464,16777584,93546464,4,270,0,0,266,0,451,0,447,181484872,394248000,53,5768,12
data,destroy_packed,1000000,5,1,0,0,0.000000000,16777584,0,16777584,0,4,0,0,4,0,451,0,451,181484872,384948000,51,5768,12
flecs_rows,setup_packed,1000000,5,1,0,0,0.000000000,0,292534,292854,354,355,275,145,28,299282,275,145,28,299282,393748000,52,5768,12
flecs_rows,packed_populate_and_ids,1000000,5,1000000,0,0,0.000000000,292534,96475726,96475726,1449,1449,1075,29,4,103757208,1350,174,32,104056490,393748000,52,5768,12
flecs_rows,packed_create_queries,1000000,5,2,0,0,0.000000000,96475726,96554820,96554852,1483,1484,33,6,2,79206,1383,180,34,104135696,393748000,52,5768,12
flecs_rows,packed_light_color,1000000,5,1250000,0,10,1825317.382812500,96554820,96554820,96554820,1483,1483,0,0,0,0,1383,180,34,104135696,393748000,52,5768,12
flecs_rows,packed_0pct_random_get,1000000,5,1000000,0,0,80237500.000000000,96554820,96554820,96554820,1483,1483,0,0,0,0,1383,180,34,104135696,393748000,52,5768,12
flecs_rows,packed_0pct_health_query,1000000,5,2500000,0,15,372846875.000000000,96554820,96554820,96554820,1483,1483,0,0,0,0,1383,180,34,104135696,393748000,52,5768,12
flecs_rows,packed_1pct_update_first,1000000,5,10000,0,0,690123.000000000,96554820,96554820,96554820,1483,1483,0,0,0,0,1383,180,34,104135696,393748000,52,5768,12
flecs_rows,packed_1pct_update_repeat,1000000,5,10000,0,0,700123.000000000,96554820,96554820,96554820,1483,1483,0,0,0,0,1383,180,34,104135696,393748000,52,5768,12
flecs_rows,packed_1pct_random_get,1000000,5,1000000,0,0,80257500.000000000,96554820,96554820,96554820,1483,1483,0,0,0,0,1383,180,34,104135696,393748000,52,5768,12
flecs_rows,packed_1pct_health_query,1000000,5,2500000,0,15,372888465.000000000,96554820,96554820,96554820,1483,1483,0,0,0,0,1383,180,34,104135696,393748000,52,5768,12
flecs_rows,packed_10pct_update_first,1000000,5,100000,0,0,7010657.000000000,96554820,96554820,96554820,1483,1483,0,0,0,0,1383,180,34,104135696,393748000,52,5768,12
flecs_rows,packed_10pct_update_repeat,1000000,5,100000,0,0,7110657.000000000,96554820,96554820,96554820,1483,1483,0,0,0,0,1383,180,34,104135696,393748000,52,5768,12
flecs_rows,packed_10pct_random_get,1000000,5,1000000,0,0,80437500.000000000,96554820,96554820,96554820,1483,1483,0,0,0,0,1383,180,34,104135696,393748000,52,5768,12
flecs_rows,packed_10pct_health_query,1000000,5,2500000,0,15,373270815.000000000,96554820,96554820,96554820,1483,1483,0,0,0,0,1383,180,34,104135696,393748000,52,5768,12
flecs_rows,destroy_queries,1000000,5,2,0,0,0.000000000,96554820,96512900,96554820,1463,1483,0,0,20,0,1383,180,54,104135696,393748000,52,5768,12
flecs_rows,destroy_packed,1000000,5,1,0,0,0.000000000,96512900,0,121853460,0,5416,3973,13,5436,34441872,5356,193,5490,138577568,384948000,51,5768,12
data,setup_packed,1000000,6,1,0,0,0.000000000,0,112,112,1,1,1,0,0,112,1,0,0,112,393748000,52,5768,12
data,packed_populate_and_ids,1000000,6,1000000,0,0,0.000000000,112,93546464,97312608,270,272,440,0,171,181483528,441,0,171,181483640,394248000,53,5768,12
data,packed_create_queries,1000000,6,2,0,0,0.000000000,93546464,93547696,93547696,280,280,10,0,0,1232,451,0,171,181484872,394248000,53,5768,12
data,packed_light_color,1000000,6,1250000,0,10,1825317.382812500,93547696,93547696,93547696,280,280,0,0,0,0,451,0,171,181484872,394248000,53,5768,12
data,packed_0pct_random_get,1000000,6,1000000,0,0,80237500.000000000,93547696,93547696,93547696,280,280,0,0,0,0,451,0,171,181484872,394248000,53,5768,12
data,packed_0pct_health_query,1000000,6,2500000,0,15,372846875.000000000,93547696,93547696,93547696,280,280,0,0,0,0,451,0,171,181484872,394248000,53,5768,12
data,packed_0pct_reset,1000000,6,1000000,0,0,0.000000000,93547696,93547696,93547696,280,280,0,0,0,0,451,0,171,181484872,394248000,53,5768,12
data,packed_1pct_update_first,1000000,6,10000,0,0,690123.000000000,93547696,93547696,93547696,280,280,0,0,0,0,451,0,171,181484872,394248000,53,5768,12
data,packed_1pct_update_repeat,1000000,6,10000,0,0,700123.000000000,93547696,93547696,93547696,280,280,0,0,0,0,451,0,171,181484872,394248000,53,5768,12
data,packed_1pct_random_get,1000000,6,1000000,0,0,80257500.000000000,93547696,93547696,93547696,280,280,0,0,0,0,451,0,171,181484872,394248000,53,5768,12
data,packed_1pct_health_query,1000000,6,2500000,0,15,372888465.000000000,93547696,93547696,93547696,280,280,0,0,0,0,451,0,171,181484872,394248000,53,5768,12
data,packed_1pct_reset,1000000,6,1000000,0,0,0.000000000,93547696,93547696,93547696,280,280,0,0,0,0,451,0,171,181484872,394248000,53,5768,12
data,packed_10pct_update_first,1000000,6,100000,0,0,7010657.000000000,93547696,93547696,93547696,280,280,0,0,0,0,451,0,171,181484872,394248000,53,5768,12
data,packed_10pct_update_repeat,1000000,6,100000,0,0,7110657.000000000,93547696,93547696,93547696,280,280,0,0,0,0,451,0,171,181484872,394248000,53,5768,12
data,packed_10pct_random_get,1000000,6,1000000,0,0,80437500.000000000,93547696,93547696,93547696,280,280,0,0,0,0,451,0,171,181484872,394248000,53,5768,12
data,packed_10pct_health_query,1000000,6,2500000,0,15,373270815.000000000,93547696,93547696,93547696,280,280,0,0,0,0,451,0,171,181484872,394248000,53,5768,12
data,packed_10pct_reset,1000000,6,1000000,0,0,0.000000000,93547696,93547696,93547696,280,280,0,0,0,0,451,0,171,181484872,394248000,53,5768,12
data,destroy_queries,1000000,6,2,0,0,0.000000000,93547696,93546464,93547696,270,280,0,0,10,0,451,0,181,181484872,394248000,53,5768,12
data,packed_unload_no_queries,1000000,6,1000000,0,0,0.000000000,93546464,16777584,93546464,4,270,0,0,266,0,451,0,447,181484872,394248000,53,5768,12
data,destroy_packed,1000000,6,1,0,0,0.000000000,16777584,0,16777584,0,4,0,0,4,0,451,0,451,181484872,384948000,51,5768,12
flecs_rows,setup_packed,1000000,6,1,0,0,0.000000000,0,292534,292854,354,355,275,145,28,299282,275,145,28,299282,393748000,52,5768,12
flecs_rows,packed_populate_and_ids,1000000,6,1000000,0,0,0.000000000,292534,96475726,96475726,1449,1449,1075,29,4,103757208,1350,174,32,104056490,393748000,52,5768,12
flecs_rows,packed_create_queries,1000000,6,2,0,0,0.000000000,96475726,96554820,96554852,1483,1484,33,6,2,79206,1383,180,34,104135696,393748000,52,5768,12
flecs_rows,packed_light_color,1000000,6,1250000,0,10,1825317.382812500,96554820,96554820,96554820,1483,1483,0,0,0,0,1383,180,34,104135696,393748000,52,5768,12
flecs_rows,packed_0pct_random_get,1000000,6,1000000,0,0,80237500.000000000,96554820,96554820,96554820,1483,1483,0,0,0,0,1383,180,34,104135696,393748000,52,5768,12
flecs_rows,packed_0pct_health_query,1000000,6,2500000,0,15,372846875.000000000,96554820,96554820,96554820,1483,1483,0,0,0,0,1383,180,34,104135696,393748000,52,5768,12
flecs_rows,packed_1pct_update_first,1000000,6,10000,0,0,690123.000000000,96554820,96554820,96554820,1483,1483,0,0,0,0,1383,180,34,104135696,393748000,52,5768,12
flecs_rows,packed_1pct_update_repeat,1000000,6,10000,0,0,700123.000000000,96554820,96554820,96554820,1483,1483,0,0,0,0,1383,180,34,104135696,393748000,52,5768,12
flecs_rows,packed_1pct_random_get,1000000,6,1000000,0,0,80257500.000000000,96554820,96554820,96554820,1483,1483,0,0,0,0,1383,180,34,104135696,393748000,52,5768,12
flecs_rows,packed_1pct_health_query,1000000,6,2500000,0,15,372888465.000000000,96554820,96554820,96554820,1483,1483,0,0,0,0,1383,180,34,104135696,393748000,52,5768,12
flecs_rows,packed_10pct_update_first,1000000,6,100000,0,0,7010657.000000000,96554820,96554820,96554820,1483,1483,0,0,0,0,1383,180,34,104135696,393748000,52,5768,12
flecs_rows,packed_10pct_update_repeat,1000000,6,100000,0,0,7110657.000000000,96554820,96554820,96554820,1483,1483,0,0,0,0,1383,180,34,104135696,393748000,52,5768,12
flecs_rows,packed_10pct_random_get,1000000,6,1000000,0,0,80437500.000000000,96554820,96554820,96554820,1483,1483,0,0,0,0,1383,180,34,104135696,393748000,52,5768,12
flecs_rows,packed_10pct_health_query,1000000,6,2500000,0,15,373270815.000000000,96554820,96554820,96554820,1483,1483,0,0,0,0,1383,180,34,104135696,393748000,52,5768,12
flecs_rows,destroy_queries,1000000,6,2,0,0,0.000000000,96554820,96512900,96554820,1463,1483,0,0,20,0,1383,180,54,104135696,393748000,52,5768,12
flecs_rows,destroy_packed,1000000,6,1,0,0,0.000000000,96512900,0,121853460,0,5416,3973,13,5436,34441872,5356,193,5490,138577568,384948000,51,5768,12
flecs_columns,setup_packed,1000000,6,1,0,0,0.000000000,0,293078,293398,356,357,277,147,28,299954,277,147,28,299954,393748000,52,5768,12
flecs_columns,packed_populate_and_ids,1000000,6,1000000,0,0,0.000000000,293078,92930356,92930356,1512,1512,1124,41,4,100211294,1401,188,32,100511248,393748000,52,5768,12
flecs_columns,packed_create_queries,1000000,6,2,0,0,0.000000000,92930356,92964250,92964250,1529,1529,14,4,0,33910,1415,192,32,100545158,393748000,52,5768,12
flecs_columns,packed_light_color,1000000,6,1250000,0,10,1825317.382812500,92964250,92964250,92964250,1529,1529,0,0,0,0,1415,192,32,100545158,393748000,52,5768,12
flecs_columns,packed_0pct_random_get,1000000,6,1000000,0,0,80237500.000000000,92964250,92964250,92964250,1529,1529,0,0,0,0,1415,192,32,100545158,393748000,52,5768,12
flecs_columns,packed_0pct_health_query,1000000,6,2500000,0,15,372846875.000000000,92964250,92964250,92964250,1529,1529,0,0,0,0,1415,192,32,100545158,393748000,52,5768,12
flecs_columns,packed_1pct_update_first,1000000,6,10000,0,0,690123.000000000,92964250,92964250,92964250,1529,1529,0,0,0,0,1415,192,32,100545158,393748000,52,5768,12
flecs_columns,packed_1pct_update_repeat,1000000,6,10000,0,0,700123.000000000,92964250,92964250,92964250,1529,1529,0,0,0,0,1415,192,32,100545158,393748000,52,5768,12
flecs_columns,packed_1pct_random_get,1000000,6,1000000,0,0,80257500.000000000,92964250,92964250,92964250,1529,1529,0,0,0,0,1415,192,32,100545158,393748000,52,5768,12
flecs_columns,packed_1pct_health_query,1000000,6,2500000,0,15,372888465.000000000,92964250,92964250,92964250,1529,1529,0,0,0,0,1415,192,32,100545158,393748000,52,5768,12
flecs_columns,packed_10pct_update_first,1000000,6,100000,0,0,7010657.000000000,92964250,92964250,92964250,1529,1529,0,0,0,0,1415,192,32,100545158,393748000,52,5768,12
flecs_columns,packed_10pct_update_repeat,1000000,6,100000,0,0,7110657.000000000,92964250,92964250,92964250,1529,1529,0,0,0,0,1415,192,32,100545158,393748000,52,5768,12
flecs_columns,packed_10pct_random_get,1000000,6,1000000,0,0,80437500.000000000,92964250,92964250,92964250,1529,1529,0,0,0,0,1415,192,32,100545158,393748000,52,5768,12
flecs_columns,packed_10pct_health_query,1000000,6,2500000,0,15,373270815.000000000,92964250,92964250,92964250,1529,1529,0,0,0,0,1415,192,32,100545158,393748000,52,5768,12
flecs_columns,destroy_queries,1000000,6,2,0,0,0.000000000,92964250,92947482,92964250,1521,1529,0,0,8,0,1415,192,40,100545158,393748000,52,5768,12
flecs_columns,destroy_packed,1000000,6,1,0,0,0.000000000,92947482,0,118288042,0,5474,3973,13,5494,34441872,5388,205,5534,134987030,384948000,51,5768,12
flecs_rows,setup_packed,1000000,7,1,0,0,0.000000000,0,292534,292854,354,355,275,145,28,299282,275,145,28,299282,393748000,52,5768,12
flecs_rows,packed_populate_and_ids,1000000,7,1000000,0,0,0.000000000,292534,96475726,96475726,1449,1449,1075,29,4,103757208,1350,174,32,104056490,393748000,52,5768,12
flecs_rows,packed_create_queries,1000000,7,2,0,0,0.000000000,96475726,96554820,96554852,1483,1484,33,6,2,79206,1383,180,34,104135696,393748000,52,5768,12
flecs_rows,packed_light_color,1000000,7,1250000,0,10,1825317.382812500,96554820,96554820,96554820,1483,1483,0,0,0,0,1383,180,34,104135696,393748000,52,5768,12
flecs_rows,packed_0pct_random_get,1000000,7,1000000,0,0,80237500.000000000,96554820,96554820,96554820,1483,1483,0,0,0,0,1383,180,34,104135696,393748000,52,5768,12
flecs_rows,packed_0pct_health_query,1000000,7,2500000,0,15,372846875.000000000,96554820,96554820,96554820,1483,1483,0,0,0,0,1383,180,34,104135696,393748000,52,5768,12
flecs_rows,packed_1pct_update_first,1000000,7,10000,0,0,690123.000000000,96554820,96554820,96554820,1483,1483,0,0,0,0,1383,180,34,104135696,393748000,52,5768,12
flecs_rows,packed_1pct_update_repeat,1000000,7,10000,0,0,700123.000000000,96554820,96554820,96554820,1483,1483,0,0,0,0,1383,180,34,104135696,393748000,52,5768,12
flecs_rows,packed_1pct_random_get,1000000,7,1000000,0,0,80257500.000000000,96554820,96554820,96554820,1483,1483,0,0,0,0,1383,180,34,104135696,393748000,52,5768,12
flecs_rows,packed_1pct_health_query,1000000,7,2500000,0,15,372888465.000000000,96554820,96554820,96554820,1483,1483,0,0,0,0,1383,180,34,104135696,393748000,52,5768,12
flecs_rows,packed_10pct_update_first,1000000,7,100000,0,0,7010657.000000000,96554820,96554820,96554820,1483,1483,0,0,0,0,1383,180,34,104135696,393748000,52,5768,12
flecs_rows,packed_10pct_update_repeat,1000000,7,100000,0,0,7110657.000000000,96554820,96554820,96554820,1483,1483,0,0,0,0,1383,180,34,104135696,393748000,52,5768,12
flecs_rows,packed_10pct_random_get,1000000,7,1000000,0,0,80437500.000000000,96554820,96554820,96554820,1483,1483,0,0,0,0,1383,180,34,104135696,393748000,52,5768,12
flecs_rows,packed_10pct_health_query,1000000,7,2500000,0,15,373270815.000000000,96554820,96554820,96554820,1483,1483,0,0,0,0,1383,180,34,104135696,393748000,52,5768,12
flecs_rows,destroy_queries,1000000,7,2,0,0,0.000000000,96554820,96512900,96554820,1463,1483,0,0,20,0,1383,180,54,104135696,393748000,52,5768,12
flecs_rows,destroy_packed,1000000,7,1,0,0,0.000000000,96512900,0,121853460,0,5416,3973,13,5436,34441872,5356,193,5490,138577568,384948000,51,5768,12
flecs_columns,setup_packed,1000000,7,1,0,0,0.000000000,0,293078,293398,356,357,277,147,28,299954,277,147,28,299954,393748000,52,5768,12
flecs_columns,packed_populate_and_ids,1000000,7,1000000,0,0,0.000000000,293078,92930356,92930356,1512,1512,1124,41,4,100211294,1401,188,32,100511248,393748000,52,5768,12
flecs_columns,packed_create_queries,1000000,7,2,0,0,0.000000000,92930356,92964250,92964250,1529,1529,14,4,0,33910,1415,192,32,100545158,393748000,52,5768,12
flecs_columns,packed_light_color,1000000,7,1250000,0,10,1825317.382812500,92964250,92964250,92964250,1529,1529,0,0,0,0,1415,192,32,100545158,393748000,52,5768,12
flecs_columns,packed_0pct_random_get,1000000,7,1000000,0,0,80237500.000000000,92964250,92964250,92964250,1529,1529,0,0,0,0,1415,192,32,100545158,393748000,52,5768,12
flecs_columns,packed_0pct_health_query,1000000,7,2500000,0,15,372846875.000000000,92964250,92964250,92964250,1529,1529,0,0,0,0,1415,192,32,100545158,393748000,52,5768,12
flecs_columns,packed_1pct_update_first,1000000,7,10000,0,0,690123.000000000,92964250,92964250,92964250,1529,1529,0,0,0,0,1415,192,32,100545158,393748000,52,5768,12
flecs_columns,packed_1pct_update_repeat,1000000,7,10000,0,0,700123.000000000,92964250,92964250,92964250,1529,1529,0,0,0,0,1415,192,32,100545158,393748000,52,5768,12
flecs_columns,packed_1pct_random_get,1000000,7,1000000,0,0,80257500.000000000,92964250,92964250,92964250,1529,1529,0,0,0,0,1415,192,32,100545158,393748000,52,5768,12
flecs_columns,packed_1pct_health_query,1000000,7,2500000,0,15,372888465.000000000,92964250,92964250,92964250,1529,1529,0,0,0,0,1415,192,32,100545158,393748000,52,5768,12
flecs_columns,packed_10pct_update_first,1000000,7,100000,0,0,7010657.000000000,92964250,92964250,92964250,1529,1529,0,0,0,0,1415,192,32,100545158,393748000,52,5768,12
flecs_columns,packed_10pct_update_repeat,1000000,7,100000,0,0,7110657.000000000,92964250,92964250,92964250,1529,1529,0,0,0,0,1415,192,32,100545158,393748000,52,5768,12
flecs_columns,packed_10pct_random_get,1000000,7,1000000,0,0,80437500.000000000,92964250,92964250,92964250,1529,1529,0,0,0,0,1415,192,32,100545158,393748000,52,5768,12
flecs_columns,packed_10pct_health_query,1000000,7,2500000,0,15,373270815.000000000,92964250,92964250,92964250,1529,1529,0,0,0,0,1415,192,32,100545158,393748000,52,5768,12
flecs_columns,destroy_queries,1000000,7,2,0,0,0.000000000,92964250,92947482,92964250,1521,1529,0,0,8,0,1415,192,40,100545158,393748000,52,5768,12
flecs_columns,destroy_packed,1000000,7,1,0,0,0.000000000,92947482,0,118288042,0,5474,3973,13,5494,34441872,5388,205,5534,134987030,384948000,51,5768,12
data,setup_packed,1000000,7,1,0,0,0.000000000,0,112,112,1,1,1,0,0,112,1,0,0,112,393748000,52,5768,12
data,packed_populate_and_ids,1000000,7,1000000,0,0,0.000000000,112,93546464,97312608,270,272,440,0,171,181483528,441,0,171,181483640,394248000,53,5768,12
data,packed_create_queries,1000000,7,2,0,0,0.000000000,93546464,93547696,93547696,280,280,10,0,0,1232,451,0,171,181484872,394248000,53,5768,12
data,packed_light_color,1000000,7,1250000,0,10,1825317.382812500,93547696,93547696,93547696,280,280,0,0,0,0,451,0,171,181484872,394248000,53,5768,12
data,packed_0pct_random_get,1000000,7,1000000,0,0,80237500.000000000,93547696,93547696,93547696,280,280,0,0,0,0,451,0,171,181484872,394248000,53,5768,12
data,packed_0pct_health_query,1000000,7,2500000,0,15,372846875.000000000,93547696,93547696,93547696,280,280,0,0,0,0,451,0,171,181484872,394248000,53,5768,12
data,packed_0pct_reset,1000000,7,1000000,0,0,0.000000000,93547696,93547696,93547696,280,280,0,0,0,0,451,0,171,181484872,394248000,53,5768,12
data,packed_1pct_update_first,1000000,7,10000,0,0,690123.000000000,93547696,93547696,93547696,280,280,0,0,0,0,451,0,171,181484872,394248000,53,5768,12
data,packed_1pct_update_repeat,1000000,7,10000,0,0,700123.000000000,93547696,93547696,93547696,280,280,0,0,0,0,451,0,171,181484872,394248000,53,5768,12
data,packed_1pct_random_get,1000000,7,1000000,0,0,80257500.000000000,93547696,93547696,93547696,280,280,0,0,0,0,451,0,171,181484872,394248000,53,5768,12
data,packed_1pct_health_query,1000000,7,2500000,0,15,372888465.000000000,93547696,93547696,93547696,280,280,0,0,0,0,451,0,171,181484872,394248000,53,5768,12
data,packed_1pct_reset,1000000,7,1000000,0,0,0.000000000,93547696,93547696,93547696,280,280,0,0,0,0,451,0,171,181484872,394248000,53,5768,12
data,packed_10pct_update_first,1000000,7,100000,0,0,7010657.000000000,93547696,93547696,93547696,280,280,0,0,0,0,451,0,171,181484872,394248000,53,5768,12
data,packed_10pct_update_repeat,1000000,7,100000,0,0,7110657.000000000,93547696,93547696,93547696,280,280,0,0,0,0,451,0,171,181484872,394248000,53,5768,12
data,packed_10pct_random_get,1000000,7,1000000,0,0,80437500.000000000,93547696,93547696,93547696,280,280,0,0,0,0,451,0,171,181484872,394248000,53,5768,12
data,packed_10pct_health_query,1000000,7,2500000,0,15,373270815.000000000,93547696,93547696,93547696,280,280,0,0,0,0,451,0,171,181484872,394248000,53,5768,12
data,packed_10pct_reset,1000000,7,1000000,0,0,0.000000000,93547696,93547696,93547696,280,280,0,0,0,0,451,0,171,181484872,394248000,53,5768,12
data,destroy_queries,1000000,7,2,0,0,0.000000000,93547696,93546464,93547696,270,280,0,0,10,0,451,0,181,181484872,394248000,53,5768,12
data,packed_unload_no_queries,1000000,7,1000000,0,0,0.000000000,93546464,16777584,93546464,4,270,0,0,266,0,451,0,447,181484872,394248000,53,5768,12
data,destroy_packed,1000000,7,1,0,0,0.000000000,16777584,0,16777584,0,4,0,0,4,0,451,0,451,181484872,384948000,51,5768,12
bevy_columns,setup_packed,1000000,1,1,0,0,0.000000000,0,19451,19483,56,57,91,16,35,30807,91,16,35,30807,204408000,20,0,0
bevy_columns,packed_populate_and_ids,1000000,1,1000000,0,0,0.000000000,19451,149397489,149397489,269,269,235,81,22,174556618,326,97,57,174587425,204408000,20,0,0
bevy_columns,packed_create_queries,1000000,1,2,0,0,0.000000000,149397489,149398033,149398657,286,293,36,0,19,1960,362,97,76,174589385,204408000,20,0,0
bevy_columns,packed_light_color,1000000,1,1250000,0,10,1825317.382812500,149398033,149398033,149398033,286,286,0,0,0,0,362,97,76,174589385,204408000,20,0,0
bevy_columns,packed_0pct_random_get,1000000,1,1000000,0,0,80237500.000000000,149398033,149398033,149398033,286,286,0,0,0,0,362,97,76,174589385,204408000,20,0,0
bevy_columns,packed_0pct_health_query,1000000,1,2500000,0,15,372846875.000000000,149398033,149398033,149398033,286,286,0,0,0,0,362,97,76,174589385,204408000,20,0,0
bevy_columns,packed_1pct_update_first,1000000,1,10000,0,0,690123.000000000,149398033,149398033,149398033,286,286,0,0,0,0,362,97,76,174589385,204408000,20,0,0
bevy_columns,packed_1pct_update_repeat,1000000,1,10000,0,0,700123.000000000,149398033,149398033,149398033,286,286,0,0,0,0,362,97,76,174589385,204408000,20,0,0
bevy_columns,packed_1pct_random_get,1000000,1,1000000,0,0,80257500.000000000,149398033,149398033,149398033,286,286,0,0,0,0,362,97,76,174589385,204408000,20,0,0
bevy_columns,packed_1pct_health_query,1000000,1,2500000,0,15,372888465.000000000,149398033,149398033,149398033,286,286,0,0,0,0,362,97,76,174589385,204408000,20,0,0
bevy_columns,packed_10pct_update_first,1000000,1,100000,0,0,7010657.000000000,149398033,149398033,149398033,286,286,0,0,0,0,362,97,76,174589385,204408000,20,0,0
bevy_columns,packed_10pct_update_repeat,1000000,1,100000,0,0,7110657.000000000,149398033,149398033,149398033,286,286,0,0,0,0,362,97,76,174589385,204408000,20,0,0
bevy_columns,packed_10pct_random_get,1000000,1,1000000,0,0,80437500.000000000,149398033,149398033,149398033,286,286,0,0,0,0,362,97,76,174589385,204408000,20,0,0
bevy_columns,packed_10pct_health_query,1000000,1,2500000,0,15,373270815.000000000,149398033,149398033,149398033,286,286,0,0,0,0,362,97,76,174589385,204408000,20,0,0
bevy_columns,destroy_queries,1000000,1,2,0,0,0.000000000,149398033,149397489,149398033,269,286,0,0,17,0,362,97,93,174589385,204408000,20,0,0
bevy_columns,destroy_packed,1000000,1,1,0,0,0.000000000,149397489,0,149397489,0,269,0,0,269,0,362,97,362,174589385,195608000,19,0,0
bevy_rows,setup_packed,1000000,1,1,0,0,0.000000000,0,19451,19483,56,57,89,16,33,30743,89,16,33,30743,204408000,20,0,0
bevy_rows,packed_populate_and_ids,1000000,1,1000000,0,0,0.000000000,19451,138875757,138875757,231,231,196,79,21,164034178,285,95,54,164064921,204408000,20,0,0
bevy_rows,packed_create_queries,1000000,1,2,0,0,0.000000000,138875757,138877133,138877757,274,281,91,0,48,4920,376,95,102,164069841,204408000,20,0,0
bevy_rows,packed_light_color,1000000,1,1250000,0,10,1825317.382812500,138877133,138877133,138877133,274,274,0,0,0,0,376,95,102,164069841,204408000,20,0,0
bevy_rows,packed_0pct_random_get,1000000,1,1000000,0,0,80237500.000000000,138877133,138877133,138877133,274,274,0,0,0,0,376,95,102,164069841,204408000,20,0,0
bevy_rows,packed_0pct_health_query,1000000,1,2500000,0,15,372846875.000000000,138877133,138877133,138877133,274,274,0,0,0,0,376,95,102,164069841,204408000,20,0,0
bevy_rows,packed_1pct_update_first,1000000,1,10000,0,0,690123.000000000,138877133,138877133,138877133,274,274,0,0,0,0,376,95,102,164069841,204408000,20,0,0
bevy_rows,packed_1pct_update_repeat,1000000,1,10000,0,0,700123.000000000,138877133,138877133,138877133,274,274,0,0,0,0,376,95,102,164069841,204408000,20,0,0
bevy_rows,packed_1pct_random_get,1000000,1,1000000,0,0,80257500.000000000,138877133,138877133,138877133,274,274,0,0,0,0,376,95,102,164069841,204408000,20,0,0
bevy_rows,packed_1pct_health_query,1000000,1,2500000,0,15,372888465.000000000,138877133,138877133,138877133,274,274,0,0,0,0,376,95,102,164069841,204408000,20,0,0
bevy_rows,packed_10pct_update_first,1000000,1,100000,0,0,7010657.000000000,138877133,138877133,138877133,274,274,0,0,0,0,376,95,102,164069841,204408000,20,0,0
bevy_rows,packed_10pct_update_repeat,1000000,1,100000,0,0,7110657.000000000,138877133,138877133,138877133,274,274,0,0,0,0,376,95,102,164069841,204408000,20,0,0
bevy_rows,packed_10pct_random_get,1000000,1,1000000,0,0,80437500.000000000,138877133,138877133,138877133,274,274,0,0,0,0,376,95,102,164069841,204408000,20,0,0
bevy_rows,packed_10pct_health_query,1000000,1,2500000,0,15,373270815.000000000,138877133,138877133,138877133,274,274,0,0,0,0,376,95,102,164069841,204408000,20,0,0
bevy_rows,destroy_queries,1000000,1,2,0,0,0.000000000,138877133,138875757,138877133,231,274,0,0,43,0,376,95,145,164069841,204408000,20,0,0
bevy_rows,destroy_packed,1000000,1,1,0,0,0.000000000,138875757,0,138875757,0,231,0,0,231,0,376,95,376,164069841,195608000,19,0,0
bevy_rows,setup_packed,1000000,2,1,0,0,0.000000000,0,19451,19483,56,57,89,16,33,30743,89,16,33,30743,204408000,20,0,0
bevy_rows,packed_populate_and_ids,1000000,2,1000000,0,0,0.000000000,19451,138875757,138875757,231,231,196,79,21,164034178,285,95,54,164064921,204408000,20,0,0
bevy_rows,packed_create_queries,1000000,2,2,0,0,0.000000000,138875757,138877133,138877757,274,281,91,0,48,4920,376,95,102,164069841,204408000,20,0,0
bevy_rows,packed_light_color,1000000,2,1250000,0,10,1825317.382812500,138877133,138877133,138877133,274,274,0,0,0,0,376,95,102,164069841,204408000,20,0,0
bevy_rows,packed_0pct_random_get,1000000,2,1000000,0,0,80237500.000000000,138877133,138877133,138877133,274,274,0,0,0,0,376,95,102,164069841,204408000,20,0,0
bevy_rows,packed_0pct_health_query,1000000,2,2500000,0,15,372846875.000000000,138877133,138877133,138877133,274,274,0,0,0,0,376,95,102,164069841,204408000,20,0,0
bevy_rows,packed_1pct_update_first,1000000,2,10000,0,0,690123.000000000,138877133,138877133,138877133,274,274,0,0,0,0,376,95,102,164069841,204408000,20,0,0
bevy_rows,packed_1pct_update_repeat,1000000,2,10000,0,0,700123.000000000,138877133,138877133,138877133,274,274,0,0,0,0,376,95,102,164069841,204408000,20,0,0
bevy_rows,packed_1pct_random_get,1000000,2,1000000,0,0,80257500.000000000,138877133,138877133,138877133,274,274,0,0,0,0,376,95,102,164069841,204408000,20,0,0
bevy_rows,packed_1pct_health_query,1000000,2,2500000,0,15,372888465.000000000,138877133,138877133,138877133,274,274,0,0,0,0,376,95,102,164069841,204408000,20,0,0
bevy_rows,packed_10pct_update_first,1000000,2,100000,0,0,7010657.000000000,138877133,138877133,138877133,274,274,0,0,0,0,376,95,102,164069841,204408000,20,0,0
bevy_rows,packed_10pct_update_repeat,1000000,2,100000,0,0,7110657.000000000,138877133,138877133,138877133,274,274,0,0,0,0,376,95,102,164069841,204408000,20,0,0
bevy_rows,packed_10pct_random_get,1000000,2,1000000,0,0,80437500.000000000,138877133,138877133,138877133,274,274,0,0,0,0,376,95,102,164069841,204408000,20,0,0
bevy_rows,packed_10pct_health_query,1000000,2,2500000,0,15,373270815.000000000,138877133,138877133,138877133,274,274,0,0,0,0,376,95,102,164069841,204408000,20,0,0
bevy_rows,destroy_queries,1000000,2,2,0,0,0.000000000,138877133,138875757,138877133,231,274,0,0,43,0,376,95,145,164069841,204408000,20,0,0
bevy_rows,destroy_packed,1000000,2,1,0,0,0.000000000,138875757,0,138875757,0,231,0,0,231,0,376,95,376,164069841,195608000,19,0,0
bevy_columns,setup_packed,1000000,2,1,0,0,0.000000000,0,19451,19483,56,57,91,16,35,30807,91,16,35,30807,204408000,20,0,0
bevy_columns,packed_populate_and_ids,1000000,2,1000000,0,0,0.000000000,19451,149397489,149397489,269,269,235,81,22,174556618,326,97,57,174587425,204408000,20,0,0
bevy_columns,packed_create_queries,1000000,2,2,0,0,0.000000000,149397489,149398033,149398657,286,293,36,0,19,1960,362,97,76,174589385,204408000,20,0,0
bevy_columns,packed_light_color,1000000,2,1250000,0,10,1825317.382812500,149398033,149398033,149398033,286,286,0,0,0,0,362,97,76,174589385,204408000,20,0,0
bevy_columns,packed_0pct_random_get,1000000,2,1000000,0,0,80237500.000000000,149398033,149398033,149398033,286,286,0,0,0,0,362,97,76,174589385,204408000,20,0,0
bevy_columns,packed_0pct_health_query,1000000,2,2500000,0,15,372846875.000000000,149398033,149398033,149398033,286,286,0,0,0,0,362,97,76,174589385,204408000,20,0,0
bevy_columns,packed_1pct_update_first,1000000,2,10000,0,0,690123.000000000,149398033,149398033,149398033,286,286,0,0,0,0,362,97,76,174589385,204408000,20,0,0
bevy_columns,packed_1pct_update_repeat,1000000,2,10000,0,0,700123.000000000,149398033,149398033,149398033,286,286,0,0,0,0,362,97,76,174589385,204408000,20,0,0
bevy_columns,packed_1pct_random_get,1000000,2,1000000,0,0,80257500.000000000,149398033,149398033,149398033,286,286,0,0,0,0,362,97,76,174589385,204408000,20,0,0
bevy_columns,packed_1pct_health_query,1000000,2,2500000,0,15,372888465.000000000,149398033,149398033,149398033,286,286,0,0,0,0,362,97,76,174589385,204408000,20,0,0
bevy_columns,packed_10pct_update_first,1000000,2,100000,0,0,7010657.000000000,149398033,149398033,149398033,286,286,0,0,0,0,362,97,76,174589385,204408000,20,0,0
bevy_columns,packed_10pct_update_repeat,1000000,2,100000,0,0,7110657.000000000,149398033,149398033,149398033,286,286,0,0,0,0,362,97,76,174589385,204408000,20,0,0
bevy_columns,packed_10pct_random_get,1000000,2,1000000,0,0,80437500.000000000,149398033,149398033,149398033,286,286,0,0,0,0,362,97,76,174589385,204408000,20,0,0
bevy_columns,packed_10pct_health_query,1000000,2,2500000,0,15,373270815.000000000,149398033,149398033,149398033,286,286,0,0,0,0,362,97,76,174589385,204408000,20,0,0
bevy_columns,destroy_queries,1000000,2,2,0,0,0.000000000,149398033,149397489,149398033,269,286,0,0,17,0,362,97,93,174589385,204408000,20,0,0
bevy_columns,destroy_packed,1000000,2,1,0,0,0.000000000,149397489,0,149397489,0,269,0,0,269,0,362,97,362,174589385,195608000,19,0,0
bevy_columns,setup_packed,1000000,3,1,0,0,0.000000000,0,19451,19483,56,57,91,16,35,30807,91,16,35,30807,204408000,20,0,0
bevy_columns,packed_populate_and_ids,1000000,3,1000000,0,0,0.000000000,19451,149397489,149397489,269,269,235,81,22,174556618,326,97,57,174587425,204408000,20,0,0
bevy_columns,packed_create_queries,1000000,3,2,0,0,0.000000000,149397489,149398033,149398657,286,293,36,0,19,1960,362,97,76,174589385,204408000,20,0,0
bevy_columns,packed_light_color,1000000,3,1250000,0,10,1825317.382812500,149398033,149398033,149398033,286,286,0,0,0,0,362,97,76,174589385,204408000,20,0,0
bevy_columns,packed_0pct_random_get,1000000,3,1000000,0,0,80237500.000000000,149398033,149398033,149398033,286,286,0,0,0,0,362,97,76,174589385,204408000,20,0,0
bevy_columns,packed_0pct_health_query,1000000,3,2500000,0,15,372846875.000000000,149398033,149398033,149398033,286,286,0,0,0,0,362,97,76,174589385,204408000,20,0,0
bevy_columns,packed_1pct_update_first,1000000,3,10000,0,0,690123.000000000,149398033,149398033,149398033,286,286,0,0,0,0,362,97,76,174589385,204408000,20,0,0
bevy_columns,packed_1pct_update_repeat,1000000,3,10000,0,0,700123.000000000,149398033,149398033,149398033,286,286,0,0,0,0,362,97,76,174589385,204408000,20,0,0
bevy_columns,packed_1pct_random_get,1000000,3,1000000,0,0,80257500.000000000,149398033,149398033,149398033,286,286,0,0,0,0,362,97,76,174589385,204408000,20,0,0
bevy_columns,packed_1pct_health_query,1000000,3,2500000,0,15,372888465.000000000,149398033,149398033,149398033,286,286,0,0,0,0,362,97,76,174589385,204408000,20,0,0
bevy_columns,packed_10pct_update_first,1000000,3,100000,0,0,7010657.000000000,149398033,149398033,149398033,286,286,0,0,0,0,362,97,76,174589385,204408000,20,0,0
bevy_columns,packed_10pct_update_repeat,1000000,3,100000,0,0,7110657.000000000,149398033,149398033,149398033,286,286,0,0,0,0,362,97,76,174589385,204408000,20,0,0
bevy_columns,packed_10pct_random_get,1000000,3,1000000,0,0,80437500.000000000,149398033,149398033,149398033,286,286,0,0,0,0,362,97,76,174589385,204408000,20,0,0
bevy_columns,packed_10pct_health_query,1000000,3,2500000,0,15,373270815.000000000,149398033,149398033,149398033,286,286,0,0,0,0,362,97,76,174589385,204408000,20,0,0
bevy_columns,destroy_queries,1000000,3,2,0,0,0.000000000,149398033,149397489,149398033,269,286,0,0,17,0,362,97,93,174589385,204408000,20,0,0
bevy_columns,destroy_packed,1000000,3,1,0,0,0.000000000,149397489,0,149397489,0,269,0,0,269,0,362,97,362,174589385,195608000,19,0,0
bevy_rows,setup_packed,1000000,3,1,0,0,0.000000000,0,19451,19483,56,57,89,16,33,30743,89,16,33,30743,204408000,20,0,0
bevy_rows,packed_populate_and_ids,1000000,3,1000000,0,0,0.000000000,19451,138875757,138875757,231,231,196,79,21,164034178,285,95,54,164064921,204408000,20,0,0
bevy_rows,packed_create_queries,1000000,3,2,0,0,0.000000000,138875757,138877133,138877757,274,281,91,0,48,4920,376,95,102,164069841,204408000,20,0,0
bevy_rows,packed_light_color,1000000,3,1250000,0,10,1825317.382812500,138877133,138877133,138877133,274,274,0,0,0,0,376,95,102,164069841,204408000,20,0,0
bevy_rows,packed_0pct_random_get,1000000,3,1000000,0,0,80237500.000000000,138877133,138877133,138877133,274,274,0,0,0,0,376,95,102,164069841,204408000,20,0,0
bevy_rows,packed_0pct_health_query,1000000,3,2500000,0,15,372846875.000000000,138877133,138877133,138877133,274,274,0,0,0,0,376,95,102,164069841,204408000,20,0,0
bevy_rows,packed_1pct_update_first,1000000,3,10000,0,0,690123.000000000,138877133,138877133,138877133,274,274,0,0,0,0,376,95,102,164069841,204408000,20,0,0
bevy_rows,packed_1pct_update_repeat,1000000,3,10000,0,0,700123.000000000,138877133,138877133,138877133,274,274,0,0,0,0,376,95,102,164069841,204408000,20,0,0
bevy_rows,packed_1pct_random_get,1000000,3,1000000,0,0,80257500.000000000,138877133,138877133,138877133,274,274,0,0,0,0,376,95,102,164069841,204408000,20,0,0
bevy_rows,packed_1pct_health_query,1000000,3,2500000,0,15,372888465.000000000,138877133,138877133,138877133,274,274,0,0,0,0,376,95,102,164069841,204408000,20,0,0
bevy_rows,packed_10pct_update_first,1000000,3,100000,0,0,7010657.000000000,138877133,138877133,138877133,274,274,0,0,0,0,376,95,102,164069841,204408000,20,0,0
bevy_rows,packed_10pct_update_repeat,1000000,3,100000,0,0,7110657.000000000,138877133,138877133,138877133,274,274,0,0,0,0,376,95,102,164069841,204408000,20,0,0
bevy_rows,packed_10pct_random_get,1000000,3,1000000,0,0,80437500.000000000,138877133,138877133,138877133,274,274,0,0,0,0,376,95,102,164069841,204408000,20,0,0
bevy_rows,packed_10pct_health_query,1000000,3,2500000,0,15,373270815.000000000,138877133,138877133,138877133,274,274,0,0,0,0,376,95,102,164069841,204408000,20,0,0
bevy_rows,destroy_queries,1000000,3,2,0,0,0.000000000,138877133,138875757,138877133,231,274,0,0,43,0,376,95,145,164069841,204408000,20,0,0
bevy_rows,destroy_packed,1000000,3,1,0,0,0.000000000,138875757,0,138875757,0,231,0,0,231,0,376,95,376,164069841,195608000,19,0,0
bevy_rows,setup_packed,1000000,4,1,0,0,0.000000000,0,19451,19483,56,57,89,16,33,30743,89,16,33,30743,204408000,20,0,0
bevy_rows,packed_populate_and_ids,1000000,4,1000000,0,0,0.000000000,19451,138875757,138875757,231,231,196,79,21,164034178,285,95,54,164064921,204408000,20,0,0
bevy_rows,packed_create_queries,1000000,4,2,0,0,0.000000000,138875757,138877133,138877757,274,281,91,0,48,4920,376,95,102,164069841,204408000,20,0,0
bevy_rows,packed_light_color,1000000,4,1250000,0,10,1825317.382812500,138877133,138877133,138877133,274,274,0,0,0,0,376,95,102,164069841,204408000,20,0,0
bevy_rows,packed_0pct_random_get,1000000,4,1000000,0,0,80237500.000000000,138877133,138877133,138877133,274,274,0,0,0,0,376,95,102,164069841,204408000,20,0,0
bevy_rows,packed_0pct_health_query,1000000,4,2500000,0,15,372846875.000000000,138877133,138877133,138877133,274,274,0,0,0,0,376,95,102,164069841,204408000,20,0,0
bevy_rows,packed_1pct_update_first,1000000,4,10000,0,0,690123.000000000,138877133,138877133,138877133,274,274,0,0,0,0,376,95,102,164069841,204408000,20,0,0
bevy_rows,packed_1pct_update_repeat,1000000,4,10000,0,0,700123.000000000,138877133,138877133,138877133,274,274,0,0,0,0,376,95,102,164069841,204408000,20,0,0
bevy_rows,packed_1pct_random_get,1000000,4,1000000,0,0,80257500.000000000,138877133,138877133,138877133,274,274,0,0,0,0,376,95,102,164069841,204408000,20,0,0
bevy_rows,packed_1pct_health_query,1000000,4,2500000,0,15,372888465.000000000,138877133,138877133,138877133,274,274,0,0,0,0,376,95,102,164069841,204408000,20,0,0
bevy_rows,packed_10pct_update_first,1000000,4,100000,0,0,7010657.000000000,138877133,138877133,138877133,274,274,0,0,0,0,376,95,102,164069841,204408000,20,0,0
bevy_rows,packed_10pct_update_repeat,1000000,4,100000,0,0,7110657.000000000,138877133,138877133,138877133,274,274,0,0,0,0,376,95,102,164069841,204408000,20,0,0
bevy_rows,packed_10pct_random_get,1000000,4,1000000,0,0,80437500.000000000,138877133,138877133,138877133,274,274,0,0,0,0,376,95,102,164069841,204408000,20,0,0
bevy_rows,packed_10pct_health_query,1000000,4,2500000,0,15,373270815.000000000,138877133,138877133,138877133,274,274,0,0,0,0,376,95,102,164069841,204408000,20,0,0
bevy_rows,destroy_queries,1000000,4,2,0,0,0.000000000,138877133,138875757,138877133,231,274,0,0,43,0,376,95,145,164069841,204408000,20,0,0
bevy_rows,destroy_packed,1000000,4,1,0,0,0.000000000,138875757,0,138875757,0,231,0,0,231,0,376,95,376,164069841,195608000,19,0,0
bevy_columns,setup_packed,1000000,4,1,0,0,0.000000000,0,19451,19483,56,57,91,16,35,30807,91,16,35,30807,204408000,20,0,0
bevy_columns,packed_populate_and_ids,1000000,4,1000000,0,0,0.000000000,19451,149397489,149397489,269,269,235,81,22,174556618,326,97,57,174587425,204408000,20,0,0
bevy_columns,packed_create_queries,1000000,4,2,0,0,0.000000000,149397489,149398033,149398657,286,293,36,0,19,1960,362,97,76,174589385,204408000,20,0,0
bevy_columns,packed_light_color,1000000,4,1250000,0,10,1825317.382812500,149398033,149398033,149398033,286,286,0,0,0,0,362,97,76,174589385,204408000,20,0,0
bevy_columns,packed_0pct_random_get,1000000,4,1000000,0,0,80237500.000000000,149398033,149398033,149398033,286,286,0,0,0,0,362,97,76,174589385,204408000,20,0,0
bevy_columns,packed_0pct_health_query,1000000,4,2500000,0,15,372846875.000000000,149398033,149398033,149398033,286,286,0,0,0,0,362,97,76,174589385,204408000,20,0,0
bevy_columns,packed_1pct_update_first,1000000,4,10000,0,0,690123.000000000,149398033,149398033,149398033,286,286,0,0,0,0,362,97,76,174589385,204408000,20,0,0
bevy_columns,packed_1pct_update_repeat,1000000,4,10000,0,0,700123.000000000,149398033,149398033,149398033,286,286,0,0,0,0,362,97,76,174589385,204408000,20,0,0
bevy_columns,packed_1pct_random_get,1000000,4,1000000,0,0,80257500.000000000,149398033,149398033,149398033,286,286,0,0,0,0,362,97,76,174589385,204408000,20,0,0
bevy_columns,packed_1pct_health_query,1000000,4,2500000,0,15,372888465.000000000,149398033,149398033,149398033,286,286,0,0,0,0,362,97,76,174589385,204408000,20,0,0
bevy_columns,packed_10pct_update_first,1000000,4,100000,0,0,7010657.000000000,149398033,149398033,149398033,286,286,0,0,0,0,362,97,76,174589385,204408000,20,0,0
bevy_columns,packed_10pct_update_repeat,1000000,4,100000,0,0,7110657.000000000,149398033,149398033,149398033,286,286,0,0,0,0,362,97,76,174589385,204408000,20,0,0
bevy_columns,packed_10pct_random_get,1000000,4,1000000,0,0,80437500.000000000,149398033,149398033,149398033,286,286,0,0,0,0,362,97,76,174589385,204408000,20,0,0
bevy_columns,packed_10pct_health_query,1000000,4,2500000,0,15,373270815.000000000,149398033,149398033,149398033,286,286,0,0,0,0,362,97,76,174589385,204408000,20,0,0
bevy_columns,destroy_queries,1000000,4,2,0,0,0.000000000,149398033,149397489,149398033,269,286,0,0,17,0,362,97,93,174589385,204408000,20,0,0
bevy_columns,destroy_packed,1000000,4,1,0,0,0.000000000,149397489,0,149397489,0,269,0,0,269,0,362,97,362,174589385,195608000,19,0,0
bevy_columns,setup_packed,1000000,5,1,0,0,0.000000000,0,19451,19483,56,57,91,16,35,30807,91,16,35,30807,204408000,20,0,0
bevy_columns,packed_populate_and_ids,1000000,5,1000000,0,0,0.000000000,19451,149397489,149397489,269,269,235,81,22,174556618,326,97,57,174587425,204408000,20,0,0
bevy_columns,packed_create_queries,1000000,5,2,0,0,0.000000000,149397489,149398033,149398657,286,293,36,0,19,1960,362,97,76,174589385,204408000,20,0,0
bevy_columns,packed_light_color,1000000,5,1250000,0,10,1825317.382812500,149398033,149398033,149398033,286,286,0,0,0,0,362,97,76,174589385,204408000,20,0,0
bevy_columns,packed_0pct_random_get,1000000,5,1000000,0,0,80237500.000000000,149398033,149398033,149398033,286,286,0,0,0,0,362,97,76,174589385,204408000,20,0,0
bevy_columns,packed_0pct_health_query,1000000,5,2500000,0,15,372846875.000000000,149398033,149398033,149398033,286,286,0,0,0,0,362,97,76,174589385,204408000,20,0,0
bevy_columns,packed_1pct_update_first,1000000,5,10000,0,0,690123.000000000,149398033,149398033,149398033,286,286,0,0,0,0,362,97,76,174589385,204408000,20,0,0
bevy_columns,packed_1pct_update_repeat,1000000,5,10000,0,0,700123.000000000,149398033,149398033,149398033,286,286,0,0,0,0,362,97,76,174589385,204408000,20,0,0
bevy_columns,packed_1pct_random_get,1000000,5,1000000,0,0,80257500.000000000,149398033,149398033,149398033,286,286,0,0,0,0,362,97,76,174589385,204408000,20,0,0
bevy_columns,packed_1pct_health_query,1000000,5,2500000,0,15,372888465.000000000,149398033,149398033,149398033,286,286,0,0,0,0,362,97,76,174589385,204408000,20,0,0
bevy_columns,packed_10pct_update_first,1000000,5,100000,0,0,7010657.000000000,149398033,149398033,149398033,286,286,0,0,0,0,362,97,76,174589385,204408000,20,0,0
bevy_columns,packed_10pct_update_repeat,1000000,5,100000,0,0,7110657.000000000,149398033,149398033,149398033,286,286,0,0,0,0,362,97,76,174589385,204408000,20,0,0
bevy_columns,packed_10pct_random_get,1000000,5,1000000,0,0,80437500.000000000,149398033,149398033,149398033,286,286,0,0,0,0,362,97,76,174589385,204408000,20,0,0
bevy_columns,packed_10pct_health_query,1000000,5,2500000,0,15,373270815.000000000,149398033,149398033,149398033,286,286,0,0,0,0,362,97,76,174589385,204408000,20,0,0
bevy_columns,destroy_queries,1000000,5,2,0,0,0.000000000,149398033,149397489,149398033,269,286,0,0,17,0,362,97,93,174589385,204408000,20,0,0
bevy_columns,destroy_packed,1000000,5,1,0,0,0.000000000,149397489,0,149397489,0,269,0,0,269,0,362,97,362,174589385,195608000,19,0,0
bevy_rows,setup_packed,1000000,5,1,0,0,0.000000000,0,19451,19483,56,57,89,16,33,30743,89,16,33,30743,204408000,20,0,0
bevy_rows,packed_populate_and_ids,1000000,5,1000000,0,0,0.000000000,19451,138875757,138875757,231,231,196,79,21,164034178,285,95,54,164064921,204408000,20,0,0
bevy_rows,packed_create_queries,1000000,5,2,0,0,0.000000000,138875757,138877133,138877757,274,281,91,0,48,4920,376,95,102,164069841,204408000,20,0,0
bevy_rows,packed_light_color,1000000,5,1250000,0,10,1825317.382812500,138877133,138877133,138877133,274,274,0,0,0,0,376,95,102,164069841,204408000,20,0,0
bevy_rows,packed_0pct_random_get,1000000,5,1000000,0,0,80237500.000000000,138877133,138877133,138877133,274,274,0,0,0,0,376,95,102,164069841,204408000,20,0,0
bevy_rows,packed_0pct_health_query,1000000,5,2500000,0,15,372846875.000000000,138877133,138877133,138877133,274,274,0,0,0,0,376,95,102,164069841,204408000,20,0,0
bevy_rows,packed_1pct_update_first,1000000,5,10000,0,0,690123.000000000,138877133,138877133,138877133,274,274,0,0,0,0,376,95,102,164069841,204408000,20,0,0
bevy_rows,packed_1pct_update_repeat,1000000,5,10000,0,0,700123.000000000,138877133,138877133,138877133,274,274,0,0,0,0,376,95,102,164069841,204408000,20,0,0
bevy_rows,packed_1pct_random_get,1000000,5,1000000,0,0,80257500.000000000,138877133,138877133,138877133,274,274,0,0,0,0,376,95,102,164069841,204408000,20,0,0
bevy_rows,packed_1pct_health_query,1000000,5,2500000,0,15,372888465.000000000,138877133,138877133,138877133,274,274,0,0,0,0,376,95,102,164069841,204408000,20,0,0
bevy_rows,packed_10pct_update_first,1000000,5,100000,0,0,7010657.000000000,138877133,138877133,138877133,274,274,0,0,0,0,376,95,102,164069841,204408000,20,0,0
bevy_rows,packed_10pct_update_repeat,1000000,5,100000,0,0,7110657.000000000,138877133,138877133,138877133,274,274,0,0,0,0,376,95,102,164069841,204408000,20,0,0
bevy_rows,packed_10pct_random_get,1000000,5,1000000,0,0,80437500.000000000,138877133,138877133,138877133,274,274,0,0,0,0,376,95,102,164069841,204408000,20,0,0
bevy_rows,packed_10pct_health_query,1000000,5,2500000,0,15,373270815.000000000,138877133,138877133,138877133,274,274,0,0,0,0,376,95,102,164069841,204408000,20,0,0
bevy_rows,destroy_queries,1000000,5,2,0,0,0.000000000,138877133,138875757,138877133,231,274,0,0,43,0,376,95,145,164069841,204408000,20,0,0
bevy_rows,destroy_packed,1000000,5,1,0,0,0.000000000,138875757,0,138875757,0,231,0,0,231,0,376,95,376,164069841,195608000,19,0,0
bevy_rows,setup_packed,1000000,6,1,0,0,0.000000000,0,19451,19483,56,57,89,16,33,30743,89,16,33,30743,204408000,20,0,0
bevy_rows,packed_populate_and_ids,1000000,6,1000000,0,0,0.000000000,19451,138875757,138875757,231,231,196,79,21,164034178,285,95,54,164064921,204408000,20,0,0
bevy_rows,packed_create_queries,1000000,6,2,0,0,0.000000000,138875757,138877133,138877757,274,281,91,0,48,4920,376,95,102,164069841,204408000,20,0,0
bevy_rows,packed_light_color,1000000,6,1250000,0,10,1825317.382812500,138877133,138877133,138877133,274,274,0,0,0,0,376,95,102,164069841,204408000,20,0,0
bevy_rows,packed_0pct_random_get,1000000,6,1000000,0,0,80237500.000000000,138877133,138877133,138877133,274,274,0,0,0,0,376,95,102,164069841,204408000,20,0,0
bevy_rows,packed_0pct_health_query,1000000,6,2500000,0,15,372846875.000000000,138877133,138877133,138877133,274,274,0,0,0,0,376,95,102,164069841,204408000,20,0,0
bevy_rows,packed_1pct_update_first,1000000,6,10000,0,0,690123.000000000,138877133,138877133,138877133,274,274,0,0,0,0,376,95,102,164069841,204408000,20,0,0
bevy_rows,packed_1pct_update_repeat,1000000,6,10000,0,0,700123.000000000,138877133,138877133,138877133,274,274,0,0,0,0,376,95,102,164069841,204408000,20,0,0
bevy_rows,packed_1pct_random_get,1000000,6,1000000,0,0,80257500.000000000,138877133,138877133,138877133,274,274,0,0,0,0,376,95,102,164069841,204408000,20,0,0
bevy_rows,packed_1pct_health_query,1000000,6,2500000,0,15,372888465.000000000,138877133,138877133,138877133,274,274,0,0,0,0,376,95,102,164069841,204408000,20,0,0
bevy_rows,packed_10pct_update_first,1000000,6,100000,0,0,7010657.000000000,138877133,138877133,138877133,274,274,0,0,0,0,376,95,102,164069841,204408000,20,0,0
bevy_rows,packed_10pct_update_repeat,1000000,6,100000,0,0,7110657.000000000,138877133,138877133,138877133,274,274,0,0,0,0,376,95,102,164069841,204408000,20,0,0
bevy_rows,packed_10pct_random_get,1000000,6,1000000,0,0,80437500.000000000,138877133,138877133,138877133,274,274,0,0,0,0,376,95,102,164069841,204408000,20,0,0
bevy_rows,packed_10pct_health_query,1000000,6,2500000,0,15,373270815.000000000,138877133,138877133,138877133,274,274,0,0,0,0,376,95,102,164069841,204408000,20,0,0
bevy_rows,destroy_queries,1000000,6,2,0,0,0.000000000,138877133,138875757,138877133,231,274,0,0,43,0,376,95,145,164069841,204408000,20,0,0
bevy_rows,destroy_packed,1000000,6,1,0,0,0.000000000,138875757,0,138875757,0,231,0,0,231,0,376,95,376,164069841,195608000,19,0,0
bevy_columns,setup_packed,1000000,6,1,0,0,0.000000000,0,19451,19483,56,57,91,16,35,30807,91,16,35,30807,204408000,20,0,0
bevy_columns,packed_populate_and_ids,1000000,6,1000000,0,0,0.000000000,19451,149397489,149397489,269,269,235,81,22,174556618,326,97,57,174587425,204408000,20,0,0
bevy_columns,packed_create_queries,1000000,6,2,0,0,0.000000000,149397489,149398033,149398657,286,293,36,0,19,1960,362,97,76,174589385,204408000,20,0,0
bevy_columns,packed_light_color,1000000,6,1250000,0,10,1825317.382812500,149398033,149398033,149398033,286,286,0,0,0,0,362,97,76,174589385,204408000,20,0,0
bevy_columns,packed_0pct_random_get,1000000,6,1000000,0,0,80237500.000000000,149398033,149398033,149398033,286,286,0,0,0,0,362,97,76,174589385,204408000,20,0,0
bevy_columns,packed_0pct_health_query,1000000,6,2500000,0,15,372846875.000000000,149398033,149398033,149398033,286,286,0,0,0,0,362,97,76,174589385,204408000,20,0,0
bevy_columns,packed_1pct_update_first,1000000,6,10000,0,0,690123.000000000,149398033,149398033,149398033,286,286,0,0,0,0,362,97,76,174589385,204408000,20,0,0
bevy_columns,packed_1pct_update_repeat,1000000,6,10000,0,0,700123.000000000,149398033,149398033,149398033,286,286,0,0,0,0,362,97,76,174589385,204408000,20,0,0
bevy_columns,packed_1pct_random_get,1000000,6,1000000,0,0,80257500.000000000,149398033,149398033,149398033,286,286,0,0,0,0,362,97,76,174589385,204408000,20,0,0
bevy_columns,packed_1pct_health_query,1000000,6,2500000,0,15,372888465.000000000,149398033,149398033,149398033,286,286,0,0,0,0,362,97,76,174589385,204408000,20,0,0
bevy_columns,packed_10pct_update_first,1000000,6,100000,0,0,7010657.000000000,149398033,149398033,149398033,286,286,0,0,0,0,362,97,76,174589385,204408000,20,0,0
bevy_columns,packed_10pct_update_repeat,1000000,6,100000,0,0,7110657.000000000,149398033,149398033,149398033,286,286,0,0,0,0,362,97,76,174589385,204408000,20,0,0
bevy_columns,packed_10pct_random_get,1000000,6,1000000,0,0,80437500.000000000,149398033,149398033,149398033,286,286,0,0,0,0,362,97,76,174589385,204408000,20,0,0
bevy_columns,packed_10pct_health_query,1000000,6,2500000,0,15,373270815.000000000,149398033,149398033,149398033,286,286,0,0,0,0,362,97,76,174589385,204408000,20,0,0
bevy_columns,destroy_queries,1000000,6,2,0,0,0.000000000,149398033,149397489,149398033,269,286,0,0,17,0,362,97,93,174589385,204408000,20,0,0
bevy_columns,destroy_packed,1000000,6,1,0,0,0.000000000,149397489,0,149397489,0,269,0,0,269,0,362,97,362,174589385,195608000,19,0,0
bevy_columns,setup_packed,1000000,7,1,0,0,0.000000000,0,19451,19483,56,57,91,16,35,30807,91,16,35,30807,204408000,20,0,0
bevy_columns,packed_populate_and_ids,1000000,7,1000000,0,0,0.000000000,19451,149397489,149397489,269,269,235,81,22,174556618,326,97,57,174587425,204408000,20,0,0
bevy_columns,packed_create_queries,1000000,7,2,0,0,0.000000000,149397489,149398033,149398657,286,293,36,0,19,1960,362,97,76,174589385,204408000,20,0,0
bevy_columns,packed_light_color,1000000,7,1250000,0,10,1825317.382812500,149398033,149398033,149398033,286,286,0,0,0,0,362,97,76,174589385,204408000,20,0,0
bevy_columns,packed_0pct_random_get,1000000,7,1000000,0,0,80237500.000000000,149398033,149398033,149398033,286,286,0,0,0,0,362,97,76,174589385,204408000,20,0,0
bevy_columns,packed_0pct_health_query,1000000,7,2500000,0,15,372846875.000000000,149398033,149398033,149398033,286,286,0,0,0,0,362,97,76,174589385,204408000,20,0,0
bevy_columns,packed_1pct_update_first,1000000,7,10000,0,0,690123.000000000,149398033,149398033,149398033,286,286,0,0,0,0,362,97,76,174589385,204408000,20,0,0
bevy_columns,packed_1pct_update_repeat,1000000,7,10000,0,0,700123.000000000,149398033,149398033,149398033,286,286,0,0,0,0,362,97,76,174589385,204408000,20,0,0
bevy_columns,packed_1pct_random_get,1000000,7,1000000,0,0,80257500.000000000,149398033,149398033,149398033,286,286,0,0,0,0,362,97,76,174589385,204408000,20,0,0
bevy_columns,packed_1pct_health_query,1000000,7,2500000,0,15,372888465.000000000,149398033,149398033,149398033,286,286,0,0,0,0,362,97,76,174589385,204408000,20,0,0
bevy_columns,packed_10pct_update_first,1000000,7,100000,0,0,7010657.000000000,149398033,149398033,149398033,286,286,0,0,0,0,362,97,76,174589385,204408000,20,0,0
bevy_columns,packed_10pct_update_repeat,1000000,7,100000,0,0,7110657.000000000,149398033,149398033,149398033,286,286,0,0,0,0,362,97,76,174589385,204408000,20,0,0
bevy_columns,packed_10pct_random_get,1000000,7,1000000,0,0,80437500.000000000,149398033,149398033,149398033,286,286,0,0,0,0,362,97,76,174589385,204408000,20,0,0
bevy_columns,packed_10pct_health_query,1000000,7,2500000,0,15,373270815.000000000,149398033,149398033,149398033,286,286,0,0,0,0,362,97,76,174589385,204408000,20,0,0
bevy_columns,destroy_queries,1000000,7,2,0,0,0.000000000,149398033,149397489,149398033,269,286,0,0,17,0,362,97,93,174589385,204408000,20,0,0
bevy_columns,destroy_packed,1000000,7,1,0,0,0.000000000,149397489,0,149397489,0,269,0,0,269,0,362,97,362,174589385,195608000,19,0,0
bevy_rows,setup_packed,1000000,7,1,0,0,0.000000000,0,19451,19483,56,57,89,16,33,30743,89,16,33,30743,204408000,20,0,0
bevy_rows,packed_populate_and_ids,1000000,7,1000000,0,0,0.000000000,19451,138875757,138875757,231,231,196,79,21,164034178,285,95,54,164064921,204408000,20,0,0
bevy_rows,packed_create_queries,1000000,7,2,0,0,0.000000000,138875757,138877133,138877757,274,281,91,0,48,4920,376,95,102,164069841,204408000,20,0,0
bevy_rows,packed_light_color,1000000,7,1250000,0,10,1825317.382812500,138877133,138877133,138877133,274,274,0,0,0,0,376,95,102,164069841,204408000,20,0,0
bevy_rows,packed_0pct_random_get,1000000,7,1000000,0,0,80237500.000000000,138877133,138877133,138877133,274,274,0,0,0,0,376,95,102,164069841,204408000,20,0,0
bevy_rows,packed_0pct_health_query,1000000,7,2500000,0,15,372846875.000000000,138877133,138877133,138877133,274,274,0,0,0,0,376,95,102,164069841,204408000,20,0,0
bevy_rows,packed_1pct_update_first,1000000,7,10000,0,0,690123.000000000,138877133,138877133,138877133,274,274,0,0,0,0,376,95,102,164069841,204408000,20,0,0
bevy_rows,packed_1pct_update_repeat,1000000,7,10000,0,0,700123.000000000,138877133,138877133,138877133,274,274,0,0,0,0,376,95,102,164069841,204408000,20,0,0
bevy_rows,packed_1pct_random_get,1000000,7,1000000,0,0,80257500.000000000,138877133,138877133,138877133,274,274,0,0,0,0,376,95,102,164069841,204408000,20,0,0
bevy_rows,packed_1pct_health_query,1000000,7,2500000,0,15,372888465.000000000,138877133,138877133,138877133,274,274,0,0,0,0,376,95,102,164069841,204408000,20,0,0
bevy_rows,packed_10pct_update_first,1000000,7,100000,0,0,7010657.000000000,138877133,138877133,138877133,274,274,0,0,0,0,376,95,102,164069841,204408000,20,0,0
bevy_rows,packed_10pct_update_repeat,1000000,7,100000,0,0,7110657.000000000,138877133,138877133,138877133,274,274,0,0,0,0,376,95,102,164069841,204408000,20,0,0
bevy_rows,packed_10pct_random_get,1000000,7,1000000,0,0,80437500.000000000,138877133,138877133,138877133,274,274,0,0,0,0,376,95,102,164069841,204408000,20,0,0
bevy_rows,packed_10pct_health_query,1000000,7,2500000,0,15,373270815.000000000,138877133,138877133,138877133,274,274,0,0,0,0,376,95,102,164069841,204408000,20,0,0
bevy_rows,destroy_queries,1000000,7,2,0,0,0.000000000,138877133,138875757,138877133,231,274,0,0,43,0,376,95,145,164069841,204408000,20,0,0
bevy_rows,destroy_packed,1000000,7,1,0,0,0.000000000,138875757,0,138875757,0,231,0,0,231,0,376,95,376,164069841,195608000,19,0,0
