rows,packed_rows,backend,operation,samples,operations,hits,batches,median_before_bytes,min_before_bytes,max_before_bytes,median_live_bytes,min_live_bytes,max_live_bytes,median_peak_bytes,min_peak_bytes,max_peak_bytes,median_live_blocks,min_live_blocks,max_live_blocks,median_peak_blocks,min_peak_blocks,max_peak_blocks,median_allocations,min_allocations,max_allocations,median_reallocations,min_reallocations,max_reallocations,median_frees,min_frees,max_frees,median_allocated_bytes,min_allocated_bytes,max_allocated_bytes,median_total_allocations,min_total_allocations,max_total_allocations,median_total_reallocations,min_total_reallocations,max_total_reallocations,median_total_frees,min_total_frees,max_total_frees,median_total_allocated_bytes,min_total_allocated_bytes,max_total_allocated_bytes,median_fixture_bytes,min_fixture_bytes,max_fixture_bytes,median_fixture_blocks,min_fixture_blocks,max_fixture_blocks,median_shared_bytes,min_shared_bytes,max_shared_bytes,median_shared_blocks,min_shared_blocks,max_shared_blocks
1000000,0,bevy_columns,add_10pct_live_queries_batch100,7,100000,0,0,149398865,149398865,149398865,298764689,298764689,298764689,298764689,298764689,298764689,312,312,312,312,312,312,0,0,0,129,129,129,0,0,0,298731648,298731648,298731648,418,418,418,226,226,226,106,106,106,473324025,473324025,473324025,204408000,204408000,204408000,20,20,20,0,0,0,0,0,0
1000000,0,bevy_columns,all_light_after_add,7,1375000,0,10,298764689,298764689,298764689,298764689,298764689,298764689,298764689,298764689,298764689,312,312,312,312,312,312,0,0,0,0,0,0,0,0,0,0,0,0,418,418,418,226,226,226,106,106,106,473324025,473324025,473324025,204408000,204408000,204408000,20,20,20,0,0,0,0,0,0
1000000,0,bevy_columns,all_light_color,7,1250000,0,10,149398865,149398865,149398865,149398865,149398865,149398865,149398865,149398865,149398865,312,312,312,312,312,312,0,0,0,0,0,0,0,0,0,0,0,0,418,418,418,97,97,97,106,106,106,174592377,174592377,174592377,204408000,204408000,204408000,20,20,20,0,0,0,0,0,0
1000000,0,bevy_columns,create_bulk,7,1000000,0,0,19451,19451,19451,149397489,149397489,149397489,149397489,149397489,149397489,269,269,269,269,269,269,235,235,235,81,81,81,22,22,22,174556618,174556618,174556618,326,326,326,97,97,97,57,57,57,174587425,174587425,174587425,204408000,204408000,204408000,20,20,20,0,0,0,0,0,0
1000000,0,bevy_columns,create_individual,7,1000000,0,0,19451,19451,19451,176847793,176847793,176847793,176847793,176847793,176847793,269,269,269,269,269,269,235,235,235,2010,2010,2010,22,22,22,353654058,353654058,353654058,326,326,326,2026,2026,2026,57,57,57,353684865,353684865,353684865,204408000,204408000,204408000,20,20,20,0,0,0,0,0,0
1000000,0,bevy_columns,create_queries,7,5,0,0,149397489,149397489,149397489,149398865,149398865,149398865,149399529,149399529,149399529,312,312,312,321,321,321,92,92,92,0,0,0,49,49,49,4952,4952,4952,418,418,418,97,97,97,106,106,106,174592377,174592377,174592377,204408000,204408000,204408000,20,20,20,0,0,0,0,0,0
1000000,0,bevy_columns,destroy_bulk,7,1,0,0,300701553,300701553,300701553,0,0,0,300701553,300701553,300701553,0,0,0,297,297,297,0,0,0,0,0,0,297,297,297,0,0,0,446,446,446,423,423,423,446,446,446,477067817,477067817,477067817,195608000,195608000,195608000,19,19,19,0,0,0,0,0,0
1000000,0,bevy_columns,destroy_individual,7,1,0,0,176847793,176847793,176847793,0,0,0,176847793,176847793,176847793,0,0,0,269,269,269,0,0,0,0,0,0,269,269,269,0,0,0,326,326,326,2026,2026,2026,326,326,326,353684865,353684865,353684865,195608000,195608000,195608000,19,19,19,0,0,0,0,0,0
1000000,0,bevy_columns,destroy_queries,7,5,0,0,300702929,300702929,300702929,300701553,300701553,300701553,300702929,300702929,300702929,297,297,297,340,340,340,0,0,0,0,0,0,43,43,43,0,0,0,446,446,446,423,423,423,149,149,149,477067817,477067817,477067817,204408000,204408000,204408000,20,20,20,0,0,0,0,0,0
1000000,0,bevy_columns,enemy_health_position,7,1200000,0,5,149398865,149398865,149398865,149398865,149398865,149398865,149398865,149398865,149398865,312,312,312,312,312,312,0,0,0,0,0,0,0,0,0,0,0,0,418,418,418,97,97,97,106,106,106,174592377,174592377,174592377,204408000,204408000,204408000,20,20,20,0,0,0,0,0,0
1000000,0,bevy_columns,explosion_r50_first,7,500000,125290,3,149398865,149398865,149398865,149398865,149398865,149398865,149398865,149398865,149398865,312,312,312,312,312,312,0,0,0,0,0,0,0,0,0,0,0,0,418,418,418,97,97,97,106,106,106,174592377,174592377,174592377,204408000,204408000,204408000,20,20,20,0,0,0,0,0,0
1000000,0,bevy_columns,health_after_add,7,2750000,0,15,298764689,298764689,298764689,298764689,298764689,298764689,298764689,298764689,298764689,312,312,312,312,312,312,0,0,0,0,0,0,0,0,0,0,0,0,418,418,418,226,226,226,106,106,106,473324025,473324025,473324025,204408000,204408000,204408000,20,20,20,0,0,0,0,0,0
1000000,0,bevy_columns,health_after_churn,7,2750000,0,15,300702929,300702929,300702929,300702929,300702929,300702929,300702929,300702929,300702929,340,340,340,340,340,340,0,0,0,0,0,0,0,0,0,0,0,0,446,446,446,423,423,423,106,106,106,477067817,477067817,477067817,204408000,204408000,204408000,20,20,20,0,0,0,0,0,0
1000000,0,bevy_columns,health_position,7,2500000,0,15,149398865,149398865,149398865,149398865,149398865,149398865,149398865,149398865,149398865,312,312,312,312,312,312,0,0,0,0,0,0,0,0,0,0,0,0,418,418,418,97,97,97,106,106,106,174592377,174592377,174592377,204408000,204408000,204408000,20,20,20,0,0,0,0,0,0
1000000,0,bevy_columns,remove_1pct,7,10000,0,0,298764689,298764689,298764689,300702929,300702929,300702929,300702929,300702929,300702929,340,340,340,340,340,340,28,28,28,197,197,197,0,0,0,3743792,3743792,3743792,446,446,446,423,423,423,106,106,106,477067817,477067817,477067817,204408000,204408000,204408000,20,20,20,0,0,0,0,0,0
1000000,0,bevy_columns,replace_1pct,7,10000,0,0,300702929,300702929,300702929,300702929,300702929,300702929,300702929,300702929,300702929,340,340,340,340,340,340,0,0,0,0,0,0,0,0,0,0,0,0,446,446,446,423,423,423,106,106,106,477067817,477067817,477067817,204408000,204408000,204408000,20,20,20,0,0,0,0,0,0
1000000,0,bevy_columns,setup_bulk,7,1,0,0,0,0,0,19451,19451,19451,19483,19483,19483,56,56,56,57,57,57,91,91,91,16,16,16,35,35,35,30807,30807,30807,91,91,91,16,16,16,35,35,35,30807,30807,30807,204408000,204408000,204408000,20,20,20,0,0,0,0,0,0
1000000,0,bevy_columns,setup_individual,7,1,0,0,0,0,0,19451,19451,19451,19483,19483,19483,56,56,56,57,57,57,91,91,91,16,16,16,35,35,35,30807,30807,30807,91,91,91,16,16,16,35,35,35,30807,30807,30807,204408000,204408000,204408000,20,20,20,0,0,0,0,0,0
1000000,0,bevy_columns,shuffled_position,7,1000000,0,0,149398865,149398865,149398865,149398865,149398865,149398865,149398865,149398865,149398865,312,312,312,312,312,312,0,0,0,0,0,0,0,0,0,0,0,0,418,418,418,97,97,97,106,106,106,174592377,174592377,174592377,204408000,204408000,204408000,20,20,20,0,0,0,0,0,0
1000000,0,bevy_columns,spot_color,7,500000,0,5,149398865,149398865,149398865,149398865,149398865,149398865,149398865,149398865,149398865,312,312,312,312,312,312,0,0,0,0,0,0,0,0,0,0,0,0,418,418,418,97,97,97,106,106,106,174592377,174592377,174592377,204408000,204408000,204408000,20,20,20,0,0,0,0,0,0
1000000,0,bevy_rows,add_10pct_live_queries_batch100,7,100000,0,0,138878541,138878541,138878541,277724365,277724365,277724365,277724365,277724365,277724365,318,318,318,318,318,318,0,0,0,93,93,93,0,0,0,277691648,277691648,277691648,469,469,469,188,188,188,151,151,151,441766449,441766449,441766449,204408000,204408000,204408000,20,20,20,0,0,0,0,0,0
1000000,0,bevy_rows,all_light_after_add,7,1375000,0,10,277724365,277724365,277724365,277724365,277724365,277724365,277724365,277724365,277724365,318,318,318,318,318,318,0,0,0,0,0,0,0,0,0,0,0,0,469,469,469,188,188,188,151,151,151,441766449,441766449,441766449,204408000,204408000,204408000,20,20,20,0,0,0,0,0,0
1000000,0,bevy_rows,all_light_color,7,1250000,0,10,138878541,138878541,138878541,138878541,138878541,138878541,138878541,138878541,138878541,318,318,318,318,318,318,0,0,0,0,0,0,0,0,0,0,0,0,469,469,469,95,95,95,151,151,151,164074801,164074801,164074801,204408000,204408000,204408000,20,20,20,0,0,0,0,0,0
1000000,0,bevy_rows,create_bulk,7,1000000,0,0,19451,19451,19451,138875757,138875757,138875757,138875757,138875757,138875757,231,231,231,231,231,231,196,196,196,79,79,79,21,21,21,164034178,164034178,164034178,285,285,285,95,95,95,54,54,54,164064921,164064921,164064921,204408000,204408000,204408000,20,20,20,0,0,0,0,0,0
1000000,0,bevy_rows,create_individual,7,1000000,0,0,19451,19451,19451,163607789,163607789,163607789,163607789,163607789,163607789,231,231,231,231,231,231,196,196,196,1468,1468,1468,21,21,21,327175362,327175362,327175362,285,285,285,1484,1484,1484,54,54,54,327206105,327206105,327206105,204408000,204408000,204408000,20,20,20,0,0,0,0,0,0
1000000,0,bevy_rows,create_queries,7,5,0,0,138875757,138875757,138875757,138878541,138878541,138878541,138879205,138879205,138879205,318,318,318,327,327,327,184,184,184,0,0,0,97,97,97,9880,9880,9880,469,469,469,95,95,95,151,151,151,164074801,164074801,164074801,204408000,204408000,204408000,20,20,20,0,0,0,0,0,0
1000000,0,bevy_rows,destroy_bulk,7,1,0,0,279039277,279039277,279039277,0,0,0,279039277,279039277,279039277,0,0,0,257,257,257,0,0,0,0,0,0,257,257,257,0,0,0,495,495,495,353,353,353,495,495,495,444269281,444269281,444269281,195608000,195608000,195608000,19,19,19,0,0,0,0,0,0
1000000,0,bevy_rows,destroy_individual,7,1,0,0,163607789,163607789,163607789,0,0,0,163607789,163607789,163607789,0,0,0,231,231,231,0,0,0,0,0,0,231,231,231,0,0,0,285,285,285,1484,1484,1484,285,285,285,327206105,327206105,327206105,195608000,195608000,195608000,19,19,19,0,0,0,0,0,0
1000000,0,bevy_rows,destroy_queries,7,5,0,0,279042061,279042061,279042061,279039277,279039277,279039277,279042061,279042061,279042061,257,257,257,344,344,344,0,0,0,0,0,0,87,87,87,0,0,0,495,495,495,353,353,353,238,238,238,444269281,444269281,444269281,204408000,204408000,204408000,20,20,20,0,0,0,0,0,0
1000000,0,bevy_rows,enemy_health_position,7,1200000,0,5,138878541,138878541,138878541,138878541,138878541,138878541,138878541,138878541,138878541,318,318,318,318,318,318,0,0,0,0,0,0,0,0,0,0,0,0,469,469,469,95,95,95,151,151,151,164074801,164074801,164074801,204408000,204408000,204408000,20,20,20,0,0,0,0,0,0
1000000,0,bevy_rows,explosion_r50_first,7,500000,125290,3,138878541,138878541,138878541,138878541,138878541,138878541,138878541,138878541,138878541,318,318,318,318,318,318,0,0,0,0,0,0,0,0,0,0,0,0,469,469,469,95,95,95,151,151,151,164074801,164074801,164074801,204408000,204408000,204408000,20,20,20,0,0,0,0,0,0
1000000,0,bevy_rows,health_after_add,7,2750000,0,15,277724365,277724365,277724365,277724365,277724365,277724365,277724365,277724365,277724365,318,318,318,318,318,318,0,0,0,0,0,0,0,0,0,0,0,0,469,469,469,188,188,188,151,151,151,441766449,441766449,441766449,204408000,204408000,204408000,20,20,20,0,0,0,0,0,0
1000000,0,bevy_rows,health_after_churn,7,2750000,0,15,279042061,279042061,279042061,279042061,279042061,279042061,279042061,279042061,279042061,344,344,344,344,344,344,0,0,0,0,0,0,0,0,0,0,0,0,495,495,495,353,353,353,151,151,151,444269281,444269281,444269281,204408000,204408000,204408000,20,20,20,0,0,0,0,0,0
1000000,0,bevy_rows,health_position,7,2500000,0,15,138878541,138878541,138878541,138878541,138878541,138878541,138878541,138878541,138878541,318,318,318,318,318,318,0,0,0,0,0,0,0,0,0,0,0,0,469,469,469,95,95,95,151,151,151,164074801,164074801,164074801,204408000,204408000,204408000,20,20,20,0,0,0,0,0,0
1000000,0,bevy_rows,remove_1pct,7,10000,0,0,277724365,277724365,277724365,279042061,279042061,279042061,279042061,279042061,279042061,344,344,344,344,344,344,26,26,26,165,165,165,0,0,0,2502832,2502832,2502832,495,495,495,353,353,353,151,151,151,444269281,444269281,444269281,204408000,204408000,204408000,20,20,20,0,0,0,0,0,0
1000000,0,bevy_rows,replace_1pct,7,10000,0,0,279042061,279042061,279042061,279042061,279042061,279042061,279042061,279042061,279042061,344,344,344,344,344,344,0,0,0,0,0,0,0,0,0,0,0,0,495,495,495,353,353,353,151,151,151,444269281,444269281,444269281,204408000,204408000,204408000,20,20,20,0,0,0,0,0,0
1000000,0,bevy_rows,setup_bulk,7,1,0,0,0,0,0,19451,19451,19451,19483,19483,19483,56,56,56,57,57,57,89,89,89,16,16,16,33,33,33,30743,30743,30743,89,89,89,16,16,16,33,33,33,30743,30743,30743,204408000,204408000,204408000,20,20,20,0,0,0,0,0,0
1000000,0,bevy_rows,setup_individual,7,1,0,0,0,0,0,19451,19451,19451,19483,19483,19483,56,56,56,57,57,57,89,89,89,16,16,16,33,33,33,30743,30743,30743,89,89,89,16,16,16,33,33,33,30743,30743,30743,204408000,204408000,204408000,20,20,20,0,0,0,0,0,0
1000000,0,bevy_rows,shuffled_position,7,1000000,0,0,138878541,138878541,138878541,138878541,138878541,138878541,138878541,138878541,138878541,318,318,318,318,318,318,0,0,0,0,0,0,0,0,0,0,0,0,469,469,469,95,95,95,151,151,151,164074801,164074801,164074801,204408000,204408000,204408000,20,20,20,0,0,0,0,0,0
1000000,0,bevy_rows,spot_color,7,500000,0,5,138878541,138878541,138878541,138878541,138878541,138878541,138878541,138878541,138878541,318,318,318,318,318,318,0,0,0,0,0,0,0,0,0,0,0,0,469,469,469,95,95,95,151,151,151,164074801,164074801,164074801,204408000,204408000,204408000,20,20,20,0,0,0,0,0,0
1000000,0,data,add_10pct_live_queries_batch100,7,100000,0,0,130422400,130422400,130422400,182851200,182851200,182851200,189142656,189142656,189142656,65,65,65,66,66,66,6,6,6,0,0,0,6,6,6,104857600,104857600,104857600,74,74,74,0,0,0,9,9,9,249960064,249960064,249960064,393748000,393748000,393748000,52,52,52,0,0,0,0,0,0
1000000,0,data,all_light_after_add,7,1375000,0,10,182851200,182851200,182851200,182851200,182851200,182851200,182851200,182851200,182851200,65,65,65,65,65,65,0,0,0,0,0,0,0,0,0,0,0,0,74,74,74,0,0,0,9,9,9,249960064,249960064,249960064,393748000,393748000,393748000,52,52,52,0,0,0,0,0,0
1000000,0,data,all_light_color,7,1250000,0,10,130422400,130422400,130422400,130422400,130422400,130422400,130422400,130422400,130422400,65,65,65,65,65,65,0,0,0,0,0,0,0,0,0,0,0,0,68,68,68,0,0,0,3,3,3,145102464,145102464,145102464,393748000,393748000,393748000,52,52,52,0,0,0,0,0,0
1000000,0,data,create_bulk,7,1000000,0,0,2536,2536,2536,130419176,130419176,130419176,130419176,130419176,130419176,39,39,39,39,39,39,22,22,22,0,0,0,3,3,3,145096704,145096704,145096704,42,42,42,0,0,0,3,3,3,145099240,145099240,145099240,393748000,393748000,393748000,52,52,52,0,0,0,0,0,0
1000000,0,data,create_individual,7,1000000,0,0,2536,2536,2536,130419176,130419176,130419176,134613480,134613480,134613480,39,39,39,40,40,40,316,316,316,0,0,0,297,297,297,260830144,260830144,260830144,336,336,336,0,0,0,297,297,297,260832680,260832680,260832680,393748000,393748000,393748000,52,52,52,0,0,0,0,0,0
1000000,0,data,create_queries,7,5,0,0,130419176,130419176,130419176,130422400,130422400,130422400,130422400,130422400,130422400,65,65,65,65,65,65,26,26,26,0,0,0,0,0,0,3224,3224,3224,68,68,68,0,0,0,3,3,3,145102464,145102464,145102464,393748000,393748000,393748000,52,52,52,0,0,0,0,0,0
1000000,0,data,destroy_bulk,7,1,0,0,182848104,182848104,182848104,0,0,0,182848104,182848104,182848104,0,0,0,40,40,40,0,0,0,0,0,0,40,40,40,0,0,0,74,74,74,0,0,0,74,74,74,249960064,249960064,249960064,384948000,384948000,384948000,51,51,51,0,0,0,0,0,0
1000000,0,data,destroy_individual,7,1,0,0,130419176,130419176,130419176,0,0,0,130419176,130419176,130419176,0,0,0,39,39,39,0,0,0,0,0,0,39,39,39,0,0,0,336,336,336,0,0,0,336,336,336,260832680,260832680,260832680,384948000,384948000,384948000,51,51,51,0,0,0,0,0,0
1000000,0,data,destroy_queries,7,5,0,0,182851200,182851200,182851200,182848104,182848104,182848104,182851200,182851200,182851200,40,40,40,65,65,65,0,0,0,0,0,0,25,25,25,0,0,0,74,74,74,0,0,0,34,34,34,249960064,249960064,249960064,393748000,393748000,393748000,52,52,52,0,0,0,0,0,0
1000000,0,data,enemy_health_position,7,1200000,0,5,130422400,130422400,130422400,130422400,130422400,130422400,130422400,130422400,130422400,65,65,65,65,65,65,0,0,0,0,0,0,0,0,0,0,0,0,68,68,68,0,0,0,3,3,3,145102464,145102464,145102464,393748000,393748000,393748000,52,52,52,0,0,0,0,0,0
1000000,0,data,explosion_r50_first,7,500000,125290,3,130422400,130422400,130422400,130422400,130422400,130422400,130422400,130422400,130422400,65,65,65,65,65,65,0,0,0,0,0,0,0,0,0,0,0,0,68,68,68,0,0,0,3,3,3,145102464,145102464,145102464,393748000,393748000,393748000,52,52,52,0,0,0,0,0,0
1000000,0,data,health_after_add,7,2750000,0,15,182851200,182851200,182851200,182851200,182851200,182851200,182851200,182851200,182851200,65,65,65,65,65,65,0,0,0,0,0,0,0,0,0,0,0,0,74,74,74,0,0,0,9,9,9,249960064,249960064,249960064,393748000,393748000,393748000,52,52,52,0,0,0,0,0,0
1000000,0,data,health_after_churn,7,2750000,0,15,182851200,182851200,182851200,182851200,182851200,182851200,182851200,182851200,182851200,65,65,65,65,65,65,0,0,0,0,0,0,0,0,0,0,0,0,74,74,74,0,0,0,9,9,9,249960064,249960064,249960064,393748000,393748000,393748000,52,52,52,0,0,0,0,0,0
1000000,0,data,health_position,7,2500000,0,15,130422400,130422400,130422400,130422400,130422400,130422400,130422400,130422400,130422400,65,65,65,65,65,65,0,0,0,0,0,0,0,0,0,0,0,0,68,68,68,0,0,0,3,3,3,145102464,145102464,145102464,393748000,393748000,393748000,52,52,52,0,0,0,0,0,0
1000000,0,data,remove_1pct,7,10000,0,0,182851200,182851200,182851200,182851200,182851200,182851200,182851200,182851200,182851200,65,65,65,65,65,65,0,0,0,0,0,0,0,0,0,0,0,0,74,74,74,0,0,0,9,9,9,249960064,249960064,249960064,393748000,393748000,393748000,52,52,52,0,0,0,0,0,0
1000000,0,data,replace_1pct,7,10000,0,0,182851200,182851200,182851200,182851200,182851200,182851200,182851200,182851200,182851200,65,65,65,65,65,65,0,0,0,0,0,0,0,0,0,0,0,0,74,74,74,0,0,0,9,9,9,249960064,249960064,249960064,393748000,393748000,393748000,52,52,52,0,0,0,0,0,0
1000000,0,data,setup_bulk,7,1,0,0,0,0,0,2536,2536,2536,2536,2536,2536,20,20,20,20,20,20,20,20,20,0,0,0,0,0,0,2536,2536,2536,20,20,20,0,0,0,0,0,0,2536,2536,2536,393748000,393748000,393748000,52,52,52,0,0,0,0,0,0
1000000,0,data,setup_individual,7,1,0,0,0,0,0,2536,2536,2536,2536,2536,2536,20,20,20,20,20,20,20,20,20,0,0,0,0,0,0,2536,2536,2536,20,20,20,0,0,0,0,0,0,2536,2536,2536,393748000,393748000,393748000,52,52,52,0,0,0,0,0,0
1000000,0,data,shuffled_position,7,1000000,0,0,130422400,130422400,130422400,130422400,130422400,130422400,130422400,130422400,130422400,65,65,65,65,65,65,0,0,0,0,0,0,0,0,0,0,0,0,68,68,68,0,0,0,3,3,3,145102464,145102464,145102464,393748000,393748000,393748000,52,52,52,0,0,0,0,0,0
1000000,0,data,spot_color,7,500000,0,5,130422400,130422400,130422400,130422400,130422400,130422400,130422400,130422400,130422400,65,65,65,65,65,65,0,0,0,0,0,0,0,0,0,0,0,0,68,68,68,0,0,0,3,3,3,145102464,145102464,145102464,393748000,393748000,393748000,52,52,52,0,0,0,0,0,0
1000000,0,flecs_columns,add_10pct_live_queries_batch100,7,100000,0,0,93004922,93004922,93004922,141026442,141026442,141026442,141026442,141026442,141026442,1640,1640,1640,1640,1640,1640,103,103,103,17,17,17,2,2,2,94429200,94429200,94429200,1530,1530,1530,212,212,212,36,36,36,195015158,195015158,195015158,393748000,393748000,393748000,52,52,52,0,0,0,0,0,0
1000000,0,flecs_columns,all_light_after_add,7,1375000,0,10,141026442,141026442,141026442,141026442,141026442,141026442,141026442,141026442,141026442,1640,1640,1640,1640,1640,1640,0,0,0,0,0,0,0,0,0,0,0,0,1530,1530,1530,212,212,212,36,36,36,195015158,195015158,195015158,393748000,393748000,393748000,52,52,52,0,0,0,0,0,0
1000000,0,flecs_columns,all_light_color,7,1250000,0,10,93004922,93004922,93004922,93004922,93004922,93004922,93004922,93004922,93004922,1539,1539,1539,1539,1539,1539,0,0,0,0,0,0,0,0,0,0,0,0,1427,1427,1427,195,195,195,34,34,34,100585958,100585958,100585958,393748000,393748000,393748000,52,52,52,0,0,0,0,0,0
1000000,0,flecs_columns,create_bulk,7,1000000,0,0,293078,293078,293078,92930356,92930356,92930356,92930356,92930356,92930356,1512,1512,1512,1512,1512,1512,1124,1124,1124,41,41,41,4,4,4,100211294,100211294,100211294,1401,1401,1401,188,188,188,32,32,32,100511248,100511248,100511248,393748000,393748000,393748000,52,52,52,0,0,0,0,0,0
1000000,0,flecs_columns,create_individual,7,1000000,0,0,293078,293078,293078,92962612,92962612,92962612,92962612,92962612,92962612,1694,1694,1694,1694,1694,1694,1142,1142,1142,799,799,799,12,12,12,168821662,168821662,168821662,1419,1419,1419,946,946,946,40,40,40,169121616,169121616,169121616,393748000,393748000,393748000,52,52,52,0,0,0,0,0,0
1000000,0,flecs_columns,create_queries,7,5,0,0,92930356,92930356,92930356,93004922,93004922,93004922,93004954,93004954,93004954,1539,1539,1539,1540,1540,1540,26,26,26,7,7,7,2,2,2,74710,74710,74710,1427,1427,1427,195,195,195,34,34,34,100585958,100585958,100585958,393748000,393748000,393748000,52,52,52,0,0,0,0,0,0
1000000,0,flecs_columns,destroy_bulk,7,1,0,0,140988522,140988522,140988522,0,0,0,184664778,184664778,184664778,0,0,0,6141,6141,6141,4364,4364,4364,12,12,12,6162,6162,6162,53835488,53835488,53835488,5894,5894,5894,396,396,396,6212,6212,6212,248854166,248854166,248854166,384948000,384948000,384948000,51,51,51,0,0,0,0,0,0
1000000,0,flecs_columns,destroy_individual,7,1,0,0,92962612,92962612,92962612,0,0,0,118303188,118303188,118303188,0,0,0,5647,5647,5647,3973,3973,3973,14,14,14,5667,5667,5667,34441904,34441904,34441904,5392,5392,5392,960,960,960,5707,5707,5707,203563520,203563520,203563520,384948000,384948000,384948000,51,51,51,0,0,0,0,0,0
1000000,0,flecs_columns,destroy_queries,7,5,0,0,141029962,141029962,141029962,140988522,140988522,140988522,141029962,141029962,141029962,1798,1798,1798,1812,1812,1812,0,0,0,0,0,0,14,14,14,0,0,0,1530,1530,1530,384,384,384,50,50,50,195018678,195018678,195018678,393748000,393748000,393748000,52,52,52,0,0,0,0,0,0
1000000,0,flecs_columns,enemy_health_position,7,1200000,0,5,93004922,93004922,93004922,93004922,93004922,93004922,93004922,93004922,93004922,1539,1539,1539,1539,1539,1539,0,0,0,0,0,0,0,0,0,0,0,0,1427,1427,1427,195,195,195,34,34,34,100585958,100585958,100585958,393748000,393748000,393748000,52,52,52,0,0,0,0,0,0
1000000,0,flecs_columns,explosion_r50_first,7,500000,125290,3,93004922,93004922,93004922,93004922,93004922,93004922,93004922,93004922,93004922,1539,1539,1539,1539,1539,1539,0,0,0,0,0,0,0,0,0,0,0,0,1427,1427,1427,195,195,195,34,34,34,100585958,100585958,100585958,393748000,393748000,393748000,52,52,52,0,0,0,0,0,0
1000000,0,flecs_columns,health_after_add,7,2750000,0,15,141026442,141026442,141026442,141026442,141026442,141026442,141026442,141026442,141026442,1640,1640,1640,1640,1640,1640,0,0,0,0,0,0,0,0,0,0,0,0,1530,1530,1530,212,212,212,36,36,36,195015158,195015158,195015158,393748000,393748000,393748000,52,52,52,0,0,0,0,0,0
1000000,0,flecs_columns,health_after_churn,7,2750000,0,15,141029962,141029962,141029962,141029962,141029962,141029962,141029962,141029962,141029962,1812,1812,1812,1812,1812,1812,0,0,0,0,0,0,0,0,0,0,0,0,1530,1530,1530,384,384,384,36,36,36,195018678,195018678,195018678,393748000,393748000,393748000,52,52,52,0,0,0,0,0,0
1000000,0,flecs_columns,health_position,7,2500000,0,15,93004922,93004922,93004922,93004922,93004922,93004922,93004922,93004922,93004922,1539,1539,1539,1539,1539,1539,0,0,0,0,0,0,0,0,0,0,0,0,1427,1427,1427,195,195,195,34,34,34,100585958,100585958,100585958,393748000,393748000,393748000,52,52,52,0,0,0,0,0,0
1000000,0,flecs_columns,remove_1pct,7,10000,0,0,141026442,141026442,141026442,141026442,141026442,141026442,141026442,141026442,141026442,1640,1640,1640,1640,1640,1640,0,0,0,0,0,0,0,0,0,0,0,0,1530,1530,1530,212,212,212,36,36,36,195015158,195015158,195015158,393748000,393748000,393748000,52,52,52,0,0,0,0,0,0
1000000,0,flecs_columns,replace_1pct,7,10000,0,0,141026442,141026442,141026442,141029962,141029962,141029962,141029962,141029962,141029962,1812,1812,1812,1812,1812,1812,0,0,0,172,172,172,0,0,0,3520,3520,3520,1530,1530,1530,384,384,384,36,36,36,195018678,195018678,195018678,393748000,393748000,393748000,52,52,52,0,0,0,0,0,0
1000000,0,flecs_columns,setup_bulk,7,1,0,0,0,0,0,293078,293078,293078,293398,293398,293398,356,356,356,357,357,357,277,277,277,147,147,147,28,28,28,299954,299954,299954,277,277,277,147,147,147,28,28,28,299954,299954,299954,393748000,393748000,393748000,52,52,52,0,0,0,0,0,0
1000000,0,flecs_columns,setup_individual,7,1,0,0,0,0,0,293078,293078,293078,293398,293398,293398,356,356,356,357,357,357,277,277,277,147,147,147,28,28,28,299954,299954,299954,277,277,277,147,147,147,28,28,28,299954,299954,299954,393748000,393748000,393748000,52,52,52,0,0,0,0,0,0
1000000,0,flecs_columns,shuffled_position,7,1000000,0,0,93004922,93004922,93004922,93004922,93004922,93004922,93004922,93004922,93004922,1539,1539,1539,1539,1539,1539,0,0,0,0,0,0,0,0,0,0,0,0,1427,1427,1427,195,195,195,34,34,34,100585958,100585958,100585958,393748000,393748000,393748000,52,52,52,0,0,0,0,0,0
1000000,0,flecs_columns,spot_color,7,500000,0,5,93004922,93004922,93004922,93004922,93004922,93004922,93004922,93004922,93004922,1539,1539,1539,1539,1539,1539,0,0,0,0,0,0,0,0,0,0,0,0,1427,1427,1427,195,195,195,34,34,34,100585958,100585958,100585958,393748000,393748000,393748000,52,52,52,0,0,0,0,0,0
1000000,0,flecs_rows,add_10pct_live_queries_batch100,7,100000,0,0,96604036,96604036,96604036,146722708,146722708,146722708,146722708,146722708,146722708,1596,1596,1596,1596,1596,1596,103,103,103,13,13,13,2,2,2,98623504,98623504,98623504,1499,1499,1499,194,194,194,37,37,37,202808544,202808544,202808544,393748000,393748000,393748000,52,52,52,0,0,0,0,0,0
1000000,0,flecs_rows,all_light_after_add,7,1375000,0,10,146722708,146722708,146722708,146722708,146722708,146722708,146722708,146722708,146722708,1596,1596,1596,1596,1596,1596,0,0,0,0,0,0,0,0,0,0,0,0,1499,1499,1499,194,194,194,37,37,37,202808544,202808544,202808544,393748000,393748000,393748000,52,52,52,0,0,0,0,0,0
1000000,0,flecs_rows,all_light_color,7,1250000,0,10,96604036,96604036,96604036,96604036,96604036,96604036,96604036,96604036,96604036,1495,1495,1495,1495,1495,1495,0,0,0,0,0,0,0,0,0,0,0,0,1396,1396,1396,181,181,181,35,35,35,104185040,104185040,104185040,393748000,393748000,393748000,52,52,52,0,0,0,0,0,0
1000000,0,flecs_rows,create_bulk,7,1000000,0,0,292534,292534,292534,96475726,96475726,96475726,96475726,96475726,96475726,1449,1449,1449,1449,1449,1449,1075,1075,1075,29,29,29,4,4,4,103757208,103757208,103757208,1350,1350,1350,174,174,174,32,32,32,104056490,104056490,104056490,393748000,393748000,393748000,52,52,52,0,0,0,0,0,0
1000000,0,flecs_rows,create_individual,7,1000000,0,0,292534,292534,292534,96503214,96503214,96503214,96503214,96503214,96503214,1540,1540,1540,1540,1540,1540,1092,1092,1092,505,505,505,12,12,12,176163848,176163848,176163848,1367,1367,1367,650,650,650,40,40,40,176463130,176463130,176463130,393748000,393748000,393748000,52,52,52,0,0,0,0,0,0
1000000,0,flecs_rows,create_queries,7,5,0,0,96475726,96475726,96475726,96604036,96604036,96604036,96604036,96604036,96604036,1495,1495,1495,1495,1495,1495,46,46,46,7,7,7,3,3,3,128550,128550,128550,1396,1396,1396,181,181,181,35,35,35,104185040,104185040,104185040,393748000,393748000,393748000,52,52,52,0,0,0,0,0,0
1000000,0,flecs_rows,destroy_bulk,7,1,0,0,146642532,146642532,146642532,0,0,0,190326980,190326980,190326980,0,0,0,5993,5993,5993,4366,4366,4366,13,13,13,6014,6014,6014,53843712,53843712,53843712,5865,5865,5865,289,289,289,6081,6081,6081,256655120,256655120,256655120,384948000,384948000,384948000,51,51,51,0,0,0,0,0,0
1000000,0,flecs_rows,destroy_individual,7,1,0,0,96503214,96503214,96503214,0,0,0,121843790,121843790,121843790,0,0,0,5493,5493,5493,3973,3973,3973,14,14,14,5513,5513,5513,34441904,34441904,34441904,5340,5340,5340,664,664,664,5553,5553,5553,210905034,210905034,210905034,384948000,384948000,384948000,51,51,51,0,0,0,0,0,0
1000000,0,flecs_rows,destroy_queries,7,5,0,0,146725572,146725572,146725572,146642532,146642532,146642532,146725572,146725572,146725572,1648,1648,1648,1678,1678,1678,0,0,0,0,0,0,30,30,30,0,0,0,1499,1499,1499,276,276,276,67,67,67,202811408,202811408,202811408,393748000,393748000,393748000,52,52,52,0,0,0,0,0,0
1000000,0,flecs_rows,enemy_health_position,7,1200000,0,5,96604036,96604036,96604036,96604036,96604036,96604036,96604036,96604036,96604036,1495,1495,1495,1495,1495,1495,0,0,0,0,0,0,0,0,0,0,0,0,1396,1396,1396,181,181,181,35,35,35,104185040,104185040,104185040,393748000,393748000,393748000,52,52,52,0,0,0,0,0,0
1000000,0,flecs_rows,explosion_r50_first,7,500000,125290,3,96604036,96604036,96604036,96604036,96604036,96604036,96604036,96604036,96604036,1495,1495,1495,1495,1495,1495,0,0,0,0,0,0,0,0,0,0,0,0,1396,1396,1396,181,181,181,35,35,35,104185040,104185040,104185040,393748000,393748000,393748000,52,52,52,0,0,0,0,0,0
1000000,0,flecs_rows,health_after_add,7,2750000,0,15,146722708,146722708,146722708,146722708,146722708,146722708,146722708,146722708,146722708,1596,1596,1596,1596,1596,1596,0,0,0,0,0,0,0,0,0,0,0,0,1499,1499,1499,194,194,194,37,37,37,202808544,202808544,202808544,393748000,393748000,393748000,52,52,52,0,0,0,0,0,0
1000000,0,flecs_rows,health_after_churn,7,2750000,0,15,146725572,146725572,146725572,146725572,146725572,146725572,146725572,146725572,146725572,1678,1678,1678,1678,1678,1678,0,0,0,0,0,0,0,0,0,0,0,0,1499,1499,1499,276,276,276,37,37,37,202811408,202811408,202811408,393748000,393748000,393748000,52,52,52,0,0,0,0,0,0
1000000,0,flecs_rows,health_position,7,2500000,0,15,96604036,96604036,96604036,96604036,96604036,96604036,96604036,96604036,96604036,1495,1495,1495,1495,1495,1495,0,0,0,0,0,0,0,0,0,0,0,0,1396,1396,1396,181,181,181,35,35,35,104185040,104185040,104185040,393748000,393748000,393748000,52,52,52,0,0,0,0,0,0
1000000,0,flecs_rows,remove_1pct,7,10000,0,0,146722708,146722708,146722708,146722708,146722708,146722708,146722708,146722708,146722708,1596,1596,1596,1596,1596,1596,0,0,0,0,0,0,0,0,0,0,0,0,1499,1499,1499,194,194,194,37,37,37,202808544,202808544,202808544,393748000,393748000,393748000,52,52,52,0,0,0,0,0,0
1000000,0,flecs_rows,replace_1pct,7,10000,0,0,146722708,146722708,146722708,146725572,146725572,146725572,146725572,146725572,146725572,1678,1678,1678,1678,1678,1678,0,0,0,82,82,82,0,0,0,2864,2864,2864,1499,1499,1499,276,276,276,37,37,37,202811408,202811408,202811408,393748000,393748000,393748000,52,52,52,0,0,0,0,0,0
1000000,0,flecs_rows,setup_bulk,7,1,0,0,0,0,0,292534,292534,292534,292854,292854,292854,354,354,354,355,355,355,275,275,275,145,145,145,28,28,28,299282,299282,299282,275,275,275,145,145,145,28,28,28,299282,299282,299282,393748000,393748000,393748000,52,52,52,0,0,0,0,0,0
1000000,0,flecs_rows,setup_individual,7,1,0,0,0,0,0,292534,292534,292534,292854,292854,292854,354,354,354,355,355,355,275,275,275,145,145,145,28,28,28,299282,299282,299282,275,275,275,145,145,145,28,28,28,299282,299282,299282,393748000,393748000,393748000,52,52,52,0,0,0,0,0,0
1000000,0,flecs_rows,shuffled_position,7,1000000,0,0,96604036,96604036,96604036,96604036,96604036,96604036,96604036,96604036,96604036,1495,1495,1495,1495,1495,1495,0,0,0,0,0,0,0,0,0,0,0,0,1396,1396,1396,181,181,181,35,35,35,104185040,104185040,104185040,393748000,393748000,393748000,52,52,52,0,0,0,0,0,0
1000000,0,flecs_rows,spot_color,7,500000,0,5,96604036,96604036,96604036,96604036,96604036,96604036,96604036,96604036,96604036,1495,1495,1495,1495,1495,1495,0,0,0,0,0,0,0,0,0,0,0,0,1396,1396,1396,181,181,181,35,35,35,104185040,104185040,104185040,393748000,393748000,393748000,52,52,52,0,0,0,0,0,0
1000000,16,bevy_columns,destroy_packed,7,1,0,0,149397489,149397489,149397489,0,0,0,149397489,149397489,149397489,0,0,0,269,269,269,0,0,0,0,0,0,269,269,269,0,0,0,362,362,362,97,97,97,362,362,362,174589385,174589385,174589385,195608000,195608000,195608000,19,19,19,0,0,0,0,0,0
1000000,16,bevy_columns,destroy_queries,7,2,0,0,149398033,149398033,149398033,149397489,149397489,149397489,149398033,149398033,149398033,269,269,269,286,286,286,0,0,0,0,0,0,17,17,17,0,0,0,362,362,362,97,97,97,93,93,93,174589385,174589385,174589385,204408000,204408000,204408000,20,20,20,0,0,0,0,0,0
1000000,16,bevy_columns,packed_0pct_health_query,7,2500000,0,15,149398033,149398033,149398033,149398033,149398033,149398033,149398033,149398033,149398033,286,286,286,286,286,286,0,0,0,0,0,0,0,0,0,0,0,0,362,362,362,97,97,97,76,76,76,174589385,174589385,174589385,204408000,204408000,204408000,20,20,20,0,0,0,0,0,0
1000000,16,bevy_columns,packed_0pct_random_get,7,1000000,0,0,149398033,149398033,149398033,149398033,149398033,149398033,149398033,149398033,149398033,286,286,286,286,286,286,0,0,0,0,0,0,0,0,0,0,0,0,362,362,362,97,97,97,76,76,76,174589385,174589385,174589385,204408000,204408000,204408000,20,20,20,0,0,0,0,0,0
1000000,16,bevy_columns,packed_10pct_health_query,7,2500000,0,15,149398033,149398033,149398033,149398033,149398033,149398033,149398033,149398033,149398033,286,286,286,286,286,286,0,0,0,0,0,0,0,0,0,0,0,0,362,362,362,97,97,97,76,76,76,174589385,174589385,174589385,204408000,204408000,204408000,20,20,20,0,0,0,0,0,0
1000000,16,bevy_columns,packed_10pct_random_get,7,1000000,0,0,149398033,149398033,149398033,149398033,149398033,149398033,149398033,149398033,149398033,286,286,286,286,286,286,0,0,0,0,0,0,0,0,0,0,0,0,362,362,362,97,97,97,76,76,76,174589385,174589385,174589385,204408000,204408000,204408000,20,20,20,0,0,0,0,0,0
1000000,16,bevy_columns,packed_10pct_update_first,7,100000,0,0,149398033,149398033,149398033,149398033,149398033,149398033,149398033,149398033,149398033,286,286,286,286,286,286,0,0,0,0,0,0,0,0,0,0,0,0,362,362,362,97,97,97,76,76,76,174589385,174589385,174589385,204408000,204408000,204408000,20,20,20,0,0,0,0,0,0
1000000,16,bevy_columns,packed_10pct_update_repeat,7,100000,0,0,149398033,149398033,149398033,149398033,149398033,149398033,149398033,149398033,149398033,286,286,286,286,286,286,0,0,0,0,0,0,0,0,0,0,0,0,362,362,362,97,97,97,76,76,76,174589385,174589385,174589385,204408000,204408000,204408000,20,20,20,0,0,0,0,0,0
1000000,16,bevy_columns,packed_1pct_health_query,7,2500000,0,15,149398033,149398033,149398033,149398033,149398033,149398033,149398033,149398033,149398033,286,286,286,286,286,286,0,0,0,0,0,0,0,0,0,0,0,0,362,362,362,97,97,97,76,76,76,174589385,174589385,174589385,204408000,204408000,204408000,20,20,20,0,0,0,0,0,0
1000000,16,bevy_columns,packed_1pct_random_get,7,1000000,0,0,149398033,149398033,149398033,149398033,149398033,149398033,149398033,149398033,149398033,286,286,286,286,286,286,0,0,0,0,0,0,0,0,0,0,0,0,362,362,362,97,97,97,76,76,76,174589385,174589385,174589385,204408000,204408000,204408000,20,20,20,0,0,0,0,0,0
1000000,16,bevy_columns,packed_1pct_update_first,7,10000,0,0,149398033,149398033,149398033,149398033,149398033,149398033,149398033,149398033,149398033,286,286,286,286,286,286,0,0,0,0,0,0,0,0,0,0,0,0,362,362,362,97,97,97,76,76,76,174589385,174589385,174589385,204408000,204408000,204408000,20,20,20,0,0,0,0,0,0
1000000,16,bevy_columns,packed_1pct_update_repeat,7,10000,0,0,149398033,149398033,149398033,149398033,149398033,149398033,149398033,149398033,149398033,286,286,286,286,286,286,0,0,0,0,0,0,0,0,0,0,0,0,362,362,362,97,97,97,76,76,76,174589385,174589385,174589385,204408000,204408000,204408000,20,20,20,0,0,0,0,0,0
1000000,16,bevy_columns,packed_create_queries,7,2,0,0,149397489,149397489,149397489,149398033,149398033,149398033,149398657,149398657,149398657,286,286,286,293,293,293,36,36,36,0,0,0,19,19,19,1960,1960,1960,362,362,362,97,97,97,76,76,76,174589385,174589385,174589385,204408000,204408000,204408000,20,20,20,0,0,0,0,0,0
1000000,16,bevy_columns,packed_light_color,7,1250000,0,10,149398033,149398033,149398033,149398033,149398033,149398033,149398033,149398033,149398033,286,286,286,286,286,286,0,0,0,0,0,0,0,0,0,0,0,0,362,362,362,97,97,97,76,76,76,174589385,174589385,174589385,204408000,204408000,204408000,20,20,20,0,0,0,0,0,0
1000000,16,bevy_columns,packed_populate_and_ids,7,1000000,0,0,19451,19451,19451,149397489,149397489,149397489,149397489,149397489,149397489,269,269,269,269,269,269,235,235,235,81,81,81,22,22,22,174556618,174556618,174556618,326,326,326,97,97,97,57,57,57,174587425,174587425,174587425,204408000,204408000,204408000,20,20,20,0,0,0,0,0,0
1000000,16,bevy_columns,setup_packed,7,1,0,0,0,0,0,19451,19451,19451,19483,19483,19483,56,56,56,57,57,57,91,91,91,16,16,16,35,35,35,30807,30807,30807,91,91,91,16,16,16,35,35,35,30807,30807,30807,204408000,204408000,204408000,20,20,20,0,0,0,0,0,0
1000000,16,bevy_rows,destroy_packed,7,1,0,0,138875757,138875757,138875757,0,0,0,138875757,138875757,138875757,0,0,0,231,231,231,0,0,0,0,0,0,231,231,231,0,0,0,376,376,376,95,95,95,376,376,376,164069841,164069841,164069841,195608000,195608000,195608000,19,19,19,0,0,0,0,0,0
1000000,16,bevy_rows,destroy_queries,7,2,0,0,138877133,138877133,138877133,138875757,138875757,138875757,138877133,138877133,138877133,231,231,231,274,274,274,0,0,0,0,0,0,43,43,43,0,0,0,376,376,376,95,95,95,145,145,145,164069841,164069841,164069841,204408000,204408000,204408000,20,20,20,0,0,0,0,0,0
1000000,16,bevy_rows,packed_0pct_health_query,7,2500000,0,15,138877133,138877133,138877133,138877133,138877133,138877133,138877133,138877133,138877133,274,274,274,274,274,274,0,0,0,0,0,0,0,0,0,0,0,0,376,376,376,95,95,95,102,102,102,164069841,164069841,164069841,204408000,204408000,204408000,20,20,20,0,0,0,0,0,0
1000000,16,bevy_rows,packed_0pct_random_get,7,1000000,0,0,138877133,138877133,138877133,138877133,138877133,138877133,138877133,138877133,138877133,274,274,274,274,274,274,0,0,0,0,0,0,0,0,0,0,0,0,376,376,376,95,95,95,102,102,102,164069841,164069841,164069841,204408000,204408000,204408000,20,20,20,0,0,0,0,0,0
1000000,16,bevy_rows,packed_10pct_health_query,7,2500000,0,15,138877133,138877133,138877133,138877133,138877133,138877133,138877133,138877133,138877133,274,274,274,274,274,274,0,0,0,0,0,0,0,0,0,0,0,0,376,376,376,95,95,95,102,102,102,164069841,164069841,164069841,204408000,204408000,204408000,20,20,20,0,0,0,0,0,0
1000000,16,bevy_rows,packed_10pct_random_get,7,1000000,0,0,138877133,138877133,138877133,138877133,138877133,138877133,138877133,138877133,138877133,274,274,274,274,274,274,0,0,0,0,0,0,0,0,0,0,0,0,376,376,376,95,95,95,102,102,102,164069841,164069841,164069841,204408000,204408000,204408000,20,20,20,0,0,0,0,0,0
1000000,16,bevy_rows,packed_10pct_update_first,7,100000,0,0,138877133,138877133,138877133,138877133,138877133,138877133,138877133,138877133,138877133,274,274,274,274,274,274,0,0,0,0,0,0,0,0,0,0,0,0,376,376,376,95,95,95,102,102,102,164069841,164069841,164069841,204408000,204408000,204408000,20,20,20,0,0,0,0,0,0
1000000,16,bevy_rows,packed_10pct_update_repeat,7,100000,0,0,138877133,138877133,138877133,138877133,138877133,138877133,138877133,138877133,138877133,274,274,274,274,274,274,0,0,0,0,0,0,0,0,0,0,0,0,376,376,376,95,95,95,102,102,102,164069841,164069841,164069841,204408000,204408000,204408000,20,20,20,0,0,0,0,0,0
1000000,16,bevy_rows,packed_1pct_health_query,7,2500000,0,15,138877133,138877133,138877133,138877133,138877133,138877133,138877133,138877133,138877133,274,274,274,274,274,274,0,0,0,0,0,0,0,0,0,0,0,0,376,376,376,95,95,95,102,102,102,164069841,164069841,164069841,204408000,204408000,204408000,20,20,20,0,0,0,0,0,0
1000000,16,bevy_rows,packed_1pct_random_get,7,1000000,0,0,138877133,138877133,138877133,138877133,138877133,138877133,138877133,138877133,138877133,274,274,274,274,274,274,0,0,0,0,0,0,0,0,0,0,0,0,376,376,376,95,95,95,102,102,102,164069841,164069841,164069841,204408000,204408000,204408000,20,20,20,0,0,0,0,0,0
1000000,16,bevy_rows,packed_1pct_update_first,7,10000,0,0,138877133,138877133,138877133,138877133,138877133,138877133,138877133,138877133,138877133,274,274,274,274,274,274,0,0,0,0,0,0,0,0,0,0,0,0,376,376,376,95,95,95,102,102,102,164069841,164069841,164069841,204408000,204408000,204408000,20,20,20,0,0,0,0,0,0
1000000,16,bevy_rows,packed_1pct_update_repeat,7,10000,0,0,138877133,138877133,138877133,138877133,138877133,138877133,138877133,138877133,138877133,274,274,274,274,274,274,0,0,0,0,0,0,0,0,0,0,0,0,376,376,376,95,95,95,102,102,102,164069841,164069841,164069841,204408000,204408000,204408000,20,20,20,0,0,0,0,0,0
1000000,16,bevy_rows,packed_create_queries,7,2,0,0,138875757,138875757,138875757,138877133,138877133,138877133,138877757,138877757,138877757,274,274,274,281,281,281,91,91,91,0,0,0,48,48,48,4920,4920,4920,376,376,376,95,95,95,102,102,102,164069841,164069841,164069841,204408000,204408000,204408000,20,20,20,0,0,0,0,0,0
1000000,16,bevy_rows,packed_light_color,7,1250000,0,10,138877133,138877133,138877133,138877133,138877133,138877133,138877133,138877133,138877133,274,274,274,274,274,274,0,0,0,0,0,0,0,0,0,0,0,0,376,376,376,95,95,95,102,102,102,164069841,164069841,164069841,204408000,204408000,204408000,20,20,20,0,0,0,0,0,0
1000000,16,bevy_rows,packed_populate_and_ids,7,1000000,0,0,19451,19451,19451,138875757,138875757,138875757,138875757,138875757,138875757,231,231,231,231,231,231,196,196,196,79,79,79,21,21,21,164034178,164034178,164034178,285,285,285,95,95,95,54,54,54,164064921,164064921,164064921,204408000,204408000,204408000,20,20,20,0,0,0,0,0,0
1000000,16,bevy_rows,setup_packed,7,1,0,0,0,0,0,19451,19451,19451,19483,19483,19483,56,56,56,57,57,57,89,89,89,16,16,16,33,33,33,30743,30743,30743,89,89,89,16,16,16,33,33,33,30743,30743,30743,204408000,204408000,204408000,20,20,20,0,0,0,0,0,0
1000000,16,data,destroy_packed,7,1,0,0,16777584,16777584,16777584,0,0,0,16777584,16777584,16777584,0,0,0,4,4,4,0,0,0,0,0,0,4,4,4,0,0,0,451,451,451,0,0,0,451,451,451,181484872,181484872,181484872,384948000,384948000,384948000,51,51,51,5768,5768,5768,12,12,12
1000000,16,data,destroy_queries,7,2,0,0,93547696,93547696,93547696,93546464,93546464,93546464,93547696,93547696,93547696,270,270,270,280,280,280,0,0,0,0,0,0,10,10,10,0,0,0,451,451,451,0,0,0,181,181,181,181484872,181484872,181484872,394248000,394248000,394248000,53,53,53,5768,5768,5768,12,12,12
1000000,16,data,packed_0pct_health_query,7,2500000,0,15,93547696,93547696,93547696,93547696,93547696,93547696,93547696,93547696,93547696,280,280,280,280,280,280,0,0,0,0,0,0,0,0,0,0,0,0,451,451,451,0,0,0,171,171,171,181484872,181484872,181484872,394248000,394248000,394248000,53,53,53,5768,5768,5768,12,12,12
1000000,16,data,packed_0pct_random_get,7,1000000,0,0,93547696,93547696,93547696,93547696,93547696,93547696,93547696,93547696,93547696,280,280,280,280,280,280,0,0,0,0,0,0,0,0,0,0,0,0,451,451,451,0,0,0,171,171,171,181484872,181484872,181484872,394248000,394248000,394248000,53,53,53,5768,5768,5768,12,12,12
1000000,16,data,packed_0pct_reset,7,1000000,0,0,93547696,93547696,93547696,93547696,93547696,93547696,93547696,93547696,93547696,280,280,280,280,280,280,0,0,0,0,0,0,0,0,0,0,0,0,451,451,451,0,0,0,171,171,171,181484872,181484872,181484872,394248000,394248000,394248000,53,53,53,5768,5768,5768,12,12,12
1000000,16,data,packed_10pct_health_query,7,2500000,0,15,93547696,93547696,93547696,93547696,93547696,93547696,93547696,93547696,93547696,280,280,280,280,280,280,0,0,0,0,0,0,0,0,0,0,0,0,451,451,451,0,0,0,171,171,171,181484872,181484872,181484872,394248000,394248000,394248000,53,53,53,5768,5768,5768,12,12,12
1000000,16,data,packed_10pct_random_get,7,1000000,0,0,93547696,93547696,93547696,93547696,93547696,93547696,93547696,93547696,93547696,280,280,280,280,280,280,0,0,0,0,0,0,0,0,0,0,0,0,451,451,451,0,0,0,171,171,171,181484872,181484872,181484872,394248000,394248000,394248000,53,53,53,5768,5768,5768,12,12,12
1000000,16,data,packed_10pct_reset,7,1000000,0,0,93547696,93547696,93547696,93547696,93547696,93547696,93547696,93547696,93547696,280,280,280,280,280,280,0,0,0,0,0,0,0,0,0,0,0,0,451,451,451,0,0,0,171,171,171,181484872,181484872,181484872,394248000,394248000,394248000,53,53,53,5768,5768,5768,12,12,12
1000000,16,data,packed_10pct_update_first,7,100000,0,0,93547696,93547696,93547696,93547696,93547696,93547696,93547696,93547696,93547696,280,280,280,280,280,280,0,0,0,0,0,0,0,0,0,0,0,0,451,451,451,0,0,0,171,171,171,181484872,181484872,181484872,394248000,394248000,394248000,53,53,53,5768,5768,5768,12,12,12
1000000,16,data,packed_10pct_update_repeat,7,100000,0,0,93547696,93547696,93547696,93547696,93547696,93547696,93547696,93547696,93547696,280,280,280,280,280,280,0,0,0,0,0,0,0,0,0,0,0,0,451,451,451,0,0,0,171,171,171,181484872,181484872,181484872,394248000,394248000,394248000,53,53,53,5768,5768,5768,12,12,12
1000000,16,data,packed_1pct_health_query,7,2500000,0,15,93547696,93547696,93547696,93547696,93547696,93547696,93547696,93547696,93547696,280,280,280,280,280,280,0,0,0,0,0,0,0,0,0,0,0,0,451,451,451,0,0,0,171,171,171,181484872,181484872,181484872,394248000,394248000,394248000,53,53,53,5768,5768,5768,12,12,12
1000000,16,data,packed_1pct_random_get,7,1000000,0,0,93547696,93547696,93547696,93547696,93547696,93547696,93547696,93547696,93547696,280,280,280,280,280,280,0,0,0,0,0,0,0,0,0,0,0,0,451,451,451,0,0,0,171,171,171,181484872,181484872,181484872,394248000,394248000,394248000,53,53,53,5768,5768,5768,12,12,12
1000000,16,data,packed_1pct_reset,7,1000000,0,0,93547696,93547696,93547696,93547696,93547696,93547696,93547696,93547696,93547696,280,280,280,280,280,280,0,0,0,0,0,0,0,0,0,0,0,0,451,451,451,0,0,0,171,171,171,181484872,181484872,181484872,394248000,394248000,394248000,53,53,53,5768,5768,5768,12,12,12
1000000,16,data,packed_1pct_update_first,7,10000,0,0,93547696,93547696,93547696,93547696,93547696,93547696,93547696,93547696,93547696,280,280,280,280,280,280,0,0,0,0,0,0,0,0,0,0,0,0,451,451,451,0,0,0,171,171,171,181484872,181484872,181484872,394248000,394248000,394248000,53,53,53,5768,5768,5768,12,12,12
1000000,16,data,packed_1pct_update_repeat,7,10000,0,0,93547696,93547696,93547696,93547696,93547696,93547696,93547696,93547696,93547696,280,280,280,280,280,280,0,0,0,0,0,0,0,0,0,0,0,0,451,451,451,0,0,0,171,171,171,181484872,181484872,181484872,394248000,394248000,394248000,53,53,53,5768,5768,5768,12,12,12
1000000,16,data,packed_create_queries,7,2,0,0,93546464,93546464,93546464,93547696,93547696,93547696,93547696,93547696,93547696,280,280,280,280,280,280,10,10,10,0,0,0,0,0,0,1232,1232,1232,451,451,451,0,0,0,171,171,171,181484872,181484872,181484872,394248000,394248000,394248000,53,53,53,5768,5768,5768,12,12,12
1000000,16,data,packed_light_color,7,1250000,0,10,93547696,93547696,93547696,93547696,93547696,93547696,93547696,93547696,93547696,280,280,280,280,280,280,0,0,0,0,0,0,0,0,0,0,0,0,451,451,451,0,0,0,171,171,171,181484872,181484872,181484872,394248000,394248000,394248000,53,53,53,5768,5768,5768,12,12,12
1000000,16,data,packed_populate_and_ids,7,1000000,0,0,112,112,112,93546464,93546464,93546464,97312608,97312608,97312608,270,270,270,272,272,272,440,440,440,0,0,0,171,171,171,181483528,181483528,181483528,441,441,441,0,0,0,171,171,171,181483640,181483640,181483640,394248000,394248000,394248000,53,53,53,5768,5768,5768,12,12,12
1000000,16,data,packed_unload_no_queries,7,1000000,0,0,93546464,93546464,93546464,16777584,16777584,16777584,93546464,93546464,93546464,4,4,4,270,270,270,0,0,0,0,0,0,266,266,266,0,0,0,451,451,451,0,0,0,447,447,447,181484872,181484872,181484872,394248000,394248000,394248000,53,53,53,5768,5768,5768,12,12,12
1000000,16,data,setup_packed,7,1,0,0,0,0,0,112,112,112,112,112,112,1,1,1,1,1,1,1,1,1,0,0,0,0,0,0,112,112,112,1,1,1,0,0,0,0,0,0,112,112,112,393748000,393748000,393748000,52,52,52,5768,5768,5768,12,12,12
1000000,16,flecs_columns,destroy_packed,7,1,0,0,92947482,92947482,92947482,0,0,0,118288042,118288042,118288042,0,0,0,5474,5474,5474,3973,3973,3973,13,13,13,5494,5494,5494,34441872,34441872,34441872,5388,5388,5388,205,205,205,5534,5534,5534,134987030,134987030,134987030,384948000,384948000,384948000,51,51,51,5768,5768,5768,12,12,12
1000000,16,flecs_columns,destroy_queries,7,2,0,0,92964250,92964250,92964250,92947482,92947482,92947482,92964250,92964250,92964250,1521,1521,1521,1529,1529,1529,0,0,0,0,0,0,8,8,8,0,0,0,1415,1415,1415,192,192,192,40,40,40,100545158,100545158,100545158,393748000,393748000,393748000,52,52,52,5768,5768,5768,12,12,12
1000000,16,flecs_columns,packed_0pct_health_query,7,2500000,0,15,92964250,92964250,92964250,92964250,92964250,92964250,92964250,92964250,92964250,1529,1529,1529,1529,1529,1529,0,0,0,0,0,0,0,0,0,0,0,0,1415,1415,1415,192,192,192,32,32,32,100545158,100545158,100545158,393748000,393748000,393748000,52,52,52,5768,5768,5768,12,12,12
1000000,16,flecs_columns,packed_0pct_random_get,7,1000000,0,0,92964250,92964250,92964250,92964250,92964250,92964250,92964250,92964250,92964250,1529,1529,1529,1529,1529,1529,0,0,0,0,0,0,0,0,0,0,0,0,1415,1415,1415,192,192,192,32,32,32,100545158,100545158,100545158,393748000,393748000,393748000,52,52,52,5768,5768,5768,12,12,12
1000000,16,flecs_columns,packed_10pct_health_query,7,2500000,0,15,92964250,92964250,92964250,92964250,92964250,92964250,92964250,92964250,92964250,1529,1529,1529,1529,1529,1529,0,0,0,0,0,0,0,0,0,0,0,0,1415,1415,1415,192,192,192,32,32,32,100545158,100545158,100545158,393748000,393748000,393748000,52,52,52,5768,5768,5768,12,12,12
1000000,16,flecs_columns,packed_10pct_random_get,7,1000000,0,0,92964250,92964250,92964250,92964250,92964250,92964250,92964250,92964250,92964250,1529,1529,1529,1529,1529,1529,0,0,0,0,0,0,0,0,0,0,0,0,1415,1415,1415,192,192,192,32,32,32,100545158,100545158,100545158,393748000,393748000,393748000,52,52,52,5768,5768,5768,12,12,12
1000000,16,flecs_columns,packed_10pct_update_first,7,100000,0,0,92964250,92964250,92964250,92964250,92964250,92964250,92964250,92964250,92964250,1529,1529,1529,1529,1529,1529,0,0,0,0,0,0,0,0,0,0,0,0,1415,1415,1415,192,192,192,32,32,32,100545158,100545158,100545158,393748000,393748000,393748000,52,52,52,5768,5768,5768,12,12,12
1000000,16,flecs_columns,packed_10pct_update_repeat,7,100000,0,0,92964250,92964250,92964250,92964250,92964250,92964250,92964250,92964250,92964250,1529,1529,1529,1529,1529,1529,0,0,0,0,0,0,0,0,0,0,0,0,1415,1415,1415,192,192,192,32,32,32,100545158,100545158,100545158,393748000,393748000,393748000,52,52,52,5768,5768,5768,12,12,12
1000000,16,flecs_columns,packed_1pct_health_query,7,2500000,0,15,92964250,92964250,92964250,92964250,92964250,92964250,92964250,92964250,92964250,1529,1529,1529,1529,1529,1529,0,0,0,0,0,0,0,0,0,0,0,0,1415,1415,1415,192,192,192,32,32,32,100545158,100545158,100545158,393748000,393748000,393748000,52,52,52,5768,5768,5768,12,12,12
1000000,16,flecs_columns,packed_1pct_random_get,7,1000000,0,0,92964250,92964250,92964250,92964250,92964250,92964250,92964250,92964250,92964250,1529,1529,1529,1529,1529,1529,0,0,0,0,0,0,0,0,0,0,0,0,1415,1415,1415,192,192,192,32,32,32,100545158,100545158,100545158,393748000,393748000,393748000,52,52,52,5768,5768,5768,12,12,12
1000000,16,flecs_columns,packed_1pct_update_first,7,10000,0,0,92964250,92964250,92964250,92964250,92964250,92964250,92964250,92964250,92964250,1529,1529,1529,1529,1529,1529,0,0,0,0,0,0,0,0,0,0,0,0,1415,1415,1415,192,192,192,32,32,32,100545158,100545158,100545158,393748000,393748000,393748000,52,52,52,5768,5768,5768,12,12,12
1000000,16,flecs_columns,packed_1pct_update_repeat,7,10000,0,0,92964250,92964250,92964250,92964250,92964250,92964250,92964250,92964250,92964250,1529,1529,1529,1529,1529,1529,0,0,0,0,0,0,0,0,0,0,0,0,1415,1415,1415,192,192,192,32,32,32,100545158,100545158,100545158,393748000,393748000,393748000,52,52,52,5768,5768,5768,12,12,12
1000000,16,flecs_columns,packed_create_queries,7,2,0,0,92930356,92930356,92930356,92964250,92964250,92964250,92964250,92964250,92964250,1529,1529,1529,1529,1529,1529,14,14,14,4,4,4,0,0,0,33910,33910,33910,1415,1415,1415,192,192,192,32,32,32,100545158,100545158,100545158,393748000,393748000,393748000,52,52,52,5768,5768,5768,12,12,12
1000000,16,flecs_columns,packed_light_color,7,1250000,0,10,92964250,92964250,92964250,92964250,92964250,92964250,92964250,92964250,92964250,1529,1529,1529,1529,1529,1529,0,0,0,0,0,0,0,0,0,0,0,0,1415,1415,1415,192,192,192,32,32,32,100545158,100545158,100545158,393748000,393748000,393748000,52,52,52,5768,5768,5768,12,12,12
1000000,16,flecs_columns,packed_populate_and_ids,7,1000000,0,0,293078,293078,293078,92930356,92930356,92930356,92930356,92930356,92930356,1512,1512,1512,1512,1512,1512,1124,1124,1124,41,41,41,4,4,4,100211294,100211294,100211294,1401,1401,1401,188,188,188,32,32,32,100511248,100511248,100511248,393748000,393748000,393748000,52,52,52,5768,5768,5768,12,12,12
1000000,16,flecs_columns,setup_packed,7,1,0,0,0,0,0,293078,293078,293078,293398,293398,293398,356,356,356,357,357,357,277,277,277,147,147,147,28,28,28,299954,299954,299954,277,277,277,147,147,147,28,28,28,299954,299954,299954,393748000,393748000,393748000,52,52,52,5768,5768,5768,12,12,12
1000000,16,flecs_rows,destroy_packed,7,1,0,0,96512900,96512900,96512900,0,0,0,121853460,121853460,121853460,0,0,0,5416,5416,5416,3973,3973,3973,13,13,13,5436,5436,5436,34441872,34441872,34441872,5356,5356,5356,193,193,193,5490,5490,5490,138577568,138577568,138577568,384948000,384948000,384948000,51,51,51,5768,5768,5768,12,12,12
1000000,16,flecs_rows,destroy_queries,7,2,0,0,96554820,96554820,96554820,96512900,96512900,96512900,96554820,96554820,96554820,1463,1463,1463,1483,1483,1483,0,0,0,0,0,0,20,20,20,0,0,0,1383,1383,1383,180,180,180,54,54,54,104135696,104135696,104135696,393748000,393748000,393748000,52,52,52,5768,5768,5768,12,12,12
1000000,16,flecs_rows,packed_0pct_health_query,7,2500000,0,15,96554820,96554820,96554820,96554820,96554820,96554820,96554820,96554820,96554820,1483,1483,1483,1483,1483,1483,0,0,0,0,0,0,0,0,0,0,0,0,1383,1383,1383,180,180,180,34,34,34,104135696,104135696,104135696,393748000,393748000,393748000,52,52,52,5768,5768,5768,12,12,12
1000000,16,flecs_rows,packed_0pct_random_get,7,1000000,0,0,96554820,96554820,96554820,96554820,96554820,96554820,96554820,96554820,96554820,1483,1483,1483,1483,1483,1483,0,0,0,0,0,0,0,0,0,0,0,0,1383,1383,1383,180,180,180,34,34,34,104135696,104135696,104135696,393748000,393748000,393748000,52,52,52,5768,5768,5768,12,12,12
1000000,16,flecs_rows,packed_10pct_health_query,7,2500000,0,15,96554820,96554820,96554820,96554820,96554820,96554820,96554820,96554820,96554820,1483,1483,1483,1483,1483,1483,0,0,0,0,0,0,0,0,0,0,0,0,1383,1383,1383,180,180,180,34,34,34,104135696,104135696,104135696,393748000,393748000,393748000,52,52,52,5768,5768,5768,12,12,12
1000000,16,flecs_rows,packed_10pct_random_get,7,1000000,0,0,96554820,96554820,96554820,96554820,96554820,96554820,96554820,96554820,96554820,1483,1483,1483,1483,1483,1483,0,0,0,0,0,0,0,0,0,0,0,0,1383,1383,1383,180,180,180,34,34,34,104135696,104135696,104135696,393748000,393748000,393748000,52,52,52,5768,5768,5768,12,12,12
1000000,16,flecs_rows,packed_10pct_update_first,7,100000,0,0,96554820,96554820,96554820,96554820,96554820,96554820,96554820,96554820,96554820,1483,1483,1483,1483,1483,1483,0,0,0,0,0,0,0,0,0,0,0,0,1383,1383,1383,180,180,180,34,34,34,104135696,104135696,104135696,393748000,393748000,393748000,52,52,52,5768,5768,5768,12,12,12
1000000,16,flecs_rows,packed_10pct_update_repeat,7,100000,0,0,96554820,96554820,96554820,96554820,96554820,96554820,96554820,96554820,96554820,1483,1483,1483,1483,1483,1483,0,0,0,0,0,0,0,0,0,0,0,0,1383,1383,1383,180,180,180,34,34,34,104135696,104135696,104135696,393748000,393748000,393748000,52,52,52,5768,5768,5768,12,12,12
1000000,16,flecs_rows,packed_1pct_health_query,7,2500000,0,15,96554820,96554820,96554820,96554820,96554820,96554820,96554820,96554820,96554820,1483,1483,1483,1483,1483,1483,0,0,0,0,0,0,0,0,0,0,0,0,1383,1383,1383,180,180,180,34,34,34,104135696,104135696,104135696,393748000,393748000,393748000,52,52,52,5768,5768,5768,12,12,12
1000000,16,flecs_rows,packed_1pct_random_get,7,1000000,0,0,96554820,96554820,96554820,96554820,96554820,96554820,96554820,96554820,96554820,1483,1483,1483,1483,1483,1483,0,0,0,0,0,0,0,0,0,0,0,0,1383,1383,1383,180,180,180,34,34,34,104135696,104135696,104135696,393748000,393748000,393748000,52,52,52,5768,5768,5768,12,12,12
1000000,16,flecs_rows,packed_1pct_update_first,7,10000,0,0,96554820,96554820,96554820,96554820,96554820,96554820,96554820,96554820,96554820,1483,1483,1483,1483,1483,1483,0,0,0,0,0,0,0,0,0,0,0,0,1383,1383,1383,180,180,180,34,34,34,104135696,104135696,104135696,393748000,393748000,393748000,52,52,52,5768,5768,5768,12,12,12
1000000,16,flecs_rows,packed_1pct_update_repeat,7,10000,0,0,96554820,96554820,96554820,96554820,96554820,96554820,96554820,96554820,96554820,1483,1483,1483,1483,1483,1483,0,0,0,0,0,0,0,0,0,0,0,0,1383,1383,1383,180,180,180,34,34,34,104135696,104135696,104135696,393748000,393748000,393748000,52,52,52,5768,5768,5768,12,12,12
1000000,16,flecs_rows,packed_create_queries,7,2,0,0,96475726,96475726,96475726,96554820,96554820,96554820,96554852,96554852,96554852,1483,1483,1483,1484,1484,1484,33,33,33,6,6,6,2,2,2,79206,79206,79206,1383,1383,1383,180,180,180,34,34,34,104135696,104135696,104135696,393748000,393748000,393748000,52,52,52,5768,5768,5768,12,12,12
1000000,16,flecs_rows,packed_light_color,7,1250000,0,10,96554820,96554820,96554820,96554820,96554820,96554820,96554820,96554820,96554820,1483,1483,1483,1483,1483,1483,0,0,0,0,0,0,0,0,0,0,0,0,1383,1383,1383,180,180,180,34,34,34,104135696,104135696,104135696,393748000,393748000,393748000,52,52,52,5768,5768,5768,12,12,12
1000000,16,flecs_rows,packed_populate_and_ids,7,1000000,0,0,292534,292534,292534,96475726,96475726,96475726,96475726,96475726,96475726,1449,1449,1449,1449,1449,1449,1075,1075,1075,29,29,29,4,4,4,103757208,103757208,103757208,1350,1350,1350,174,174,174,32,32,32,104056490,104056490,104056490,393748000,393748000,393748000,52,52,52,5768,5768,5768,12,12,12
1000000,16,flecs_rows,setup_packed,7,1,0,0,0,0,0,292534,292534,292534,292854,292854,292854,354,354,354,355,355,355,275,275,275,145,145,145,28,28,28,299282,299282,299282,275,275,275,145,145,145,28,28,28,299282,299282,299282,393748000,393748000,393748000,52,52,52,5768,5768,5768,12,12,12
