case,mode,repeat,ups,p99_ms,allocator_peak_mib,allocator_free_last_mib,allocator_arena_peak_mib,wasm_peak_mib,browser_rss_peak_mib,snapshot_used_mib,snapshot_capacity_mib,snapshot_growth_budget_mib,renderer_cpu_mib,renderer_gpu_logical_mib,worker_stack_mib,record_bytes
bunny30k,before_direct,1,80.660273030891,13.8,59.00806427001953,1.679168701171875,60.389678955078125,66.5,1060.625,0.0,0.0,0.0,4.120395660400391,3.4332275390625,0.0,128
bunny30k,before_threaded,1,112.67508000807,13.5,73.15904235839844,3.7848281860351562,76.01858520507812,95.8125,1065.984375,8.261734008789062,9.03985595703125,12.53985595703125,4.120395660400391,3.4332275390625,5.0,128
bunny30k,after_direct,1,80.427203817656,13.9,59.0068359375,1.6925582885742188,60.389678955078125,66.5,1053.484375,0.0,0.0,0.0,4.120395660400391,3.4332275390625,0.0,96
bunny30k,after_threaded,1,113.15236290874,14.55,70.56824493408203,1.241363525390625,70.88577270507812,79.8125,1045.796875,6.4306793212890625,6.448577880859375,6.448577880859375,4.120395660400391,3.4332275390625,5.0,96
bunny30k,after_stack2,1,112.12571625215,15.35,67.56826782226562,1.218017578125,67.88577270507812,79.8125,1061.375,6.4306793212890625,6.448577880859375,6.448577880859375,4.120395660400391,3.4332275390625,2.0,96
bunny30k,after_linear_stack2,1,112.68890405869,14.8,67.56820678710938,1.2421035766601562,67.88577270507812,76.0,1066.890625,6.4306793212890625,6.448577880859375,6.448577880859375,4.120395660400391,3.4332275390625,2.0,96
render50k,before_direct,1,51.987037648208,20.95,61.935035705566406,16.55620574951172,78.49124145507812,95.8125,1075.421875,0.0,0.0,0.0,6.866977691650391,5.7220458984375,0.0,128
render50k,before_threaded,1,65.564704339166,21.8,85.14276123046875,15.731292724609375,100.87405395507812,115.0,1094.4375,13.735260009765625,18.03985595703125,25.03985595703125,6.866977691650391,5.7220458984375,5.0,128
render50k,after_direct,1,52.316473698549,20.8,61.935462951660156,16.55577850341797,78.49124145507812,95.8125,1072.484375,0.0,0.0,0.0,6.866977691650391,5.7220458984375,0.0,96
render50k,after_threaded,1,66.82180764091,20.4,78.62287139892578,23.993370056152344,102.61624145507812,115.0,1097.71875,10.683502197265625,11.515716552734375,20.075531005859375,6.866977691650391,5.7220458984375,5.0,96
render50k,after_stack2,1,65.704182674869,21.7,75.61866760253906,22.563980102539062,98.18264770507812,115.0,1110.171875,10.683502197265625,11.515716552734375,20.075531005859375,6.866977691650391,5.7220458984375,2.0,96
render50k,after_linear_stack2,1,66.764881734352,21.15,75.61673736572266,25.72606658935547,101.34280395507812,108.75,1112.765625,10.683502197265625,11.515716552734375,20.075531005859375,6.866977691650391,5.7220458984375,2.0,96
bunny30k,before_threaded,2,111.57291835092,14.35,73.16349792480469,4.774200439453125,77.01858520507812,95.8125,1067.265625,8.261734008789062,9.03985595703125,12.53985595703125,4.120395660400391,3.4332275390625,5.0,128
bunny30k,after_direct,2,79.891262349877,14.55,59.006309509277344,1.6811676025390625,60.389678955078125,66.5,1038.53125,0.0,0.0,0.0,4.120395660400391,3.4332275390625,0.0,96
bunny30k,after_threaded,2,113.14541862082,14.25,70.56826782226562,1.2416000366210938,70.88577270507812,79.8125,1065.1875,6.4306793212890625,6.448577880859375,6.448577880859375,4.120395660400391,3.4332275390625,5.0,96
bunny30k,after_stack2,2,113.16892442166,13.9,67.56814575195312,1.2417755126953125,67.88577270507812,79.8125,1082.65625,6.4306793212890625,6.448577880859375,6.448577880859375,4.120395660400391,3.4332275390625,2.0,96
bunny30k,after_linear_stack2,2,113.38234960664,13.8,67.56818389892578,1.2415313720703125,67.88577270507812,76.0,1054.1875,6.4306793212890625,6.448577880859375,6.448577880859375,4.120395660400391,3.4332275390625,2.0,96
bunny30k,before_direct,2,80.020387684087,14.15,59.006317138671875,1.6930007934570312,60.389678955078125,66.5,1064.171875,0.0,0.0,0.0,4.120395660400391,3.4332275390625,0.0,128
render50k,before_threaded,2,65.465618834843,22,85.14122009277344,16.416427612304688,101.55764770507812,115.0,1084.765625,13.735260009765625,18.03985595703125,25.03985595703125,6.866977691650391,5.7220458984375,5.0,128
render50k,after_direct,2,52.196019419016,20.55,61.935279846191406,16.55596160888672,78.49124145507812,95.8125,1088.296875,0.0,0.0,0.0,6.866977691650391,5.7220458984375,0.0,96
render50k,after_threaded,2,66.265363784552,20.85,78.62127685546875,27.705902099609375,106.32717895507812,115.0,1104.21875,10.683502197265625,11.515716552734375,20.075531005859375,6.866977691650391,5.7220458984375,5.0,96
render50k,after_stack2,2,66.739178505916,21.65,75.61773681640625,29.990692138671875,105.60842895507812,115.0,1100.828125,10.683502197265625,11.515716552734375,20.075531005859375,6.866977691650391,5.7220458984375,2.0,96
render50k,after_linear_stack2,2,66.627289414369,21.6,75.61891174316406,30.391860961914062,106.01077270507812,112.0625,1109.84375,10.683502197265625,11.515716552734375,20.075531005859375,6.866977691650391,5.7220458984375,2.0,96
render50k,before_direct,2,51.984993942976,20.75,61.935401916503906,16.55583953857422,78.49124145507812,95.8125,1082.0,0.0,0.0,0.0,6.866977691650391,5.7220458984375,0.0,128
bunny30k,after_direct,3,79.687486268036,14.35,59.00377655029297,1.683685302734375,60.389678955078125,66.5,1036.703125,0.0,0.0,0.0,4.120395660400391,3.4332275390625,0.0,96
bunny30k,after_threaded,3,113.39637179539,14.3,70.56846618652344,1.2528839111328125,70.88577270507812,79.8125,1064.265625,6.4306793212890625,6.448577880859375,6.448577880859375,4.120395660400391,3.4332275390625,5.0,96
bunny30k,after_stack2,3,112.75370282483,14.35,67.56832885742188,1.2418746948242188,67.88577270507812,79.8125,1053.359375,6.4306793212890625,6.448577880859375,6.448577880859375,4.120395660400391,3.4332275390625,2.0,96
bunny30k,after_linear_stack2,3,112.90345045317,14.6,67.5712890625,1.2326278686523438,67.88577270507812,76.0,1052.921875,6.4306793212890625,6.448577880859375,6.448577880859375,4.120395660400391,3.4332275390625,2.0,96
bunny30k,before_direct,3,80.32401586107,13.95,59.00670623779297,1.6925506591796875,60.389678955078125,66.5,1064.34375,0.0,0.0,0.0,4.120395660400391,3.4332275390625,0.0,128
bunny30k,before_threaded,3,111.59985099812,14.15,73.16352844238281,3.7742691040039062,76.01858520507812,95.8125,1056.578125,8.261734008789062,9.03985595703125,12.53985595703125,4.120395660400391,3.4332275390625,5.0,128
render50k,after_direct,3,52.368945493405,20.75,61.935218811035156,16.55602264404297,78.49124145507812,95.8125,1082.21875,0.0,0.0,0.0,6.866977691650391,5.7220458984375,0.0,96
render50k,after_threaded,3,66.472373572381,21.85,78.61798095703125,19.580291748046875,98.19827270507812,115.0,1106.390625,10.683502197265625,11.515716552734375,20.075531005859375,6.866977691650391,5.7220458984375,5.0,96
render50k,after_stack2,3,66.581512825528,21.85,75.61901092529297,21.368324279785156,96.98733520507812,115.0,1102.59375,10.683502197265625,11.515716552734375,20.075531005859375,6.866977691650391,5.7220458984375,2.0,96
render50k,after_linear_stack2,3,66.491244287431,21.45,75.61824035644531,19.763626098632812,95.38186645507812,104.0,1088.015625,10.683502197265625,11.515716552734375,20.075531005859375,6.866977691650391,5.7220458984375,2.0,96
render50k,before_direct,3,52.304667198981,20.55,61.935401916503906,16.55583953857422,78.49124145507812,95.8125,1084.4375,0.0,0.0,0.0,6.866977691650391,5.7220458984375,0.0,128
render50k,before_threaded,3,65.696132240181,20.1,85.14327239990234,18.93390655517578,104.07717895507812,115.0,1093.875,13.735260009765625,18.03985595703125,25.03985595703125,6.866977691650391,5.7220458984375,5.0,128
