case,mode,repeat,ups,wasm,rss,cpu,cpu_per_update,simulation,simulation_p99,preparation,preparation_p99,queue,queue_p99,render,render_p99,age,age_p99,fps,update_p99,submit_p99,over_60,over_120,idle,wake,worker,raf,busy_callbacks
bunny10k,direct,1,120.00094654379,65.125,1015.7421875,64.85757954612961,5.40475566352822,0.963129927817879,1.3,0.06852692948362021,0.086,0,0,2.6992792892837314,2.966,3.7313514714047753,4.136,120.0034004869832,9.324951171875,9.46025146484375,0,7.555555555555555,0,0,0,0,0
bunny10k,inline,1,120.00050618556,65.125,1028.814453125,72.04927210643429,6.004080682378336,1.0464847307051637,1.341,0.34328872848417546,0.375,0,0,2.9406424208772903,3.101,4.330745696835091,4.711,120.00308015718437,9.31594970703125,9.39608642578125,0,7.5,0,0,0,0,0
bunny10k,threaded,1,119.99979972873,78.1875,1029.84375,70.9001468169034,5.908355428690662,0.89754,1.26005,0.3053522222222222,0.35,0.0012766666666666666,0.006,2.9831777777777777,3.14,8.19093,9.27604,119.99292356907453,9.429951171875,9.424091796875,0,11.50639244024458,3.970671911912868,0.03073540581597222,4.315367160373264,8.33380768178502,0
bunny10k,scheduled,1,120.00754277236,78.1875,1032.53125,71.571248732243,5.963895858446593,0.904622987229317,1.264,0.3055868961687951,0.345,6.955372570794004,8.1,3.0001810105496944,3.145,16.466197667962245,17.529,120.00752000247411,9.42997314453125,9.41509033203125,0,9.777777777777779,0.08549560546875,0.016554361979166668,8.217405734592013,8.332791612413194,100
bunny20k,direct,1,119.99980926544,78.1875,1023.88671875,109.30804175645238,9.109017958075468,2.3226294444444444,2.8704599999999996,0.12382666666666667,0.15400999999999998,0,0,4.829361111111111,5.02103,7.276227777777778,7.92005,120.00229559005035,9.285966796875,9.3450732421875,0,6.837131739855476,0,0,0,0,0
bunny20k,inline,1,115.89724218418,78.1875,1037.552734375,118.82944030873803,10.252999818571892,2.3963248993674524,3.2306199999999996,0.5694738355376653,0.64,0,0,5.478384128809661,5.68562,8.44456354226567,9.28524,115.89757268604961,9.50461181640625,9.491977539062498,0,29.574223245109323,0,0,0,0,0
bunny20k,threaded,1,62.929750042998,93.875,1052.853515625,69.55130012175171,11.052212995320877,2.50053544973545,3.3345599999999997,0.5146052910052911,0.595,0.0015534391534391535,0.006,5.620977777777778,5.9326799999999995,15.709889947089946,17.56,62.93320734400223,17.776301269531245,17.73568603515625,5.190677966101695,94.70338983050848,7.068687568276616,0.03311735284391534,8.768502759176588,8.33331769893462,47.55826859045505
bunny20k,scheduled,1,119.7293102938,93.875,1040.9921875,124.51026414612132,10.399313571638347,2.4457688022284123,3.4546599999999996,0.5197799442896937,0.63,5.2128796657381615,6.58618,5.445837883008356,5.6890600000000004,16.48762618384401,17.481859999999998,119.73371871842357,9.352749023437498,9.364990234375,0,5.348189415041783,0.09670484962569638,0.007956184098343541,8.232693746520045,8.333310172317955,100
bunny30k,direct,1,81.070472512872,78.1875,1036.955078125,116.36249723932612,14.353252624850635,4.735508627773213,6.3142,0.21502465078060806,0.285,0,0,7.18394905505341,7.579199999999999,12.134845521774857,14.09084,81.0676391088871,14.27911376953125,14.319091796875,0,100,0,0,0,0,0
bunny30k,inline,1,71.770645868627,93.875,1051.794921875,114.9298001043137,16.01348277047522,4.785631383472609,6.02524,0.8598690807799443,0.94672,0,0,8.092296193129062,8.39024,13.738207985143918,15.0962,71.76699163189897,15.2972412109375,15.30767822265625,0,100,0,0,0,0,0
bunny30k,threaded,1,59.632238677256,93.875,1056.201171875,93.26799198099461,15.640531707317479,4.138218994413408,6.632219999999992,0.7418078212290503,0.8414399999999986,0.0014949720670391063,0.006,8.155908379888269,8.51024,16.56878994413408,20.550539999999973,59.63152978314673,21.203247070312496,20.76511962890622,15.659955257270694,100,3.495737916404502,0.04377182262569832,13.210205078125,8.338160143221929,50.33333333333333
bunny30k,scheduled,1,85.637812449959,93.875,1064.66015625,133.4482001821838,15.582859529505377,4.283782101167315,5.495640000000001,0.8623782101167315,1.26516,2.8767517509727627,7.152360000000002,8.386423346303502,8.842400000000001,17.68646147859922,21.318200000000004,85.6240036344476,20.85498046875,17.7025537109375,1.7926734216679656,72.0966484801247,0.0893039406274338,0.02819852717655642,11.546092990029184,8.333735348848318,99.6111111111111
render50k,direct,1,52.745302617095,93.875,1084.197265625,113.98133682525425,21.609760712286132,6.0433055555555555,6.4759,0.34512878787878787,0.45509000000000005,0,0,12.400006313131312,12.79509,18.78878787878788,19.44235,52.74395251778394,19.863378906250002,19.883642578125002,100,100,0,0,0,0,0
render50k,inline,1,46.566581222077,112.6875,1087.130859375,112.71514317512722,24.205157479263153,5.994628040057225,6.48912,1.2715092989985695,1.3810799999999999,0,0,14.049103004291846,14.38118,21.31572103004292,21.87902,46.56577172900393,22.687041015625,22.19998779296875,100,100,0,0,0,0,0
render50k,threaded,1,39.846568123613,135.25,1087.24609375,98.62030380813272,24.750011971467757,5.997849246231156,7.91419999999997,1.0183065326633165,1.2340399999999956,0.0015963149078726969,0.01,14.181217755443885,14.873399999999997,24.882755443886097,29.35719999999995,39.8439716878303,29.595898437499926,29.539619140624946,100,100,3.6478667498432276,0.03595725987667224,21.464137456887542,8.398686290922619,66.51735722284434
render50k,scheduled,1,48.101008250772,135.25,1102.134765625,116.30108869755954,24.17851370001022,5.9661272475795295,6.387839999999999,1.0402116182572614,1.265579999999997,6.256200553250346,14.886579999999999,14.43744674965422,15.1639,30.48000276625173,36.81938,48.11102873466019,36.75776611328125,29.032014160156248,49.445983379501385,100,0.09777004722078146,0.021982786566390043,20.70592434409578,10.451926368002434,100
simulation,direct,1,59.008759549227,54.25,1060.48046875,108.41634800398774,18.372924432268967,16.237524830699776,16.64315,0.01630474040632054,0.03414999999999998,0,0,0.4914130925507901,0.6047499999999999,16.745683972911962,17.2122,59.00782449131072,17.4975,17.47763671875,11.977401129943503,100,0,0,0,0,0
simulation,inline,1,58.782330140629,54.25,1003.732421875,108.76638118126,18.50324424381455,16.244594778660613,17.0638,0.03846311010215664,0.056,0,0,0.5341713961407492,0.675,16.81754824063564,17.7452,58.78325987711862,18.1669482421875,18.167138671875,20.6583427922815,100,0,0,0,0,0
simulation,threaded,1,42.30611642103,65.125,1038.39453125,80.20977328367417,18.959379888578617,16.246144881889762,16.652639999999998,0.03792755905511811,0.081,0.001730708661417323,0.01,0.50928031496063,0.6086399999999998,23.458992125984253,26.897959999999998,42.30828358441907,27.052685546875,27.0234228515625,95.58359621451105,100,6.6516524667814965,0.033880951648622044,16.902896238312007,8.334386121961806,64.96390893947806
simulation,scheduled,1,61.418738921684,65.125,1055.685546875,112.76267198006839,18.359652763931518,16.115366594360086,16.634790000000002,0.03983622559652929,0.08057999999999993,0.006828633405639914,0.01,0.485675704989154,0.5781599999999998,21.432960954446855,26.155,61.40763497596975,16.9724609375,24.908935546875,13.897937024972856,94.02823018458197,0.03844738213462581,0.006834348732375271,16.215236440397913,8.332234858672265,99.72253052164261
balanced,direct,1,63.779225354748,65.125,1023.40234375,110.49412804023953,17.324470064610757,12.813662486938348,15.713919999999998,0.06875444096133751,0.10175999999999977,0,0,2.578514106583072,2.7411999999999996,15.461369905956113,18.313799999999997,63.77880791403467,18.633740234375004,18.782727050781254,11.715481171548117,100,0,0,0,0,0
balanced,inline,1,63.53842743486,65.125,1026.35546875,110.35622260661464,17.36842208122833,12.394723270440252,15.2837,0.25369811320754715,0.30047,0,0,2.8864748427672957,3.05947,15.535244234800839,18.36357,63.53748022942253,18.62873046875,18.669912109375,12.381951731374606,100,0,0,0,0,0
balanced,threaded,1,55.722411965339,78.1875,1035.29296875,96.4938399099599,17.316881395942076,12.005366028708133,15.024249999999999,0.2406004784688995,0.29824999999999985,0.001729665071770335,0.01,2.846351674641148,3.04065,17.78457894736842,26.52255,55.71763052409168,26.6972265625,26.6751123046875,27.305389221556887,100,2.665184203517494,0.037479382382625596,15.225105541174491,8.335322330765356,53.61111111111111
balanced,scheduled,1,78.765107245381,78.1875,985.681640625,134.51576901833562,17.078091266894578,12.263318104906938,17.594510000000007,0.23237225042301185,0.3467600000000002,0.01861336717428088,0.728610000000001,2.8194509306260573,3.1660900000000005,19.67011421319797,27.113180000000003,78.7806273544815,18.257128906250014,20.307910156250003,10.076206604572397,53.34462320067739,0.06071789736675127,0.014838462351945855,12.605129183851522,8.332905544704861,99.7223764575236
fill,direct,1,112.76256217323,65.125,1255.162109375,117.37795220801543,10.409301628646492,0.8208959810874704,1.1114499999999996,0.060826832151300234,0.076,0,0,7.833777186761229,8.149539999999998,8.71584219858156,9.169049999999995,112.76340357428647,9.65478515625,9.639892578124996,0,51.094027202838554,0,0,0,0,0
fill,inline,1,96.304730253386,65.125,1250.234375,116.00779050028424,12.04590783807377,0.9043386426592798,1.2078499999999996,0.24790373961218837,0.28513999999999984,0,0,9.0598324099723,9.48728,10.212425900277008,10.890839999999999,96.30490648598034,11.336328124999996,11.28559814453125,0,100,0,0,0,0,0
fill,threaded,1,60.404171937946,78.1875,1254.916015625,74.23075992403389,12.289012090140417,0.8622613009922823,1.215,0.2276052921719956,0.304,0.001523704520396913,0.006,9.140823594266815,9.50446,16.445500551267916,18.136359999999996,60.39987908227332,18.22947998046875,18.23974609375,14.67991169977925,100,6.189156764660281,0.026302047443495038,10.337785108875414,8.333833905208913,49.722530521642625
fill,scheduled,1,80.035399022538,78.1875,926.26171875,104.65304594301055,13.075844841298313,0.8882997502081599,1.365,0.22909658617818485,0.27,6.238691090757702,13.694,9.648090757701915,10.305,19.05401165695254,24.706,80.03376945702155,24.895036621093748,16.179970703125,0.16666666666666669,100,0.0598134367194005,0.025186530755620315,12.409516117753435,8.330527500997709,99.05660377358491
bunny10k,inline,2,120.0003460561,65.125,1055.509765625,73.16383251629681,6.096968460582007,1.081704217536071,1.52494,0.33676914539400665,0.379,0,0,2.8929661487236404,3.101,4.311740843507215,4.849889999999999,120.00960819112454,9.3349609375,9.450234375,0,9.944444444444445,0,0,0,0,0
bunny10k,threaded,2,119.79995049161,78.1875,1067.3515625,71.66897736686994,5.9823878952178005,0.924621591541458,1.4203999999999997,0.30738953811908737,0.355,0.0012459654980523094,0.006,2.968063995548136,3.135,8.206540345019476,9.2502,119.80006181177282,9.406262207031249,9.385009765625,0,10.913140311804009,3.971708913688405,0.02912351749443517,4.329060804465776,8.333268509632088,0.16666666666666669
bunny10k,scheduled,2,120.00175482877,78.1875,1043.966796875,71.25763427219789,5.938049353851126,0.8866496390893948,1.371,0.3071127151582454,0.35,6.974113825652415,8.11,2.9901215991116046,3.145,16.46323431426985,17.531,120.00112110422386,9.43506591796875,9.41992431640625,0,10.222222222222223,0.07891520182291667,0.02146444791955858,8.21883160613895,8.3332861328125,100
bunny10k,direct,2,120.00062628294,65.125,1058.15625,66.476351722345,5.539667065203948,1.0737806774014436,1.365,0.07135036091060522,0.095,0,0,2.7014280955024987,2.939,3.8469800111049417,4.259,120.00227934016911,9.32912109375,9.339169921875,0,7.666666666666666,0,0,0,0,0
bunny20k,inline,2,115.67730625667,78.1875,1162.29296875,119.15710038714455,10.300819083974297,2.4264521889400923,3.6504000000000016,0.5658940092165898,0.6456500000000001,0,0,5.466391705069125,5.756500000000001,8.459111751152074,9.867500000000005,115.67672248331353,10.078598632812504,10.112949218750003,0,31.815561959654175,0,0,0,0,0
bunny20k,threaded,2,60.46367588533,93.875,1063.73046875,71.38411530470569,11.80611569830561,2.9586740088105725,3.7255099999999994,0.5166519823788547,0.60093,0.0015870044052863437,0.01,5.645703744493392,5.885,16.36441960352423,17.49895,60.46348209915246,17.690625,17.64990234375,5.071664829106946,99.7794928335171,7.201358681608324,0.02120581807544053,9.295599714774918,8.333800557849806,49.61154273029967
bunny20k,scheduled,2,119.52827213101,93.875,1084.6171875,125.9133377141296,10.53418872951842,2.592074177356386,5.286959999999997,0.5245861684327942,0.8413999999999996,5.064943112102621,6.661319999999999,5.425704406023424,5.80916,16.483991076408255,17.59632,119.52678023289708,9.565842285156249,9.467182617187499,0.055803571428571425,9.151785714285714,0.09289441789899554,0.01634394171779141,8.242066859401143,8.333796553640912,100
bunny20k,direct,2,120.00010014383,78.1875,1046.76171875,110.19428701106813,9.182849587541277,2.3584847307051637,3.195,0.12337146029983342,0.16,0,0,4.844108273181566,5.089,7.3265324819544695,8.245,120.00095899203882,9.1161474609375,9.320717773437499,0,6.722222222222222,0,0,0,0,0
bunny30k,inline,2,72.508801295847,93.875,1129.431640625,114.91971610166252,15.849071291741883,4.716640625,5.74652,0.8532886029411765,0.9547799999999993,0,0,8.019012867647058,8.30565,13.58935294117647,14.6863,72.50907928534109,14.856748046875001,14.873432617187502,0,100,0,0,0,0,0
bunny30k,threaded,2,59.995367850249,93.875,1078.421875,91.84506975239098,15.308693494744494,3.931754716981132,5.031,0.7222208657047724,0.78,0.0015960044395116537,0.006,8.04284794672586,8.391,16.47207103218646,17.806,59.99244138201924,17.995966796875,17.9957666015625,13.88888888888889,100,3.7362144639756942,0.042392675672863485,12.869971949569923,8.333803404575583,50.0
bunny30k,scheduled,2,85.802772714271,93.875,1105.6484375,134.09813616520785,15.628648343540558,4.363409937888199,5.767509999999997,0.8505,1.2851299999999999,2.846589285714286,7.208449999999992,8.327848602484472,8.899779999999998,17.73840450310559,20.94665,85.86483449221974,20.81005859375,16.930888671874996,0.4658385093167702,64.98447204968944,0.08710759322835791,0.027864040377715282,11.51956572136831,8.338080647786459,99.38922820655192
bunny30k,direct,2,82.466365190125,78.1875,1138.021484375,116.3776409372488,14.112134161478057,4.628261115602264,5.7846400000000004,0.2124810024252223,0.28,0,0,7.082726758286176,7.363480000000001,11.92383508488278,13.16,82.46735370782973,13.37574462890625,13.40567626953125,0,100,0,0,0,0,0
render50k,inline,2,47.085620219773,112.6875,1079.291015625,112.74709630425373,23.945122901217946,6.020284299858557,6.526,1.259833097595474,1.3858799999999998,0,0,13.784902404526166,14.359079999999999,21.06549080622348,21.972659999999998,47.0866156348466,22.4431396484375,22.374584960937508,100,100,0,0,0,0,0
render50k,threaded,2,39.935134706249,135.25,1092.89453125,97.76890078438744,24.48192587894005,5.9786150000000005,6.71055,1.0319983333333334,1.11014,0.0015483333333333334,0.006,13.98689,14.55426,24.881796666666666,27.48555,39.933948201741515,27.586660156249998,27.617226562499997,100,100,3.8410689290364584,0.030824381510416665,21.217058512369793,8.411492188593575,66.42417459429211
render50k,scheduled,2,47.983204364992,135.25,1097.26953125,115.9227620635808,24.15902889306758,5.997563888888889,6.55329,1.0101166666666666,1.1910099999999988,6.2445208333333335,14.722789999999996,14.327727777777778,15.16634,30.475413888888887,36.660999999999994,48.04342691002985,36.773022460937504,28.912646484375,49.79195561719833,100,0.09288010087985436,0.02268713158807212,20.745555353892165,10.431583319769965,100
render50k,direct,2,52.98436943854,93.875,1086.833984375,113.93129695629902,21.502812652787217,6.015490566037736,6.44436,0.34446540880503146,0.4512399999999998,0,0,12.33039496855346,12.705599999999999,18.690761006289307,19.2809,52.98483141589895,19.827673339843734,19.903542480468744,100,100,0,0,0,0,0
simulation,inline,2,59.148206059643,54.25,1040.390625,108.40096822139056,18.327008618331174,16.136850225225224,16.709549999999997,0.03845833333333333,0.06,0,0,0.5249200450450451,0.63078,16.700561936936936,17.32926,59.147907554890516,17.8712158203125,17.78298828125,9.470124013528748,100,0,0,0,0,0
simulation,threaded,2,42.180147067468,65.125,991.103515625,80.43907548037417,19.070363920663965,16.211306477093206,16.714399999999994,0.041018957345971566,0.11699999999999874,0.0016066350710900474,0.01,0.5098736176935229,0.62,23.510644549763033,26.966079999999998,42.17943551126829,27.093759765625,27.061025390624998,93.35443037974683,100,6.761975618335308,0.030934121371445498,16.870259892130726,8.333344455295139,64.90838423098279
simulation,scheduled,2,61.344646587582,65.125,1042.958984375,112.65359067000118,18.364045917057357,16.13755808903366,16.836,0.04018023887079262,0.09079999999999995,0.006372421281216069,0.01,0.4807296416938111,0.5737999999999996,21.438970684039088,26.412,61.33341519108147,17.098740234375,25.023000488281248,13.260869565217392,94.23913043478261,0.038076129461862104,0.00673229039427253,16.23555249474077,8.333320274543656,99.83351831298557
simulation,direct,2,59.241804991131,54.25,1055.310546875,108.2835819056434,18.278238132996517,16.175679054054054,16.61565,0.016731981981981982,0.03,0,0,0.4924808558558559,0.6116499999999999,16.685266891891892,17.13413,59.24255551668576,17.523642578125,17.644296875,8.783783783783784,100,0,0,0,0,0
balanced,inline,2,63.237535885731,65.125,1015.259765625,111.0450693572629,17.559993096176168,12.456925184404636,15.54712,0.2560463645943098,0.31,0,0,2.8888018967334035,3.0880799999999997,15.602080084299262,18.64708,63.23482546857715,18.83751220703125,18.9759130859375,13.502109704641349,100,0,0,0,0,0
balanced,threaded,2,55.672775548384,78.1875,1044.685546875,95.997052380238,17.24308720638673,11.95547129186603,14.904199999999998,0.2406937799043062,0.30065,0.00165311004784689,0.01,2.8388062200956936,3.0479,17.820444976076555,25.242849999999997,55.665089307934814,25.392583007812497,25.358359375,27.4251497005988,100,2.747202019942434,0.02730549351450359,15.168308677855862,8.334428193104525,53.66259711431742
balanced,scheduled,2,78.370140288149,78.1875,1091.474609375,134.31208595263502,17.13817092310928,12.318452380952381,15.46875,0.23462244897959184,0.3,0.007788265306122449,0.0725,2.8220246598639456,3.05125,19.743141156462585,26.479,78.37850047506218,16.661835937499998,20.5304638671875,12.170212765957448,57.19148936170213,0.05995769889987245,0.017697911684204932,12.662430536179315,8.333119439019097,99.38922820655192
balanced,direct,2,65.678163916164,65.125,1018.017578125,110.57479915544812,16.83585419601455,12.403864097363083,15.358999999999998,0.06770689655172414,0.09,0,0,2.5478296146044626,2.71075,15.019735294117647,18.015649999999997,65.6758563694207,18.218330078125,18.221572265625,6.598984771573605,100,0,0,0,0,0
fill,inline,2,90.494909945657,65.125,1074.5,118.84966593993273,13.133298437592018,1.1366141384388808,1.3621500000000004,0.25894477172312225,0.325,0,0,9.460355670103093,9.79,10.856267304860088,11.305,90.49215587971443,11.911103515625001,12.0816796875,0,100,0,0,0,0,0
fill,threaded,2,59.945270914057,78.1875,1054.083984375,80.08512593089922,13.359707064418235,1.0295633333333334,1.741099999999999,0.23788444444444445,0.2961999999999998,0.00139,0.006,9.371551111111112,10.05,16.51182888888889,18.780050000000003,59.94310335672224,18.961162109375,18.9111328125,17.46384872080089,100,5.834010145399305,0.03898573133680556,10.798015950520833,8.332609542007912,50.055493895671475
fill,scheduled,2,81.129703329168,78.1875,1258.328125,97.76186835637445,12.050070978285806,0.7960328677074774,1.2548399999999997,0.22082251437962203,0.2842399999999991,6.677200493015612,14.652799999999996,9.3267986852917,9.9442,19.361175842235003,25.85739999999999,81.08200050754455,25.036889648437498,16.5743701171875,0.1646090534979424,100,0.04054880886657765,0.016144174969186523,12.272679801445666,8.334627636013062,98.88888888888889
fill,direct,2,112.81379452474,65.125,1249.0390625,117.60069017284782,10.424318290885788,0.813621158392435,1.1913599999999998,0.06132919621749409,0.07908999999999992,0,0,7.832810283687944,8.22918,8.708153073286052,9.3509,112.81375468483633,9.685644531249999,9.65933349609375,0,45.09456264775414,0,0,0,0,0
bunny10k,threaded,3,119.99807933067,78.1875,1224.40625,67.03697966401414,5.586504387231499,0.9030855555555556,1.1212299999999997,0.31656222222222224,0.34901,0.0013772222222222222,0.006,2.9565116666666666,3.21603,8.232287222222222,10.0742,119.997804810169,10.175644531249999,10.1751318359375,0,13.563090605892162,4.031994771400778,0.023294677734375,4.266861436631944,8.333388069326709,0
bunny10k,scheduled,3,119.99936104161,78.1875,1246.21484375,66.38562675503388,5.532165019779942,0.8523472222222223,1.04504,0.3190488888888889,0.35102999999999995,7.038685555555555,8.8751,2.9747838888888887,3.24505,16.507028333333334,17.905050000000003,120.00184610608251,10.159174804687499,10.149482421875,0,9.560867148415786,0.047197401258680556,0.025234326198986676,8.249873388482094,8.333279637776196,100
bunny10k,direct,3,120.00070634799,65.125,1238.830078125,60.48554857342271,5.040432711955936,0.900399777901166,1.084,0.07157079400333148,0.095,0,0,2.765198223209328,2.88,3.737622987229317,3.98,120.00375988342734,10.24003173828125,10.264892578125,0,11.444444444444445,0,0,0,0,0
bunny10k,inline,3,119.98752914344,65.125,1241.876953125,66.24960343094519,5.521374088114324,0.8828455555555556,1.095,0.35706444444444446,0.39901000000000003,0,0,2.966033888888889,3.204,4.206305555555556,4.544009999999999,119.99124903141319,10.24416015625,10.3609033203125,0,13.563090605892162,0,0,0,0,0
bunny20k,threaded,3,68.197981633476,93.875,1260.5234375,70.10193325445641,10.279180054215244,2.282172043010753,2.7706999999999984,0.5194310850439883,0.6183399999999999,0.0013264907135874878,0.006,5.560233626588465,5.918119999999999,14.542541544477029,18.61946,68.20663326140925,18.7442041015625,18.744924316406248,10.469667318982387,78.47358121330724,6.166852678571429,0.01610874686889052,8.463716598316838,8.333468544807879,43.333333333333336
bunny20k,scheduled,3,119.59578501969,93.875,1163.015625,116.5691425888158,9.746927332733682,2.240139832869081,3.445139999999996,0.5094980501392757,0.6764399999999987,5.46386573816156,7.55624,5.351923119777159,5.885,16.515748189415042,18.21554,119.66659460182291,10.322150878906248,10.25,0.05571030640668524,13.259052924791087,0.06786619460702341,0.01634572488683844,8.262075780161908,8.333277723524306,100
bunny20k,direct,3,120.00047377837,78.1875,1126.853515625,101.38334349176394,8.448578601365341,2.142802332037757,2.556,0.11749583564686286,0.14,0,0,4.553151027207107,4.82,6.813776235424764,7.441,120.00348056970012,9.97509765625,10.1309521484375,0,8.222222222222223,0,0,0,0,0
bunny20k,inline,3,119.93151950984,78.1875,1257.701171875,115.13978122489338,9.600460470731093,2.1854505555555557,2.6640200000000003,0.5492955555555555,0.615,0,0,5.2125055555555555,5.48005,7.947548333333334,8.6242,119.93604282596749,9.0449267578125,9.1299658203125,0,6.170094496942746,0,0,0,0,0
bunny30k,threaded,3,59.99966283939,93.875,1230.373046875,87.8800404309519,14.646755710310147,3.8539256381798004,4.349,0.7214450610432852,0.799,0.0014761376248612654,0.01,7.793144284128746,8.15,16.529625971143176,19.311,60.0003798852177,19.44601806640625,19.46162841796875,12.333333333333334,100,4.129551595052083,0.033691677216287456,12.487996193465595,8.39858136126364,49.608501118568235
bunny30k,scheduled,3,93.882487362633,93.875,1277.572265625,136.58193410839704,14.548180171327589,3.837444286728176,4.974800000000005,0.8826430092264017,1.22584,3.472374733853797,7.7209200000000004,8.097151880766502,8.66368,17.494343506032646,20.53368,93.87189195752758,17.654055175781252,16.43982666015625,0,41.19318181818182,0.07880748401988637,0.01956798372072392,10.541793270936834,8.333227810329861,100
bunny30k,direct,3,90.217768193954,78.1875,1264.0625,116.92378143649105,12.960172234046327,3.9364091580502216,4.689330000000001,0.178903988183161,0.214,0,0,6.778740029542098,7.087580000000001,10.894481536189069,11.84023,90.21771168682237,12.0596484375,12.1224609375,0,100,0,0,0,0,0
bunny30k,inline,3,79.069730235612,93.875,1265.6875,115.1505817839775,14.563168666549359,3.9207615838247682,4.3757,0.818866048862679,0.872400000000001,0,0,7.718233361415333,7.9793600000000025,12.45823841617523,13.127560000000004,79.07114787983264,13.747265625,13.576281738281256,0,100,0,0,0,0,0
render50k,threaded,3,39.774955163816,135.25,702.294921875,99.01053330826954,24.892682568839504,6.190340604026845,7.654799999999999,1.0075855704697987,1.1844999999999994,0.0015369127516778524,0.0061999999999998185,14.091692953020134,14.728549999999997,24.930409395973154,26.618799999999993,39.77977220314568,26.83543457031249,26.870739746093744,100,100,3.497750798262144,0.040646346969221106,21.662012863798157,8.34145081686006,66.83333333333333
render50k,scheduled,3,47.971086000566,135.25,1106.248046875,116.73736207690357,24.334942526739173,6.078240277777778,6.679239999999999,1.0429638888888888,1.1621999999999988,6.141376388888889,13.87,14.376458333333334,15.287479999999999,30.466483333333333,35.90903999999999,48.032803653015634,36.051552734375,28.07910400390625,49.861111111111114,100,0.09510904947916667,0.019558376736111112,20.74758504231771,10.426608851090167,99.93055555555556
render50k,direct,3,52.54930708336,93.875,1082.2421875,114.39366895833705,21.76882537706389,6.148584283903675,6.64412,0.349404309252218,0.47012,0,0,12.361812420785805,12.76072,18.860183776932825,19.55252,52.54965845265114,19.8509375,19.759453125,100,100,0,0,0,0,0
render50k,inline,3,46.460505612718,112.6875,1067.00390625,112.99131664353325,24.3198637538295,6.082388809182209,6.83676,1.2737331420373028,1.3791999999999998,0,0,14.008985652797705,14.616439999999999,21.365509325681494,22.509599999999992,46.4617940348235,22.697106933593748,22.74078369140625,100,100,0,0,0,0,0
simulation,threaded,3,41.087272033948,65.125,1045.759765625,78.93389443684767,19.21127651688076,16.348766612641814,16.72324,0.03783306320907617,0.095,0.0024343598055105347,0.01,0.5131393841166937,0.6192000000000002,24.187376012965963,25.91776,41.06920140644097,26.0341796875,26.03612060546875,97.72727272727273,100,7.259673824959481,0.03501578011041329,17.006695863300244,8.33331756337625,65.87125416204216
simulation,scheduled,3,60.598666945218,65.125,996.279296875,113.02874963920102,18.65201915107811,16.340349118942733,17.07593,0.04148237885462555,0.081,0.002142070484581498,0.01,0.4921729074889868,0.58993,21.497364537444934,25.678019999999997,60.601109124550526,17.294633789062498,24.96599609375,12.555066079295155,96.25550660792952,0.046756555538366336,0.0029331790600935093,16.429099843578108,8.33330189406441,99.55555555555556
simulation,direct,3,58.781111244742,54.25,1016.54296875,108.59025815281387,18.47366540940094,16.32529171396141,16.6512,0.016337116912599318,0.031,0,0,0.49165266742338254,0.6016000000000001,16.83361293984109,17.2018,58.78149512474902,17.44644287109375,17.406005859375,18.955732122587968,100,0,0,0,0,0
simulation,inline,3,58.631174591632,54.25,1049.37890625,108.64050269601005,18.52947744142849,16.310708759954494,16.61666,0.03815585893060296,0.06188000000000011,0,0,0.5280898748577929,0.64,16.87735494880546,17.2012,58.630508094788254,17.5051318359375,17.446240234375,27.64505119453925,100,0,0,0,0,0
balanced,threaded,3,55.304246867107,78.1875,1071.30078125,97.05145424972885,17.548644045897245,12.245178313253012,15.32855,0.2456,0.3,0.0016674698795180723,0.01,2.8446,3.0218100000000003,17.924207228915662,25.661360000000002,55.29787702606824,25.811933593750002,25.811474609375,27.98552472858866,100,2.5702221973832833,0.028790650884789156,15.463768942959337,8.333322347005208,53.91449194891727
balanced,scheduled,3,77.917157808969,78.1875,1049.61328125,135.73517848291374,17.420447857671903,12.412660102739727,15.19232,0.2319820205479452,0.296,0.001726027397260274,0.01,2.8506327054794522,3.0116499999999995,19.75607705479452,25.842429999999993,77.91003709454277,16.382573242187497,17.94791748046875,7.363013698630137,57.27739726027398,0.05329282840568862,0.020846977919161677,12.742645916314691,8.333288845486111,99.55580233203776
balanced,direct,3,65.077518226568,65.125,1067.546875,110.76927281117783,17.021127392340553,12.534706967213115,15.469750000000001,0.06825819672131148,0.095,0,0,2.5736782786885244,2.73425,15.177021516393443,18.116,65.08126228374036,18.329755859375,18.354736328125,9.221311475409836,100,0,0,0,0,0
balanced,inline,3,62.662285305769,65.125,1033.580078125,110.35102148924247,17.61043679635524,12.45885744680851,15.3344,0.2562244680851064,0.304,0,0,3.0587808510638297,3.23905,15.774297872340426,18.68099,62.657373717251936,18.865366210937502,18.8651318359375,14.802981895633652,100,0,0,0,0,0
fill,threaded,3,60.001944415477,78.1875,1074.53515625,80.2339015737931,13.37188358734212,0.99134628190899,1.709,0.23281021087680356,0.31,0.0013917869034406215,0.006,9.469768035516093,9.955,16.508328523862374,17.719,59.99881545307382,17.88505859375,17.841103515625,16.444444444444446,100,5.776639237652608,0.03583691731409545,10.844746614005272,8.334056085377915,50.0
fill,scheduled,3,80.828272486953,78.1875,1031.46875,103.16884105307756,12.763954725090864,0.8232629843363561,1.3303999999999994,0.22386397361912613,0.27,6.4015688375927455,14.538199999999998,9.591530090684254,10.175,19.105524319868096,25.487999999999992,80.83758868931095,25.53947509765625,17.000869140625,0.5775577557755776,100,0.05793821330121599,0.01866136065024732,12.289401640109748,8.333929955661132,99.27777777777777
fill,direct,3,106.79976675021,65.125,1036.150390625,120.46151594030347,11.279192792812594,1.017679351216469,1.33098,0.06542108546475359,0.095,0,0,8.095301933873987,8.425,9.17879787897692,9.64078,106.7991447724735,10.30453125,10.3349609375,0,95.44319600499375,0,0,0,0,0
fill,inline,3,90.7730413075,65.125,1031.947265625,118.71649264212006,13.078386592772592,1.1084493392070485,1.4293900000000002,0.260276798825257,0.3143900000000001,0,0,9.458741556534507,9.888900000000001,10.82784140969163,11.51734,90.77278344504475,12.009228515625,12.112988281250002,0,100,0,0,0,0,0
