case,mode,repeat,worker_stack_mib,sprite_frames_mib,sprite_scratch_mib,component_metadata_mib,component_uploads_mib,component_constants_mib,gpu_sprite_logical_mib,sprite_worlds
gameplay_long,direct,1,0.0,0.0,0.00140380859375,0,0.0,0.0,0.00061798095703125,1
gameplay_long,deferred_5m,1,5.0,0.0445404052734375,0.00140380859375,0.0215911865234375,0.13280487060546875,0.000823974609375,0.00061798095703125,1
gameplay_long,deferred_2m,1,2.0,0.0445404052734375,0.00140380859375,0.0215911865234375,0.13280487060546875,0.000823974609375,0.00061798095703125,1
gameplay_long,deferred_5m,2,5.0,0.0445404052734375,0.00140380859375,0.0215911865234375,0.10155487060546875,0.000823974609375,0.00061798095703125,1
gameplay_long,deferred_2m,2,2.0,0.0445404052734375,0.00140380859375,0.0215911865234375,0.13280487060546875,0.000823974609375,0.00061798095703125,1
gameplay_long,direct,2,0.0,0.0,0.00140380859375,0,0.0,0.0,0.00061798095703125,1
gameplay_long,deferred_2m,3,2.0,0.0445404052734375,0.00140380859375,0.0215911865234375,0.10155487060546875,0.000823974609375,0.00061798095703125,1
gameplay_long,direct,3,0.0,0.0,0.00140380859375,0,0.0,0.0,0.00061798095703125,1
gameplay_long,deferred_5m,3,5.0,0.0445404052734375,0.00140380859375,0.0215911865234375,0.13280487060546875,0.000823974609375,0.00061798095703125,1
bunny30k,direct,1,0.0,0.0,4.120395660400391,0,0.0,0.0,3.4332275390625,1
bunny30k,deferred_5m,1,5.0,6.6785736083984375,4.120395660400391,0.0214691162109375,0.0009765625,0.0,3.4332275390625,1
bunny30k,deferred_2m,1,2.0,6.6785736083984375,4.120395660400391,0.0214691162109375,0.0009765625,0.0,3.4332275390625,1
geometry1000,direct,1,0.0,0.0,0.0,0,0.0,0.0,0.0,1
geometry1000,deferred_5m,1,5.0,0.000823974609375,0.0,2.4445877075195312,1.503173828125,2.5072784423828125,0.0,1
geometry1000,deferred_2m,1,2.0,0.000823974609375,0.0,2.4445877075195312,1.503173828125,2.5072784423828125,0.0,1
bunny30k,deferred_5m,2,5.0,6.6785736083984375,4.120395660400391,0.0214691162109375,0.0009765625,0.0,3.4332275390625,1
bunny30k,deferred_2m,2,2.0,6.6785736083984375,4.120395660400391,0.0214691162109375,0.0009765625,0.0,3.4332275390625,1
bunny30k,direct,2,0.0,0.0,4.120395660400391,0,0.0,0.0,3.4332275390625,1
geometry1000,deferred_5m,2,5.0,0.000823974609375,0.0,2.4445877075195312,1.503173828125,2.5072784423828125,0.0,1
geometry1000,deferred_2m,2,2.0,0.000823974609375,0.0,2.4445877075195312,1.503173828125,2.5072784423828125,0.0,1
geometry1000,direct,2,0.0,0.0,0.0,0,0.0,0.0,0.0,1
bunny30k,deferred_2m,3,2.0,6.6785736083984375,4.120395660400391,0.0214691162109375,0.0009765625,0.0,3.4332275390625,1
bunny30k,direct,3,0.0,0.0,4.120395660400391,0,0.0,0.0,3.4332275390625,1
bunny30k,deferred_5m,3,5.0,6.6785736083984375,4.120395660400391,0.0214691162109375,0.0009765625,0.0,3.4332275390625,1
geometry1000,deferred_2m,3,2.0,0.000823974609375,0.0,2.4445877075195312,1.503173828125,2.5072784423828125,0.0,1
geometry1000,direct,3,0.0,0.0,0.0,0,0.0,0.0,0.0,1
geometry1000,deferred_5m,3,5.0,0.000823974609375,0.0,2.4445877075195312,1.503173828125,2.5072784423828125,0.0,1
