# sanitizer=none; frame includes scheduling, content preparation and structural edits; validation excluded
# tasks: 0=movement,1=explosion,2=regenerate,3=nearby_lights; Bevy automatic conflicts; par_iter batches of 4096; row work stays on the configured pool; separate schedule coordinator
# memory=Rust global allocator; combined world+scheduler in store columns; excludes libc/pthread malloc, OS thread stacks, allocator headers and TSAN runtime; timings not comparable
backend,workers,frame,live_rows,frame_us,mutation_us,busy_attempts,access_wait_us,admission_order,light_sum,store_requests,store_delta_bytes,job_requests,job_delta_bytes,caller_requests,caller_delta_bytes,resource_requests,resource_delta_bytes,peak_additional_bytes,update_store_requests,stream_store_requests,movement_wait_us,explosion_wait_us,regenerate_wait_us,lights_wait_us,content_spawned,content_despawned,enemies_spawned,enemies_despawned,live_enemies
Bevy,8,0,1163300,7267,6386,,,3120,22173.078125001,598,60011896,0,0,0,0,0,0,60026296,486,112,,,,,2700,2700,163300,0,403300
Bevy,8,1,1155200,2362,1461,,,3120,22173.078124998,585,2197952,0,0,0,0,0,0,2212352,565,20,,,,,100,100,16600,24700,395200
Bevy,8,2,1053000,5904,5009,,,3120,22173.078124998,573,11471456,0,0,0,0,0,0,11478656,549,24,,,,,7800,7800,0,102200,293000
Bevy,8,3,1015100,2929,2105,,,3120,22173.078124999,471,5277696,0,0,0,0,0,0,5292096,466,5,,,,,5200,5200,3000,40900,255100
Bevy,8,4,1000000,1554,796,,,3120,22173.078124999,441,196608,0,0,0,0,0,0,203808,438,3,,,,,2600,2600,0,15100,240000
Bevy,8,5,1000000,770,11,,,3120,22173.078125000,433,1120,0,0,0,0,0,0,54104,433,0,,,,,100,100,0,0,240000
Bevy,8,6,1074500,2515,1823,,,3120,22173.078125001,432,36864,0,0,0,0,0,0,60264,430,2,,,,,7700,7700,74500,0,314500
Bevy,8,7,1000000,4009,3235,,,3120,22173.078124999,484,16842752,0,0,0,0,0,0,16849952,479,5,,,,,5200,5200,0,74500,240000
Bevy,8,8,1118800,2813,2100,,,3120,22173.078124998,431,393216,0,0,0,0,0,0,407616,428,3,,,,,2800,2800,118800,0,358800
Bevy,8,9,1082400,3247,2387,,,3120,22173.078124999,517,0,0,0,0,0,0,0,66600,517,0,,,,,300,300,12500,48900,322400
Bevy,8,10,1000000,4706,3766,,,3120,22173.078124998,487,65536,0,0,0,0,0,0,73384,486,1,,,,,7900,7900,0,82400,240000
Bevy,8,11,1008500,1213,527,,,3120,22173.078124999,430,1120,0,0,0,0,0,0,61384,430,0,,,,,5300,5300,8500,0,248500
Bevy,8,12,1000000,1297,532,,,3120,22173.078124997,430,0,0,0,0,0,0,0,53304,430,0,,,,,2700,2700,0,8500,240000
Bevy,8,13,1000000,818,20,,,3120,22173.078124997,424,0,0,0,0,0,0,0,53448,424,0,,,,,200,200,0,0,240000
Bevy,8,14,1030000,1904,1247,,,3120,22173.078125000,431,139264,0,0,0,0,0,0,153664,429,2,,,,,7800,7800,30000,0,270000
Bevy,8,15,1000000,2310,1515,,,3120,22173.078125000,446,0,0,0,0,0,0,0,72808,446,0,,,,,5300,5300,0,30000,240000
Bevy,8,16,1120700,3405,2720,,,3120,22173.078124997,430,786432,0,0,0,0,0,0,800832,427,3,,,,,2900,2900,120700,0,360700
Bevy,8,17,1106200,2592,1710,,,3120,22173.078125000,521,8388608,0,0,0,0,0,0,8403008,520,1,,,,,400,400,18000,32500,346200
Bevy,8,18,1046700,3883,3029,,,3120,22173.078124999,508,25165824,0,0,0,0,0,0,25173024,505,3,,,,,8000,8000,0,59500,286700
Bevy,8,19,1004500,3068,2252,,,3120,22173.078125000,459,0,0,0,0,0,0,0,61680,459,0,,,,,5500,5500,4500,46700,244500
Bevy,8,20,1000000,1112,386,,,3120,22173.078125000,430,131072,0,0,0,0,0,0,138272,429,1,,,,,2900,2900,0,4500,240000
Bevy,8,21,1000000,697,29,,,3120,22173.078124997,426,0,0,0,0,0,0,0,53064,426,0,,,,,300,300,0,0,240000
Bevy,8,22,1031900,1879,1130,,,3120,22173.078124998,424,0,0,0,0,0,0,0,59904,424,0,,,,,7900,7900,31900,0,271900
Bevy,8,23,1000000,2423,1711,,,3120,22173.078124996,449,0,0,0,0,0,0,0,55488,449,0,,,,,5400,5400,0,31900,240000
Bevy,8,24,1122600,3034,2305,,,3120,22173.078124999,427,0,0,0,0,0,0,0,60768,427,0,,,,,3000,3000,122600,0,362600
Bevy,8,25,1139400,1803,901,,,3102,22173.078124999,520,0,0,0,0,0,0,0,69480,520,0,,,,,500,500,23500,6700,379400
Bevy,8,26,1078000,4085,3253,,,3120,22173.078124999,536,16384,0,0,0,0,0,0,62736,535,1,,,,,8100,8100,0,61400,318000
Bevy,8,27,1055600,3670,2695,,,3120,22173.078124999,485,262144,0,0,0,0,0,0,276544,484,1,,,,,5600,5600,10000,32400,295600
Bevy,8,28,1000000,4274,3435,,,3120,22173.078124995,470,0,0,0,0,0,0,0,73384,470,0,,,,,3000,3000,0,55600,240000
Bevy,8,29,1000000,799,43,,,3120,22173.078124998,424,0,0,0,0,0,0,0,53064,424,0,,,,,400,400,0,0,240000
Bevy,8,30,1033800,1863,1156,,,3120,22173.078125000,429,0,0,0,0,0,0,0,60768,429,0,,,,,8100,8100,33800,0,273800
Bevy,8,31,1000000,2670,1815,,,3120,22173.078124999,454,1572864,0,0,0,0,0,0,1580064,451,3,,,,,5500,5500,0,33800,240000
