# sanitizer=thread; validation only; do not compare these timings
# tasks: 0=movement,1=explosion,2=regenerate,3=nearby_lights; 4096 rows/job; seeded candidate order; caller sleeps 1 us when completion polling makes no progress
# memory=C++ new/delete including dlib arrays; excludes malloc in libc/thread runtime, OS thread stacks, allocator headers and TSAN runtime; timings not comparable
backend,workers,frame,live_rows,frame_us,mutation_us,busy_attempts,access_wait_us,admission_order,light_sum,store_requests,store_delta_bytes,job_requests,job_delta_bytes,caller_requests,caller_delta_bytes,resource_requests,resource_delta_bytes,peak_additional_bytes,update_store_requests,stream_store_requests,movement_wait_us,explosion_wait_us,regenerate_wait_us,lights_wait_us,content_spawned,content_despawned,enemies_spawned,enemies_despawned,live_enemies
Defold,1,0,1163300,101402,28552,7015,31457,0231,22173.078125000,106,32480176,12,27648,0,0,0,0,37786544,6,100,3,31448,3,3,2700,2700,163300,0,403300
Defold,1,1,1155200,128838,11999,23646,111674,3102,22173.078125000,26,2015400,3,6912,0,0,0,0,2546600,2,24,55767,5,55898,4,100,100,16600,24700,395200
Defold,1,2,1053000,168402,45017,14581,63480,0231,22173.078125000,74,617360,3,6912,0,0,0,0,648848,1,73,6,63462,7,5,7800,7800,0,102200,293000
Defold,1,3,1015100,129736,20688,18200,83506,1320,22173.078125000,85,816368,0,0,0,0,0,0,881904,2,83,41823,7,41671,5,5200,5200,3000,40900,255100
Defold,1,4,1000000,109215,9269,17320,75285,1302,22173.078125000,59,-17336848,0,0,0,0,0,0,792,3,56,37594,11,37674,6,2600,2600,0,15100,240000
Defold,1,5,1000000,97871,94,20550,102840,3120,22173.078125000,2,61168,0,0,0,0,0,0,61168,1,1,51497,8,51329,6,100,100,0,0,240000
Defold,1,6,1074500,118113,16854,13541,62536,3201,22173.078125000,102,8289136,0,0,0,0,0,0,10386288,2,100,10,62505,10,11,7700,7700,74500,0,314500
Defold,1,7,1000000,147399,34005,11567,55889,0231,22173.078125000,71,-7145616,0,0,0,0,0,0,512,2,69,13,55851,14,11,5200,5200,0,74500,240000
Defold,1,8,1118800,123991,22584,12734,62468,3021,22173.078125000,92,8215152,0,0,0,0,0,0,10095216,3,89,8,62432,17,11,2800,2800,118800,0,358800
Defold,1,9,1082400,142762,22243,15832,74746,3021,22173.078125000,40,1067760,0,0,0,0,0,0,1329904,2,38,11,74704,21,10,300,300,12500,48900,322400
Defold,1,10,1000000,156389,39125,15532,72915,3021,22173.078125000,75,-8248208,0,0,0,0,0,0,1560,3,72,12,72865,27,11,7900,7900,0,82400,240000
Defold,1,11,1008500,105891,5002,12481,62294,3021,22173.078125000,85,1503216,0,0,0,0,0,0,1765360,2,83,10,62254,22,8,5300,5300,8500,0,248500
Defold,1,12,1000000,107878,5190,17876,78619,1320,22173.078125000,57,-684304,0,0,0,0,0,0,24,1,56,39370,15,39218,16,2700,2700,0,8500,240000
Defold,1,13,1000000,100500,181,12306,61054,3021,22173.078125000,14,78064,0,0,0,0,0,0,78064,1,13,13,61004,28,9,200,200,0,0,240000
Defold,1,14,1030000,113353,10031,12209,62067,3201,22173.078125000,95,2621552,0,0,0,0,0,0,3091568,2,93,25,62014,19,9,7800,7800,30000,0,270000
Defold,1,15,1000000,125423,15478,15944,68548,0321,22173.078125000,71,-1477264,0,0,0,0,0,0,1024,2,69,19,68479,33,17,5300,5300,0,30000,240000
Defold,1,16,1120700,127187,21083,19698,112339,3120,22173.078125000,92,8215408,0,0,0,0,0,0,10095472,3,89,56252,21,56051,15,2900,2900,120700,0,360700
Defold,1,17,1106200,142342,16634,19730,92794,1320,22173.078125000,45,2044144,0,0,0,0,0,0,2568432,2,43,46425,23,46324,22,400,400,18000,32500,346200
Defold,1,18,1046700,156286,29448,18283,79706,2301,22173.078125000,73,617200,0,0,0,0,0,0,641776,1,72,35,79623,24,24,8000,8000,0,59500,286700
Defold,1,19,1004500,138681,24654,21446,115161,3120,22173.078125000,85,-8728336,0,0,0,0,0,0,48,2,83,57648,31,57465,17,5500,5500,4500,46700,244500
Defold,1,20,1000000,108239,3872,17840,78579,1320,22173.078125000,63,-187664,0,0,0,0,0,0,24,1,62,39352,20,39181,26,2900,2900,0,4500,240000
Defold,1,21,1000000,104422,263,12561,65162,3021,22173.078125000,23,93704,0,0,0,0,0,0,95240,3,20,24,65066,56,16,300,300,0,0,240000
Defold,1,22,1031900,113862,10124,18820,108337,3102,22173.078125000,94,2621040,0,0,0,0,0,0,3091056,2,92,54089,32,54200,16,7900,7900,31900,0,271900
Defold,1,23,1000000,126588,16809,5082,53124,2031,22173.078125000,70,-1474168,0,0,0,0,0,0,24,1,69,36,53020,26,42,5400,5400,0,31900,240000
Defold,1,24,1122600,124651,21767,4821,48794,2031,22173.078125000,92,8219016,0,0,0,0,0,0,10099080,2,90,39,48690,21,44,3000,3000,122600,0,362600
Defold,1,25,1139400,134493,7299,20102,93372,1302,22173.078125000,46,2045680,0,0,0,0,0,0,2569968,2,44,46569,32,46730,41,500,500,23500,6700,379400
Defold,1,26,1078000,161737,30266,16430,82625,3021,22173.078125000,73,617200,0,0,0,0,0,0,641776,1,72,34,82494,73,24,8100,8100,0,61400,318000
Defold,1,27,1055600,141263,18242,20074,91538,1320,22173.078125000,87,1568752,0,0,0,0,0,0,1830896,2,85,45828,43,45623,44,5600,5600,10000,32400,295600
Defold,1,28,1000000,151049,26145,18477,79329,0321,22173.078125000,59,-10489872,0,0,0,0,0,0,24,1,58,26,79184,81,38,3000,3000,0,55600,240000
Defold,1,29,1000000,109888,292,12675,68631,3021,22173.078125000,25,94576,0,0,0,0,0,0,96624,1,24,35,68491,82,23,400,400,0,0,240000
Defold,1,30,1033800,120556,11231,15831,68281,2301,22173.078125000,97,4457072,0,0,0,0,0,0,5505648,2,95,68,68144,26,43,8100,8100,33800,0,273800
Defold,1,31,1000000,135303,17577,18532,88835,1302,22173.078125000,73,-3245712,0,0,0,0,0,0,2072,2,71,44288,40,44449,58,5500,5500,0,33800,240000
Defold,2,0,1163300,64562,28666,3360,15710,0231,22173.078125000,106,32480176,12,27648,0,0,0,0,37786544,6,100,3,15701,3,3,2700,2700,163300,0,403300
Defold,2,1,1155200,72013,11956,11580,55997,3102,22173.078125000,26,2015400,3,6912,0,0,0,0,2546600,2,24,27933,5,28054,5,100,100,16600,24700,395200
Defold,2,2,1053000,111781,44726,7183,34810,0231,22173.078125000,74,617360,3,6912,0,0,0,0,648848,1,73,6,34790,8,6,7800,7800,0,102200,293000
Defold,2,3,1015100,79297,20387,9298,44469,1320,22173.078125000,85,816368,0,0,0,0,0,0,881904,2,83,22302,7,22154,6,5200,5200,3000,40900,255100
Defold,2,4,1000000,64754,9812,8800,41680,1302,22173.078125000,59,-17336848,0,0,0,0,0,0,792,3,56,20791,11,20872,6,2600,2600,0,15100,240000
Defold,2,5,1000000,53835,101,11162,56194,3120,22173.078125000,2,61168,0,0,0,0,0,0,61168,1,1,28178,8,28003,5,100,100,0,0,240000
Defold,2,6,1074500,71535,17001,7017,33378,3201,22173.078125000,102,8289136,0,0,0,0,0,0,10386288,2,100,11,33351,9,7,7700,7700,74500,0,314500
Defold,2,7,1000000,95396,33916,6011,30021,0231,22173.078125000,71,-7145616,0,0,0,0,0,0,512,2,69,14,29981,14,12,5200,5200,0,74500,240000
Defold,2,8,1118800,75679,20585,6888,33546,3021,22173.078125000,92,8215152,0,0,0,0,0,0,10095216,3,89,7,33511,17,11,2800,2800,118800,0,358800
Defold,2,9,1082400,87444,22208,7802,40506,3021,22173.078125000,40,1067760,0,0,0,0,0,0,1329904,2,38,12,40463,21,10,300,300,12500,48900,322400
Defold,2,10,1000000,102918,39561,7718,39429,3021,22173.078125000,75,-8248208,0,0,0,0,0,0,1560,3,72,13,39379,27,10,7900,7900,0,82400,240000
Defold,2,11,1008500,59725,4774,6579,33839,3021,22173.078125000,85,1503216,0,0,0,0,0,0,1765360,2,83,12,33794,23,10,5300,5300,8500,0,248500
Defold,2,12,1000000,60756,5117,9314,42538,1320,22173.078125000,57,-684304,0,0,0,0,0,0,24,1,56,21327,15,21180,16,2700,2700,0,8500,240000
Defold,2,13,1000000,55978,175,6622,34406,3021,22173.078125000,14,78064,0,0,0,0,0,0,78064,1,13,13,34355,28,10,200,200,0,0,240000
Defold,2,14,1030000,64660,9713,6507,33373,3201,22173.078125000,95,2621552,0,0,0,0,0,0,3091568,2,93,25,33314,22,12,7800,7800,30000,0,270000
Defold,2,15,1000000,72860,15509,7876,35104,0321,22173.078125000,71,-1477264,0,0,0,0,0,0,1024,2,69,16,35042,32,14,5300,5300,0,30000,240000
Defold,2,16,1120700,76306,21639,10362,57218,3120,22173.078125000,92,8215408,0,0,0,0,0,0,10095472,3,89,28685,24,28493,16,2900,2900,120700,0,360700
Defold,2,17,1106200,82526,17112,10186,48072,1320,22173.078125000,45,2044144,0,0,0,0,0,0,2568432,2,43,24080,25,23943,24,400,400,18000,32500,346200
Defold,2,18,1046700,95963,29108,9356,41194,2301,22173.078125000,73,617200,0,0,0,0,0,0,641776,1,72,37,41105,25,27,8000,8000,0,59500,286700
Defold,2,19,1004500,85990,25083,11068,61946,3120,22173.078125000,85,-8728336,0,0,0,0,0,0,48,2,83,31050,34,30845,17,5500,5500,4500,46700,244500
Defold,2,20,1000000,59354,3797,8840,42872,1320,22173.078125000,63,-187664,0,0,0,0,0,0,24,1,62,21507,18,21322,25,2900,2900,0,4500,240000
Defold,2,21,1000000,54892,249,6411,33655,3021,22173.078125000,23,93704,0,0,0,0,0,0,95240,3,20,23,33565,54,13,300,300,0,0,240000
Defold,2,22,1031900,64599,10086,9922,57911,3102,22173.078125000,94,2621040,0,0,0,0,0,0,3091056,2,92,28874,36,28985,16,7900,7900,31900,0,271900
Defold,2,23,1000000,73986,16554,2446,27682,2031,22173.078125000,70,-1474168,0,0,0,0,0,0,24,1,69,36,27564,28,54,5400,5400,0,31900,240000
Defold,2,24,1122600,76196,21453,2248,25655,2031,22173.078125000,92,8219016,0,0,0,0,0,0,10099080,2,90,41,25546,22,46,3000,3000,122600,0,362600
Defold,2,25,1139400,73804,7275,10438,48986,1302,22173.078125000,46,2045680,0,0,0,0,0,0,2569968,2,44,24370,33,24545,38,500,500,23500,6700,379400
Defold,2,26,1078000,99461,30371,8347,42964,3021,22173.078125000,73,617200,0,0,0,0,0,0,641776,1,72,37,42822,80,25,8100,8100,0,61400,318000
Defold,2,27,1055600,83180,19177,10308,48225,1320,22173.078125000,87,1568752,0,0,0,0,0,0,1830896,2,85,24188,33,23954,50,5600,5600,10000,32400,295600
Defold,2,28,1000000,89594,26218,8579,38621,0321,22173.078125000,59,-10489872,0,0,0,0,0,0,24,1,58,26,38475,82,38,3000,3000,0,55600,240000
Defold,2,29,1000000,57422,310,6076,34616,3021,22173.078125000,25,94576,0,0,0,0,0,0,96624,1,24,37,34474,83,22,400,400,0,0,240000
Defold,2,30,1033800,69038,11146,7958,35014,2301,22173.078125000,97,4457072,0,0,0,0,0,0,5505648,2,95,68,34868,31,47,8100,8100,33800,0,273800
Defold,2,31,1000000,78475,17579,10340,46899,1302,22173.078125000,73,-3245712,0,0,0,0,0,0,2072,2,71,23327,33,23483,56,5500,5500,0,33800,240000
Defold,4,0,1163300,58863,28485,1969,11129,0231,22173.078125000,106,32480176,12,27648,0,0,0,0,37786544,6,100,3,11119,4,3,2700,2700,163300,0,403300
Defold,4,1,1155200,62861,12380,7608,54280,3102,22173.078125000,26,2015400,3,6912,0,0,0,0,2546600,2,24,27063,5,27208,4,100,100,16600,24700,395200
Defold,4,2,1053000,97315,45340,4752,23256,0231,22173.078125000,74,617360,3,6912,0,0,0,0,648848,1,73,5,23238,8,5,7800,7800,0,102200,293000
Defold,4,3,1015100,66414,21073,8014,37769,1320,22173.078125000,85,816368,0,0,0,0,0,0,881904,2,83,18952,7,18805,5,5200,5200,3000,40900,255100
Defold,4,4,1000000,52332,9666,7538,35842,1302,22173.078125000,59,-17336848,0,0,0,0,0,0,792,3,56,17870,12,17953,7,2600,2600,0,15100,240000
Defold,4,5,1000000,42126,105,9854,49816,3120,22173.078125000,2,61168,0,0,0,0,0,0,61168,1,1,25001,9,24801,5,100,100,0,0,240000
Defold,4,6,1074500,69288,17931,4628,29909,3201,22173.078125000,102,8289136,0,0,0,0,0,0,10386288,2,100,18,29874,11,6,7700,7700,74500,0,314500
Defold,4,7,1000000,81244,33720,3785,20002,0231,22173.078125000,71,-7145616,0,0,0,0,0,0,512,2,69,15,19959,16,12,5200,5200,0,74500,240000
Defold,4,8,1118800,63810,21529,4643,24183,3021,22173.078125000,92,8215152,0,0,0,0,0,0,10095216,3,89,10,24142,19,12,2800,2800,118800,0,358800
Defold,4,9,1082400,72951,22728,5492,28931,3021,22173.078125000,40,1067760,0,0,0,0,0,0,1329904,2,38,13,28885,22,11,300,300,12500,48900,322400
Defold,4,10,1000000,90197,41209,5284,28314,3021,22173.078125000,75,-8248208,0,0,0,0,0,0,1560,3,72,13,28252,37,12,7900,7900,0,82400,240000
Defold,4,11,1008500,47550,4972,4524,24431,3021,22173.078125000,85,1503216,0,0,0,0,0,0,1765360,2,83,12,24388,23,8,5300,5300,8500,0,248500
Defold,4,12,1000000,47944,5339,7620,35802,1320,22173.078125000,57,-684304,0,0,0,0,0,0,24,1,56,17966,13,17810,13,2700,2700,0,8500,240000
Defold,4,13,1000000,42717,183,4255,24526,3021,22173.078125000,14,78064,0,0,0,0,0,0,78064,1,13,15,24469,30,12,200,200,0,0,240000
Defold,4,14,1030000,52414,9746,4229,24454,3201,22173.078125000,95,2621552,0,0,0,0,0,0,3091568,2,93,25,24398,20,11,7800,7800,30000,0,270000
Defold,4,15,1000000,59687,15635,5407,25408,0321,22173.078125000,71,-1477264,0,0,0,0,0,0,1024,2,69,16,25344,34,14,5300,5300,0,30000,240000
Defold,4,16,1120700,63103,20905,8622,49631,3120,22173.078125000,92,8215408,0,0,0,0,0,0,10095472,3,89,24905,23,24689,14,2900,2900,120700,0,360700
Defold,4,17,1106200,68311,17368,8728,41859,1320,22173.078125000,45,2044144,0,0,0,0,0,0,2568432,2,43,20969,25,20841,24,400,400,18000,32500,346200
Defold,4,18,1046700,80447,29539,6204,29201,2301,22173.078125000,73,617200,0,0,0,0,0,0,641776,1,72,41,29105,27,28,8000,8000,0,59500,286700
Defold,4,19,1004500,70419,24652,8788,52299,3120,22173.078125000,85,-8728336,0,0,0,0,0,0,48,2,83,26249,33,26001,16,5500,5500,4500,46700,244500
Defold,4,20,1000000,46334,3897,7138,35558,1320,22173.078125000,63,-187664,0,0,0,0,0,0,24,1,62,17838,24,17667,29,2900,2900,0,4500,240000
Defold,4,21,1000000,42692,254,3935,24325,3021,22173.078125000,23,93704,0,0,0,0,0,0,95240,3,20,23,24233,56,13,300,300,0,0,240000
Defold,4,22,1031900,52255,10466,8142,49328,3102,22173.078125000,94,2621040,0,0,0,0,0,0,3091056,2,92,24581,32,24702,13,7900,7900,31900,0,271900
Defold,4,23,1000000,60382,16496,1131,17925,2031,22173.078125000,70,-1474168,0,0,0,0,0,0,24,1,69,42,17808,28,47,5400,5400,0,31900,240000
Defold,4,24,1122600,62986,21356,1084,16824,2031,22173.078125000,92,8219016,0,0,0,0,0,0,10099080,2,90,41,16716,22,45,3000,3000,122600,0,362600
Defold,4,25,1139400,57433,6970,8662,40695,1302,22173.078125000,46,2045680,0,0,0,0,0,0,2569968,2,44,20228,33,20391,43,500,500,23500,6700,379400
Defold,4,26,1078000,84211,31065,5308,31013,3021,22173.078125000,73,617200,0,0,0,0,0,0,641776,1,72,35,30880,74,24,8100,8100,0,61400,318000
Defold,4,27,1055600,67715,18990,8212,39691,1320,22173.078125000,87,1568752,0,0,0,0,0,0,1830896,2,85,19914,32,19702,43,5600,5600,10000,32400,295600
Defold,4,28,1000000,72404,26001,5671,27396,0321,22173.078125000,59,-10489872,0,0,0,0,0,0,24,1,58,27,27236,90,43,3000,3000,0,55600,240000
Defold,4,29,1000000,41579,322,3924,23857,3021,22173.078125000,25,94576,0,0,0,0,0,0,96624,1,24,37,23717,83,20,400,400,0,0,240000
Defold,4,30,1033800,53019,10950,5050,24243,2301,22173.078125000,97,4457072,0,0,0,0,0,0,5505648,2,95,74,24094,27,48,8100,8100,33800,0,273800
Defold,4,31,1000000,62182,17909,7356,36625,1302,22173.078125000,73,-3245712,0,0,0,0,0,0,2072,2,71,18182,37,18349,57,5500,5500,0,33800,240000
Defold,8,0,1163300,60137,28815,1674,11270,0231,22173.078125000,106,32480176,12,27648,0,0,0,0,37786544,6,100,3,11255,8,4,2700,2700,163300,0,403300
Defold,8,1,1155200,60748,12497,7214,54648,3102,22173.078125000,26,2015400,3,6912,0,0,0,0,2546600,2,24,26849,11,27784,4,100,100,16600,24700,395200
Defold,8,2,1053000,94400,44811,2797,21387,0231,22173.078125000,74,617360,3,6912,0,0,0,0,648848,1,73,6,21362,11,8,7800,7800,0,102200,293000
Defold,8,3,1015100,65581,21008,5748,38906,1320,22173.078125000,85,816368,0,0,0,0,0,0,881904,2,83,19549,7,19344,6,5200,5200,3000,40900,255100
Defold,8,4,1000000,50139,9798,5228,35253,1302,22173.078125000,59,-17336848,0,0,0,0,0,0,792,3,56,17561,12,17672,8,2600,2600,0,15100,240000
Defold,8,5,1000000,40825,97,6204,50340,3120,22173.078125000,2,61168,0,0,0,0,0,0,61168,1,1,25313,17,25005,5,100,100,0,0,240000
Defold,8,6,1074500,57964,17401,3282,23086,3201,22173.078125000,102,8289136,0,0,0,0,0,0,10386288,2,100,15,23043,22,6,7700,7700,74500,0,314500
Defold,8,7,1000000,78102,33183,2642,18246,0231,22173.078125000,71,-7145616,0,0,0,0,0,0,512,2,69,14,18181,39,12,5200,5200,0,74500,240000
Defold,8,8,1118800,60939,20755,2978,22938,3021,22173.078125000,92,8215152,0,0,0,0,0,0,10095216,3,89,8,22902,18,10,2800,2800,118800,0,358800
Defold,8,9,1082400,71394,23099,3493,27747,3021,22173.078125000,40,1067760,0,0,0,0,0,0,1329904,2,38,13,27700,22,12,300,300,12500,48900,322400
Defold,8,10,1000000,86502,39932,3712,27045,3021,22173.078125000,75,-8248208,0,0,0,0,0,0,1560,3,72,17,26984,34,10,7900,7900,0,82400,240000
Defold,8,11,1008500,45633,5047,2749,23424,3021,22173.078125000,85,1503216,0,0,0,0,0,0,1765360,2,83,26,23358,32,8,5300,5300,8500,0,248500
Defold,8,12,1000000,45477,5274,5154,35203,1320,22173.078125000,57,-684304,0,0,0,0,0,0,24,1,56,17686,16,17480,21,2700,2700,0,8500,240000
Defold,8,13,1000000,40189,163,3003,22945,3021,22173.078125000,14,78064,0,0,0,0,0,0,78064,1,13,22,22876,37,10,200,200,0,0,240000
Defold,8,14,1030000,50301,10075,3060,23400,3201,22173.078125000,95,2621552,0,0,0,0,0,0,3091568,2,93,30,23285,76,9,7800,7800,30000,0,270000
Defold,8,15,1000000,56802,15696,3687,23862,0321,22173.078125000,71,-1477264,0,0,0,0,0,0,1024,2,69,21,23754,48,39,5300,5300,0,30000,240000
Defold,8,16,1120700,62728,21458,6250,52040,3120,22173.078125000,92,8215408,0,0,0,0,0,0,10095472,3,89,26117,70,25834,19,2900,2900,120700,0,360700
Defold,8,17,1106200,65380,16931,5568,42273,1320,22173.078125000,45,2044144,0,0,0,0,0,0,2568432,2,43,21238,24,20983,28,400,400,18000,32500,346200
Defold,8,18,1046700,76819,29820,4267,26658,2301,22173.078125000,73,617200,0,0,0,0,0,0,641776,1,72,56,26547,26,29,8000,8000,0,59500,286700
Defold,8,19,1004500,68845,25151,5744,52026,3120,22173.078125000,85,-8728336,0,0,0,0,0,0,48,2,83,26103,75,25830,18,5500,5500,4500,46700,244500
Defold,8,20,1000000,43433,3866,5068,34273,1320,22173.078125000,63,-187664,0,0,0,0,0,0,24,1,62,17220,20,16998,35,2900,2900,0,4500,240000
Defold,8,21,1000000,39395,253,2176,22242,3021,22173.078125000,23,93704,0,0,0,0,0,0,95240,3,20,34,22121,70,17,300,300,0,0,240000
Defold,8,22,1031900,50674,10678,3992,49185,3102,22173.078125000,94,2621040,0,0,0,0,0,0,3091056,2,92,24439,77,24652,17,7900,7900,31900,0,271900
Defold,8,23,1000000,57740,17239,629,16017,2031,22173.078125000,70,-1474168,0,0,0,0,0,0,24,1,69,57,15875,28,57,5400,5400,0,31900,240000
Defold,8,24,1122600,61373,22581,616,15493,2031,22173.078125000,92,8219016,0,0,0,0,0,0,10099080,2,90,63,15358,25,47,3000,3000,122600,0,362600
Defold,8,25,1139400,54439,7019,6280,41078,1302,22173.078125000,46,2045680,0,0,0,0,0,0,2569968,2,44,20386,33,20606,53,500,500,23500,6700,379400
Defold,8,26,1078000,79626,30337,3254,28387,3021,22173.078125000,73,617200,0,0,0,0,0,0,641776,1,72,70,28199,95,23,8100,8100,0,61400,318000
Defold,8,27,1055600,63523,18866,5786,39007,1320,22173.078125000,87,1568752,0,0,0,0,0,0,1830896,2,85,19597,33,19319,58,5600,5600,10000,32400,295600
Defold,8,28,1000000,68452,26451,3452,24465,0321,22173.078125000,59,-10489872,0,0,0,0,0,0,24,1,58,28,24270,116,51,3000,3000,0,55600,240000
Defold,8,29,1000000,38684,319,2401,22141,3021,22173.078125000,25,94576,0,0,0,0,0,0,96624,1,24,49,21968,102,22,400,400,0,0,240000
Defold,8,30,1033800,49706,11226,2822,21763,2301,22173.078125000,97,4457072,0,0,0,0,0,0,5505648,2,95,78,21601,31,53,8100,8100,33800,0,273800
Defold,8,31,1000000,57537,17436,4930,35433,1302,22173.078125000,73,-3245712,0,0,0,0,0,0,2072,2,71,17505,35,17825,68,5500,5500,0,33800,240000
