# packed_rows=0; repeated prototype values; Bevy always owns mutable component values
# Bevy ECS 0.19.1; seed=305419896; samples=7; one warmup; read_passes=5; damage=25; radii=17/36/63
# single-threaded World/QueryState; default table storage; normal change tracking; no rendering, schedule, serialization, reset/unload timing or disk I/O
# batches counts matched tables per query pass; fixture and caller ID arrays excluded from backend heap; no RSS or allocator overhead
backend,operation,rows,sample,operations,hits,batches,total_ms,ns_per_operation,checksum
bevy_columns,create_individual,1000000,1,1000000,0,0,67.724375,67.724,0.000000000
bevy_columns,create_bulk,1000000,1,1000000,0,0,51.668958,51.669,0.000000000
bevy_columns,create_queries,1000000,1,5,0,0,0.010125,2025.000,0.000000000
bevy_columns,spot_color,1000000,1,500000,0,5,0.358583,0.717,747606.289062500
bevy_columns,all_light_color,1000000,1,1250000,0,10,0.765542,0.612,1868922.539062500
bevy_columns,health_position,1000000,1,2500000,0,15,2.192334,0.877,371020340.000000000
bevy_columns,enemy_health_position,1000000,1,1200000,0,5,0.994709,0.829,178365505.000000000
bevy_columns,explosion_r50_first,1000000,1,500000,125290,3,1.502458,3.005,71071818.000000000
bevy_columns,shuffled_position,1000000,1,1000000,0,0,61.891584,61.892,-453538.000000000
bevy_columns,add_10pct_live_queries_batch100,1000000,1,100000,0,0,9.288625,92.886,0.000000000
bevy_columns,all_light_after_add,1000000,1,1375000,0,10,1.149917,0.836,2055966.582031250
bevy_columns,health_after_add,1000000,1,2750000,0,15,2.492291,0.906,408175930.000000000
bevy_columns,remove_1pct,1000000,1,10000,0,0,5.001708,500.171,0.000000000
bevy_columns,replace_1pct,1000000,1,10000,0,0,1.204750,120.475,0.000000000
bevy_columns,health_after_churn,1000000,1,2750000,0,15,2.384584,0.867,408175930.000000000
bevy_rows,create_individual,1000000,1,1000000,0,0,40.216417,40.216,0.000000000
bevy_rows,create_bulk,1000000,1,1000000,0,0,35.586667,35.587,0.000000000
bevy_rows,create_queries,1000000,1,5,0,0,0.016833,3366.600,0.000000000
bevy_rows,spot_color,1000000,1,500000,0,5,0.401084,0.802,747606.289062500
bevy_rows,all_light_color,1000000,1,1250000,0,10,0.844709,0.676,1868922.539062500
bevy_rows,health_position,1000000,1,2500000,0,15,2.017875,0.807,371020340.000000000
bevy_rows,enemy_health_position,1000000,1,1200000,0,5,0.935833,0.780,178365505.000000000
bevy_rows,explosion_r50_first,1000000,1,500000,125290,3,1.480375,2.961,71071818.000000000
bevy_rows,shuffled_position,1000000,1,1000000,0,0,69.143125,69.143,-453538.000000000
bevy_rows,add_10pct_live_queries_batch100,1000000,1,100000,0,0,6.973125,69.731,0.000000000
bevy_rows,all_light_after_add,1000000,1,1375000,0,10,1.759917,1.280,2055966.582031250
bevy_rows,health_after_add,1000000,1,2750000,0,15,2.989042,1.087,408175930.000000000
bevy_rows,remove_1pct,1000000,1,10000,0,0,3.538333,353.833,0.000000000
bevy_rows,replace_1pct,1000000,1,10000,0,0,0.883875,88.388,0.000000000
bevy_rows,health_after_churn,1000000,1,2750000,0,15,2.323375,0.845,408175930.000000000
bevy_rows,create_individual,1000000,2,1000000,0,0,39.737375,39.737,0.000000000
bevy_rows,create_bulk,1000000,2,1000000,0,0,35.511333,35.511,0.000000000
bevy_rows,create_queries,1000000,2,5,0,0,0.011291,2258.200,0.000000000
bevy_rows,spot_color,1000000,2,500000,0,5,0.375792,0.752,747606.289062500
bevy_rows,all_light_color,1000000,2,1250000,0,10,0.914583,0.732,1868922.539062500
bevy_rows,health_position,1000000,2,2500000,0,15,2.113000,0.845,371020340.000000000
bevy_rows,enemy_health_position,1000000,2,1200000,0,5,0.931250,0.776,178365505.000000000
bevy_rows,explosion_r50_first,1000000,2,500000,125290,3,1.547959,3.096,71071818.000000000
bevy_rows,shuffled_position,1000000,2,1000000,0,0,64.251000,64.251,-453538.000000000
bevy_rows,add_10pct_live_queries_batch100,1000000,2,100000,0,0,7.303709,73.037,0.000000000
bevy_rows,all_light_after_add,1000000,2,1375000,0,10,1.814250,1.319,2055966.582031250
bevy_rows,health_after_add,1000000,2,2750000,0,15,2.909167,1.058,408175930.000000000
bevy_rows,remove_1pct,1000000,2,10000,0,0,3.562542,356.254,0.000000000
bevy_rows,replace_1pct,1000000,2,10000,0,0,0.867875,86.787,0.000000000
bevy_rows,health_after_churn,1000000,2,2750000,0,15,2.051666,0.746,408175930.000000000
bevy_columns,create_individual,1000000,2,1000000,0,0,68.924875,68.925,0.000000000
bevy_columns,create_bulk,1000000,2,1000000,0,0,53.083250,53.083,0.000000000
bevy_columns,create_queries,1000000,2,5,0,0,0.010000,2000.000,0.000000000
bevy_columns,spot_color,1000000,2,500000,0,5,0.313500,0.627,747606.289062500
bevy_columns,all_light_color,1000000,2,1250000,0,10,0.823500,0.659,1868922.539062500
bevy_columns,health_position,1000000,2,2500000,0,15,2.182875,0.873,371020340.000000000
bevy_columns,enemy_health_position,1000000,2,1200000,0,5,1.025375,0.854,178365505.000000000
bevy_columns,explosion_r50_first,1000000,2,500000,125290,3,1.572666,3.145,71071818.000000000
bevy_columns,shuffled_position,1000000,2,1000000,0,0,57.058958,57.059,-453538.000000000
bevy_columns,add_10pct_live_queries_batch100,1000000,2,100000,0,0,9.344834,93.448,0.000000000
bevy_columns,all_light_after_add,1000000,2,1375000,0,10,1.152834,0.838,2055966.582031250
bevy_columns,health_after_add,1000000,2,2750000,0,15,2.691375,0.979,408175930.000000000
bevy_columns,remove_1pct,1000000,2,10000,0,0,4.593417,459.342,0.000000000
bevy_columns,replace_1pct,1000000,2,10000,0,0,1.245500,124.550,0.000000000
bevy_columns,health_after_churn,1000000,2,2750000,0,15,2.273500,0.827,408175930.000000000
bevy_columns,create_individual,1000000,3,1000000,0,0,66.951208,66.951,0.000000000
bevy_columns,create_bulk,1000000,3,1000000,0,0,51.367042,51.367,0.000000000
bevy_columns,create_queries,1000000,3,5,0,0,0.011292,2258.400,0.000000000
bevy_columns,spot_color,1000000,3,500000,0,5,0.367458,0.735,747606.289062500
bevy_columns,all_light_color,1000000,3,1250000,0,10,0.796916,0.638,1868922.539062500
bevy_columns,health_position,1000000,3,2500000,0,15,2.182292,0.873,371020340.000000000
bevy_columns,enemy_health_position,1000000,3,1200000,0,5,0.953500,0.795,178365505.000000000
bevy_columns,explosion_r50_first,1000000,3,500000,125290,3,1.506792,3.014,71071818.000000000
bevy_columns,shuffled_position,1000000,3,1000000,0,0,62.010750,62.011,-453538.000000000
bevy_columns,add_10pct_live_queries_batch100,1000000,3,100000,0,0,9.221125,92.211,0.000000000
bevy_columns,all_light_after_add,1000000,3,1375000,0,10,1.114333,0.810,2055966.582031250
bevy_columns,health_after_add,1000000,3,2750000,0,15,2.331750,0.848,408175930.000000000
bevy_columns,remove_1pct,1000000,3,10000,0,0,4.498250,449.825,0.000000000
bevy_columns,replace_1pct,1000000,3,10000,0,0,1.192500,119.250,0.000000000
bevy_columns,health_after_churn,1000000,3,2750000,0,15,2.322875,0.845,408175930.000000000
bevy_rows,create_individual,1000000,3,1000000,0,0,40.358042,40.358,0.000000000
bevy_rows,create_bulk,1000000,3,1000000,0,0,35.839583,35.840,0.000000000
bevy_rows,create_queries,1000000,3,5,0,0,0.010875,2175.000,0.000000000
bevy_rows,spot_color,1000000,3,500000,0,5,0.376542,0.753,747606.289062500
bevy_rows,all_light_color,1000000,3,1250000,0,10,0.913041,0.730,1868922.539062500
bevy_rows,health_position,1000000,3,2500000,0,15,2.163292,0.865,371020340.000000000
bevy_rows,enemy_health_position,1000000,3,1200000,0,5,0.921917,0.768,178365505.000000000
bevy_rows,explosion_r50_first,1000000,3,500000,125290,3,1.528708,3.057,71071818.000000000
bevy_rows,shuffled_position,1000000,3,1000000,0,0,63.892708,63.893,-453538.000000000
bevy_rows,add_10pct_live_queries_batch100,1000000,3,100000,0,0,7.166625,71.666,0.000000000
bevy_rows,all_light_after_add,1000000,3,1375000,0,10,1.732125,1.260,2055966.582031250
bevy_rows,health_after_add,1000000,3,2750000,0,15,2.780416,1.011,408175930.000000000
bevy_rows,remove_1pct,1000000,3,10000,0,0,4.211208,421.121,0.000000000
bevy_rows,replace_1pct,1000000,3,10000,0,0,0.826375,82.638,0.000000000
bevy_rows,health_after_churn,1000000,3,2750000,0,15,2.271834,0.826,408175930.000000000
bevy_rows,create_individual,1000000,4,1000000,0,0,40.171291,40.171,0.000000000
bevy_rows,create_bulk,1000000,4,1000000,0,0,34.928500,34.928,0.000000000
bevy_rows,create_queries,1000000,4,5,0,0,0.011917,2383.400,0.000000000
bevy_rows,spot_color,1000000,4,500000,0,5,0.411292,0.823,747606.289062500
bevy_rows,all_light_color,1000000,4,1250000,0,10,0.886916,0.710,1868922.539062500
bevy_rows,health_position,1000000,4,2500000,0,15,1.906584,0.763,371020340.000000000
bevy_rows,enemy_health_position,1000000,4,1200000,0,5,0.915458,0.763,178365505.000000000
bevy_rows,explosion_r50_first,1000000,4,500000,125290,3,1.459000,2.918,71071818.000000000
bevy_rows,shuffled_position,1000000,4,1000000,0,0,63.811083,63.811,-453538.000000000
bevy_rows,add_10pct_live_queries_batch100,1000000,4,100000,0,0,7.248500,72.485,0.000000000
bevy_rows,all_light_after_add,1000000,4,1375000,0,10,1.298166,0.944,2055966.582031250
bevy_rows,health_after_add,1000000,4,2750000,0,15,2.843625,1.034,408175930.000000000
bevy_rows,remove_1pct,1000000,4,10000,0,0,3.908375,390.837,0.000000000
bevy_rows,replace_1pct,1000000,4,10000,0,0,0.820125,82.013,0.000000000
bevy_rows,health_after_churn,1000000,4,2750000,0,15,2.371041,0.862,408175930.000000000
bevy_columns,create_individual,1000000,4,1000000,0,0,69.090000,69.090,0.000000000
bevy_columns,create_bulk,1000000,4,1000000,0,0,51.895750,51.896,0.000000000
bevy_columns,create_queries,1000000,4,5,0,0,0.009750,1950.000,0.000000000
bevy_columns,spot_color,1000000,4,500000,0,5,0.329417,0.659,747606.289062500
bevy_columns,all_light_color,1000000,4,1250000,0,10,0.742083,0.594,1868922.539062500
bevy_columns,health_position,1000000,4,2500000,0,15,2.090792,0.836,371020340.000000000
bevy_columns,enemy_health_position,1000000,4,1200000,0,5,0.998625,0.832,178365505.000000000
bevy_columns,explosion_r50_first,1000000,4,500000,125290,3,1.568000,3.136,71071818.000000000
bevy_columns,shuffled_position,1000000,4,1000000,0,0,57.757167,57.757,-453538.000000000
bevy_columns,add_10pct_live_queries_batch100,1000000,4,100000,0,0,9.623584,96.236,0.000000000
bevy_columns,all_light_after_add,1000000,4,1375000,0,10,1.198458,0.872,2055966.582031250
bevy_columns,health_after_add,1000000,4,2750000,0,15,2.589958,0.942,408175930.000000000
bevy_columns,remove_1pct,1000000,4,10000,0,0,4.594083,459.408,0.000000000
bevy_columns,replace_1pct,1000000,4,10000,0,0,1.186792,118.679,0.000000000
bevy_columns,health_after_churn,1000000,4,2750000,0,15,2.243833,0.816,408175930.000000000
bevy_columns,create_individual,1000000,5,1000000,0,0,66.520042,66.520,0.000000000
bevy_columns,create_bulk,1000000,5,1000000,0,0,51.159000,51.159,0.000000000
bevy_columns,create_queries,1000000,5,5,0,0,0.009917,1983.400,0.000000000
bevy_columns,spot_color,1000000,5,500000,0,5,0.304042,0.608,747606.289062500
bevy_columns,all_light_color,1000000,5,1250000,0,10,0.763667,0.611,1868922.539062500
bevy_columns,health_position,1000000,5,2500000,0,15,2.134583,0.854,371020340.000000000
bevy_columns,enemy_health_position,1000000,5,1200000,0,5,1.012792,0.844,178365505.000000000
bevy_columns,explosion_r50_first,1000000,5,500000,125290,3,1.526166,3.052,71071818.000000000
bevy_columns,shuffled_position,1000000,5,1000000,0,0,62.690542,62.691,-453538.000000000
bevy_columns,add_10pct_live_queries_batch100,1000000,5,100000,0,0,9.163084,91.631,0.000000000
bevy_columns,all_light_after_add,1000000,5,1375000,0,10,1.134792,0.825,2055966.582031250
bevy_columns,health_after_add,1000000,5,2750000,0,15,2.362625,0.859,408175930.000000000
bevy_columns,remove_1pct,1000000,5,10000,0,0,4.396416,439.642,0.000000000
bevy_columns,replace_1pct,1000000,5,10000,0,0,1.155875,115.588,0.000000000
bevy_columns,health_after_churn,1000000,5,2750000,0,15,2.217791,0.806,408175930.000000000
bevy_rows,create_individual,1000000,5,1000000,0,0,39.762625,39.763,0.000000000
bevy_rows,create_bulk,1000000,5,1000000,0,0,34.489833,34.490,0.000000000
bevy_rows,create_queries,1000000,5,5,0,0,0.012291,2458.200,0.000000000
bevy_rows,spot_color,1000000,5,500000,0,5,0.403959,0.808,747606.289062500
bevy_rows,all_light_color,1000000,5,1250000,0,10,0.889750,0.712,1868922.539062500
bevy_rows,health_position,1000000,5,2500000,0,15,1.952000,0.781,371020340.000000000
bevy_rows,enemy_health_position,1000000,5,1200000,0,5,0.888875,0.741,178365505.000000000
bevy_rows,explosion_r50_first,1000000,5,500000,125290,3,1.491834,2.984,71071818.000000000
bevy_rows,shuffled_position,1000000,5,1000000,0,0,63.427542,63.428,-453538.000000000
bevy_rows,add_10pct_live_queries_batch100,1000000,5,100000,0,0,6.952583,69.526,0.000000000
bevy_rows,all_light_after_add,1000000,5,1375000,0,10,1.576583,1.147,2055966.582031250
bevy_rows,health_after_add,1000000,5,2750000,0,15,2.791416,1.015,408175930.000000000
bevy_rows,remove_1pct,1000000,5,10000,0,0,3.530125,353.012,0.000000000
bevy_rows,replace_1pct,1000000,5,10000,0,0,0.827333,82.733,0.000000000
bevy_rows,health_after_churn,1000000,5,2750000,0,15,2.094000,0.761,408175930.000000000
bevy_rows,create_individual,1000000,6,1000000,0,0,39.726375,39.726,0.000000000
bevy_rows,create_bulk,1000000,6,1000000,0,0,35.526709,35.527,0.000000000
bevy_rows,create_queries,1000000,6,5,0,0,0.016542,3308.400,0.000000000
bevy_rows,spot_color,1000000,6,500000,0,5,0.346041,0.692,747606.289062500
bevy_rows,all_light_color,1000000,6,1250000,0,10,0.865750,0.693,1868922.539062500
bevy_rows,health_position,1000000,6,2500000,0,15,1.981042,0.792,371020340.000000000
bevy_rows,enemy_health_position,1000000,6,1200000,0,5,0.899750,0.750,178365505.000000000
bevy_rows,explosion_r50_first,1000000,6,500000,125290,3,1.482375,2.965,71071818.000000000
bevy_rows,shuffled_position,1000000,6,1000000,0,0,63.253083,63.253,-453538.000000000
bevy_rows,add_10pct_live_queries_batch100,1000000,6,100000,0,0,7.116250,71.162,0.000000000
bevy_rows,all_light_after_add,1000000,6,1375000,0,10,1.726042,1.255,2055966.582031250
bevy_rows,health_after_add,1000000,6,2750000,0,15,2.793708,1.016,408175930.000000000
bevy_rows,remove_1pct,1000000,6,10000,0,0,3.485375,348.538,0.000000000
bevy_rows,replace_1pct,1000000,6,10000,0,0,0.864917,86.492,0.000000000
bevy_rows,health_after_churn,1000000,6,2750000,0,15,2.166375,0.788,408175930.000000000
bevy_columns,create_individual,1000000,6,1000000,0,0,69.798833,69.799,0.000000000
bevy_columns,create_bulk,1000000,6,1000000,0,0,53.413000,53.413,0.000000000
bevy_columns,create_queries,1000000,6,5,0,0,0.009167,1833.400,0.000000000
bevy_columns,spot_color,1000000,6,500000,0,5,0.329334,0.659,747606.289062500
bevy_columns,all_light_color,1000000,6,1250000,0,10,0.796208,0.637,1868922.539062500
bevy_columns,health_position,1000000,6,2500000,0,15,2.084375,0.834,371020340.000000000
bevy_columns,enemy_health_position,1000000,6,1200000,0,5,1.014334,0.845,178365505.000000000
bevy_columns,explosion_r50_first,1000000,6,500000,125290,3,1.534167,3.068,71071818.000000000
bevy_columns,shuffled_position,1000000,6,1000000,0,0,57.800959,57.801,-453538.000000000
bevy_columns,add_10pct_live_queries_batch100,1000000,6,100000,0,0,9.668041,96.680,0.000000000
bevy_columns,all_light_after_add,1000000,6,1375000,0,10,1.171583,0.852,2055966.582031250
bevy_columns,health_after_add,1000000,6,2750000,0,15,2.648125,0.963,408175930.000000000
bevy_columns,remove_1pct,1000000,6,10000,0,0,4.497166,449.717,0.000000000
bevy_columns,replace_1pct,1000000,6,10000,0,0,1.182917,118.292,0.000000000
bevy_columns,health_after_churn,1000000,6,2750000,0,15,2.215417,0.806,408175930.000000000
bevy_columns,create_individual,1000000,7,1000000,0,0,66.428500,66.428,0.000000000
bevy_columns,create_bulk,1000000,7,1000000,0,0,50.893416,50.893,0.000000000
bevy_columns,create_queries,1000000,7,5,0,0,0.007500,1500.000,0.000000000
bevy_columns,spot_color,1000000,7,500000,0,5,0.370375,0.741,747606.289062500
bevy_columns,all_light_color,1000000,7,1250000,0,10,0.778541,0.623,1868922.539062500
bevy_columns,health_position,1000000,7,2500000,0,15,2.090458,0.836,371020340.000000000
bevy_columns,enemy_health_position,1000000,7,1200000,0,5,0.998125,0.832,178365505.000000000
bevy_columns,explosion_r50_first,1000000,7,500000,125290,3,1.574292,3.149,71071818.000000000
bevy_columns,shuffled_position,1000000,7,1000000,0,0,62.831167,62.831,-453538.000000000
bevy_columns,add_10pct_live_queries_batch100,1000000,7,100000,0,0,9.260416,92.604,0.000000000
bevy_columns,all_light_after_add,1000000,7,1375000,0,10,1.212625,0.882,2055966.582031250
bevy_columns,health_after_add,1000000,7,2750000,0,15,2.285417,0.831,408175930.000000000
bevy_columns,remove_1pct,1000000,7,10000,0,0,4.460500,446.050,0.000000000
bevy_columns,replace_1pct,1000000,7,10000,0,0,1.320209,132.021,0.000000000
bevy_columns,health_after_churn,1000000,7,2750000,0,15,2.241334,0.815,408175930.000000000
bevy_rows,create_individual,1000000,7,1000000,0,0,39.904959,39.905,0.000000000
bevy_rows,create_bulk,1000000,7,1000000,0,0,35.863958,35.864,0.000000000
bevy_rows,create_queries,1000000,7,5,0,0,0.010708,2141.600,0.000000000
bevy_rows,spot_color,1000000,7,500000,0,5,0.368958,0.738,747606.289062500
bevy_rows,all_light_color,1000000,7,1250000,0,10,0.956208,0.765,1868922.539062500
bevy_rows,health_position,1000000,7,2500000,0,15,2.088083,0.835,371020340.000000000
bevy_rows,enemy_health_position,1000000,7,1200000,0,5,0.904417,0.754,178365505.000000000
bevy_rows,explosion_r50_first,1000000,7,500000,125290,3,1.429584,2.859,71071818.000000000
bevy_rows,shuffled_position,1000000,7,1000000,0,0,63.111583,63.112,-453538.000000000
bevy_rows,add_10pct_live_queries_batch100,1000000,7,100000,0,0,7.054834,70.548,0.000000000
bevy_rows,all_light_after_add,1000000,7,1375000,0,10,1.642709,1.195,2055966.582031250
bevy_rows,health_after_add,1000000,7,2750000,0,15,2.764917,1.005,408175930.000000000
bevy_rows,remove_1pct,1000000,7,10000,0,0,3.500166,350.017,0.000000000
bevy_rows,replace_1pct,1000000,7,10000,0,0,0.827833,82.783,0.000000000
bevy_rows,health_after_churn,1000000,7,2750000,0,15,2.046667,0.744,408175930.000000000
