# packed_rows=0; merged unchanged samples from separate C++ and Rust processes
backend,operation,rows,sample,operations,hits,batches,total_ms,ns_per_operation,checksum
flecs_rows,create_individual,1000000,1,1000000,0,0,127.252000,127.252,0.000000000
flecs_rows,create_bulk,1000000,1,1000000,0,0,2.819000,2.819,0.000000000
flecs_rows,create_queries,1000000,1,5,0,0,0.040000,8000.000,0.000000000
flecs_rows,spot_color,1000000,1,500000,0,5,0.344000,0.688,747606.289062500
flecs_rows,all_light_color,1000000,1,1250000,0,10,0.864000,0.691,1868922.539062500
flecs_rows,health_position,1000000,1,2500000,0,15,1.635000,0.654,371020340.000000000
flecs_rows,enemy_health_position,1000000,1,1200000,0,5,0.804000,0.670,178365505.000000000
flecs_rows,explosion_r50_first,1000000,1,500000,125290,3,1.359000,2.718,71071818.000000000
flecs_rows,shuffled_position,1000000,1,1000000,0,0,67.024000,67.024,-453538.000000000
flecs_rows,add_10pct_live_queries_batch100,1000000,1,100000,0,0,1.080000,10.800,0.000000000
flecs_rows,all_light_after_add,1000000,1,1375000,0,10,0.931000,0.677,2055966.582031250
flecs_rows,health_after_add,1000000,1,2750000,0,15,2.609000,0.949,408175930.000000000
flecs_rows,remove_1pct,1000000,1,10000,0,0,1.814000,181.400,0.000000000
flecs_rows,replace_1pct,1000000,1,10000,0,0,4.030000,403.000,0.000000000
flecs_rows,health_after_churn,1000000,1,2750000,0,15,1.770000,0.644,408175930.000000000
flecs_columns,create_individual,1000000,1,1000000,0,0,201.528000,201.528,0.000000000
flecs_columns,create_bulk,1000000,1,1000000,0,0,2.692000,2.692,0.000000000
flecs_columns,create_queries,1000000,1,5,0,0,0.033000,6600.000,0.000000000
flecs_columns,spot_color,1000000,1,500000,0,5,0.305000,0.610,747606.289062500
flecs_columns,all_light_color,1000000,1,1250000,0,10,0.765000,0.612,1868922.539062500
flecs_columns,health_position,1000000,1,2500000,0,15,1.516000,0.606,371020340.000000000
flecs_columns,enemy_health_position,1000000,1,1200000,0,5,0.753000,0.627,178365505.000000000
flecs_columns,explosion_r50_first,1000000,1,500000,125290,3,1.243000,2.486,71071818.000000000
flecs_columns,shuffled_position,1000000,1,1000000,0,0,59.252000,59.252,-453538.000000000
flecs_columns,add_10pct_live_queries_batch100,1000000,1,100000,0,0,1.732000,17.320,0.000000000
flecs_columns,all_light_after_add,1000000,1,1375000,0,10,0.898000,0.653,2055966.582031250
flecs_columns,health_after_add,1000000,1,2750000,0,15,1.905000,0.693,408175930.000000000
flecs_columns,remove_1pct,1000000,1,10000,0,0,2.315000,231.500,0.000000000
flecs_columns,replace_1pct,1000000,1,10000,0,0,6.324000,632.400,0.000000000
flecs_columns,health_after_churn,1000000,1,2750000,0,15,1.770000,0.644,408175930.000000000
data,create_individual,1000000,1,1000000,0,0,37.959000,37.959,0.000000000
data,create_bulk,1000000,1,1000000,0,0,28.088000,28.088,0.000000000
data,create_queries,1000000,1,5,0,0,0.008000,1600.000,0.000000000
data,spot_color,1000000,1,500000,0,5,0.350000,0.700,747606.289062500
data,all_light_color,1000000,1,1250000,0,10,0.860000,0.688,1868922.539062500
data,health_position,1000000,1,2500000,0,15,2.704000,1.082,371020340.000000000
data,enemy_health_position,1000000,1,1200000,0,5,1.263000,1.052,178365505.000000000
data,explosion_r50_first,1000000,1,500000,125290,3,1.726000,3.452,71071818.000000000
data,shuffled_position,1000000,1,1000000,0,0,178.014000,178.014,-453538.000000000
data,add_10pct_live_queries_batch100,1000000,1,100000,0,0,4.283000,42.830,0.000000000
data,all_light_after_add,1000000,1,1375000,0,10,0.921000,0.670,2055966.582031250
data,health_after_add,1000000,1,2750000,0,15,2.716000,0.988,408175930.000000000
data,remove_1pct,1000000,1,10000,0,0,0.732000,73.200,0.000000000
data,replace_1pct,1000000,1,10000,0,0,2.743000,274.300,0.000000000
data,health_after_churn,1000000,1,2750000,0,15,2.815000,1.024,408175930.000000000
flecs_columns,create_individual,1000000,2,1000000,0,0,200.250000,200.250,0.000000000
flecs_columns,create_bulk,1000000,2,1000000,0,0,2.448000,2.448,0.000000000
flecs_columns,create_queries,1000000,2,5,0,0,0.029000,5800.000,0.000000000
flecs_columns,spot_color,1000000,2,500000,0,5,0.328000,0.656,747606.289062500
flecs_columns,all_light_color,1000000,2,1250000,0,10,0.824000,0.659,1868922.539062500
flecs_columns,health_position,1000000,2,2500000,0,15,1.629000,0.652,371020340.000000000
flecs_columns,enemy_health_position,1000000,2,1200000,0,5,0.730000,0.608,178365505.000000000
flecs_columns,explosion_r50_first,1000000,2,500000,125290,3,1.306000,2.612,71071818.000000000
flecs_columns,shuffled_position,1000000,2,1000000,0,0,64.956000,64.956,-453538.000000000
flecs_columns,add_10pct_live_queries_batch100,1000000,2,100000,0,0,1.128000,11.280,0.000000000
flecs_columns,all_light_after_add,1000000,2,1375000,0,10,0.913000,0.664,2055966.582031250
flecs_columns,health_after_add,1000000,2,2750000,0,15,2.058000,0.748,408175930.000000000
flecs_columns,remove_1pct,1000000,2,10000,0,0,2.263000,226.300,0.000000000
flecs_columns,replace_1pct,1000000,2,10000,0,0,7.490000,749.000,0.000000000
flecs_columns,health_after_churn,1000000,2,2750000,0,15,1.664000,0.605,408175930.000000000
data,create_individual,1000000,2,1000000,0,0,37.675000,37.675,0.000000000
data,create_bulk,1000000,2,1000000,0,0,28.182000,28.182,0.000000000
data,create_queries,1000000,2,5,0,0,0.010000,2000.000,0.000000000
data,spot_color,1000000,2,500000,0,5,0.349000,0.698,747606.289062500
data,all_light_color,1000000,2,1250000,0,10,0.867000,0.694,1868922.539062500
data,health_position,1000000,2,2500000,0,15,2.622000,1.049,371020340.000000000
data,enemy_health_position,1000000,2,1200000,0,5,1.272000,1.060,178365505.000000000
data,explosion_r50_first,1000000,2,500000,125290,3,1.737000,3.474,71071818.000000000
data,shuffled_position,1000000,2,1000000,0,0,163.770000,163.770,-453538.000000000
data,add_10pct_live_queries_batch100,1000000,2,100000,0,0,3.832000,38.320,0.000000000
data,all_light_after_add,1000000,2,1375000,0,10,0.940000,0.684,2055966.582031250
data,health_after_add,1000000,2,2750000,0,15,2.826000,1.028,408175930.000000000
data,remove_1pct,1000000,2,10000,0,0,0.827000,82.700,0.000000000
data,replace_1pct,1000000,2,10000,0,0,2.794000,279.400,0.000000000
data,health_after_churn,1000000,2,2750000,0,15,2.837000,1.032,408175930.000000000
flecs_rows,create_individual,1000000,2,1000000,0,0,126.730000,126.730,0.000000000
flecs_rows,create_bulk,1000000,2,1000000,0,0,2.822000,2.822,0.000000000
flecs_rows,create_queries,1000000,2,5,0,0,0.034000,6800.000,0.000000000
flecs_rows,spot_color,1000000,2,500000,0,5,0.326000,0.652,747606.289062500
flecs_rows,all_light_color,1000000,2,1250000,0,10,0.827000,0.662,1868922.539062500
flecs_rows,health_position,1000000,2,2500000,0,15,1.663000,0.665,371020340.000000000
flecs_rows,enemy_health_position,1000000,2,1200000,0,5,0.789000,0.657,178365505.000000000
flecs_rows,explosion_r50_first,1000000,2,500000,125290,3,1.323000,2.646,71071818.000000000
flecs_rows,shuffled_position,1000000,2,1000000,0,0,68.823000,68.823,-453538.000000000
flecs_rows,add_10pct_live_queries_batch100,1000000,2,100000,0,0,1.175000,11.750,0.000000000
flecs_rows,all_light_after_add,1000000,2,1375000,0,10,0.969000,0.705,2055966.582031250
flecs_rows,health_after_add,1000000,2,2750000,0,15,2.151000,0.782,408175930.000000000
flecs_rows,remove_1pct,1000000,2,10000,0,0,1.998000,199.800,0.000000000
flecs_rows,replace_1pct,1000000,2,10000,0,0,4.162000,416.200,0.000000000
flecs_rows,health_after_churn,1000000,2,2750000,0,15,1.691000,0.615,408175930.000000000
data,create_individual,1000000,3,1000000,0,0,37.013000,37.013,0.000000000
data,create_bulk,1000000,3,1000000,0,0,28.492000,28.492,0.000000000
data,create_queries,1000000,3,5,0,0,0.007000,1400.000,0.000000000
data,spot_color,1000000,3,500000,0,5,0.376000,0.752,747606.289062500
data,all_light_color,1000000,3,1250000,0,10,0.934000,0.747,1868922.539062500
data,health_position,1000000,3,2500000,0,15,2.628000,1.051,371020340.000000000
data,enemy_health_position,1000000,3,1200000,0,5,1.237000,1.031,178365505.000000000
data,explosion_r50_first,1000000,3,500000,125290,3,1.681000,3.362,71071818.000000000
data,shuffled_position,1000000,3,1000000,0,0,167.345000,167.345,-453538.000000000
data,add_10pct_live_queries_batch100,1000000,3,100000,0,0,3.837000,38.370,0.000000000
data,all_light_after_add,1000000,3,1375000,0,10,0.969000,0.705,2055966.582031250
data,health_after_add,1000000,3,2750000,0,15,2.903000,1.056,408175930.000000000
data,remove_1pct,1000000,3,10000,0,0,0.769000,76.900,0.000000000
data,replace_1pct,1000000,3,10000,0,0,2.760000,276.000,0.000000000
data,health_after_churn,1000000,3,2750000,0,15,2.873000,1.045,408175930.000000000
flecs_rows,create_individual,1000000,3,1000000,0,0,127.410000,127.410,0.000000000
flecs_rows,create_bulk,1000000,3,1000000,0,0,2.688000,2.688,0.000000000
flecs_rows,create_queries,1000000,3,5,0,0,0.037000,7400.000,0.000000000
flecs_rows,spot_color,1000000,3,500000,0,5,0.334000,0.668,747606.289062500
flecs_rows,all_light_color,1000000,3,1250000,0,10,0.968000,0.774,1868922.539062500
flecs_rows,health_position,1000000,3,2500000,0,15,1.550000,0.620,371020340.000000000
flecs_rows,enemy_health_position,1000000,3,1200000,0,5,0.789000,0.657,178365505.000000000
flecs_rows,explosion_r50_first,1000000,3,500000,125290,3,1.291000,2.582,71071818.000000000
flecs_rows,shuffled_position,1000000,3,1000000,0,0,68.353000,68.353,-453538.000000000
flecs_rows,add_10pct_live_queries_batch100,1000000,3,100000,0,0,1.054000,10.540,0.000000000
flecs_rows,all_light_after_add,1000000,3,1375000,0,10,0.898000,0.653,2055966.582031250
flecs_rows,health_after_add,1000000,3,2750000,0,15,2.416000,0.879,408175930.000000000
flecs_rows,remove_1pct,1000000,3,10000,0,0,2.015000,201.500,0.000000000
flecs_rows,replace_1pct,1000000,3,10000,0,0,3.763000,376.300,0.000000000
flecs_rows,health_after_churn,1000000,3,2750000,0,15,1.768000,0.643,408175930.000000000
flecs_columns,create_individual,1000000,3,1000000,0,0,200.100000,200.100,0.000000000
flecs_columns,create_bulk,1000000,3,1000000,0,0,2.542000,2.542,0.000000000
flecs_columns,create_queries,1000000,3,5,0,0,0.028000,5600.000,0.000000000
flecs_columns,spot_color,1000000,3,500000,0,5,0.304000,0.608,747606.289062500
flecs_columns,all_light_color,1000000,3,1250000,0,10,0.767000,0.614,1868922.539062500
flecs_columns,health_position,1000000,3,2500000,0,15,1.712000,0.685,371020340.000000000
flecs_columns,enemy_health_position,1000000,3,1200000,0,5,0.759000,0.632,178365505.000000000
flecs_columns,explosion_r50_first,1000000,3,500000,125290,3,1.309000,2.618,71071818.000000000
flecs_columns,shuffled_position,1000000,3,1000000,0,0,65.664000,65.664,-453538.000000000
flecs_columns,add_10pct_live_queries_batch100,1000000,3,100000,0,0,1.092000,10.920,0.000000000
flecs_columns,all_light_after_add,1000000,3,1375000,0,10,0.848000,0.617,2055966.582031250
flecs_columns,health_after_add,1000000,3,2750000,0,15,2.111000,0.768,408175930.000000000
flecs_columns,remove_1pct,1000000,3,10000,0,0,2.261000,226.100,0.000000000
flecs_columns,replace_1pct,1000000,3,10000,0,0,7.628000,762.800,0.000000000
flecs_columns,health_after_churn,1000000,3,2750000,0,15,1.709000,0.621,408175930.000000000
flecs_rows,create_individual,1000000,4,1000000,0,0,127.050000,127.050,0.000000000
flecs_rows,create_bulk,1000000,4,1000000,0,0,2.877000,2.877,0.000000000
flecs_rows,create_queries,1000000,4,5,0,0,0.031000,6200.000,0.000000000
flecs_rows,spot_color,1000000,4,500000,0,5,0.339000,0.678,747606.289062500
flecs_rows,all_light_color,1000000,4,1250000,0,10,0.822000,0.658,1868922.539062500
flecs_rows,health_position,1000000,4,2500000,0,15,1.645000,0.658,371020340.000000000
flecs_rows,enemy_health_position,1000000,4,1200000,0,5,0.780000,0.650,178365505.000000000
flecs_rows,explosion_r50_first,1000000,4,500000,125290,3,1.324000,2.648,71071818.000000000
flecs_rows,shuffled_position,1000000,4,1000000,0,0,66.979000,66.979,-453538.000000000
flecs_rows,add_10pct_live_queries_batch100,1000000,4,100000,0,0,1.141000,11.410,0.000000000
flecs_rows,all_light_after_add,1000000,4,1375000,0,10,0.918000,0.668,2055966.582031250
flecs_rows,health_after_add,1000000,4,2750000,0,15,2.466000,0.897,408175930.000000000
flecs_rows,remove_1pct,1000000,4,10000,0,0,1.900000,190.000,0.000000000
flecs_rows,replace_1pct,1000000,4,10000,0,0,3.815000,381.500,0.000000000
flecs_rows,health_after_churn,1000000,4,2750000,0,15,1.757000,0.639,408175930.000000000
flecs_columns,create_individual,1000000,4,1000000,0,0,201.114000,201.114,0.000000000
flecs_columns,create_bulk,1000000,4,1000000,0,0,2.865000,2.865,0.000000000
flecs_columns,create_queries,1000000,4,5,0,0,0.030000,6000.000,0.000000000
flecs_columns,spot_color,1000000,4,500000,0,5,0.305000,0.610,747606.289062500
flecs_columns,all_light_color,1000000,4,1250000,0,10,0.808000,0.646,1868922.539062500
flecs_columns,health_position,1000000,4,2500000,0,15,1.610000,0.644,371020340.000000000
flecs_columns,enemy_health_position,1000000,4,1200000,0,5,0.781000,0.651,178365505.000000000
flecs_columns,explosion_r50_first,1000000,4,500000,125290,3,1.231000,2.462,71071818.000000000
flecs_columns,shuffled_position,1000000,4,1000000,0,0,59.336000,59.336,-453538.000000000
flecs_columns,add_10pct_live_queries_batch100,1000000,4,100000,0,0,1.172000,11.720,0.000000000
flecs_columns,all_light_after_add,1000000,4,1375000,0,10,0.840000,0.611,2055966.582031250
flecs_columns,health_after_add,1000000,4,2750000,0,15,2.062000,0.750,408175930.000000000
flecs_columns,remove_1pct,1000000,4,10000,0,0,2.289000,228.900,0.000000000
flecs_columns,replace_1pct,1000000,4,10000,0,0,6.710000,671.000,0.000000000
flecs_columns,health_after_churn,1000000,4,2750000,0,15,1.674000,0.609,408175930.000000000
data,create_individual,1000000,4,1000000,0,0,37.838000,37.838,0.000000000
data,create_bulk,1000000,4,1000000,0,0,28.143000,28.143,0.000000000
data,create_queries,1000000,4,5,0,0,0.006000,1200.000,0.000000000
data,spot_color,1000000,4,500000,0,5,0.362000,0.724,747606.289062500
data,all_light_color,1000000,4,1250000,0,10,0.890000,0.712,1868922.539062500
data,health_position,1000000,4,2500000,0,15,2.558000,1.023,371020340.000000000
data,enemy_health_position,1000000,4,1200000,0,5,1.257000,1.048,178365505.000000000
data,explosion_r50_first,1000000,4,500000,125290,3,1.724000,3.448,71071818.000000000
data,shuffled_position,1000000,4,1000000,0,0,177.450000,177.450,-453538.000000000
data,add_10pct_live_queries_batch100,1000000,4,100000,0,0,4.085000,40.850,0.000000000
data,all_light_after_add,1000000,4,1375000,0,10,1.017000,0.740,2055966.582031250
data,health_after_add,1000000,4,2750000,0,15,2.770000,1.007,408175930.000000000
data,remove_1pct,1000000,4,10000,0,0,0.767000,76.700,0.000000000
data,replace_1pct,1000000,4,10000,0,0,2.857000,285.700,0.000000000
data,health_after_churn,1000000,4,2750000,0,15,2.791000,1.015,408175930.000000000
flecs_columns,create_individual,1000000,5,1000000,0,0,200.194000,200.194,0.000000000
flecs_columns,create_bulk,1000000,5,1000000,0,0,2.468000,2.468,0.000000000
flecs_columns,create_queries,1000000,5,5,0,0,0.032000,6400.000,0.000000000
flecs_columns,spot_color,1000000,5,500000,0,5,0.320000,0.640,747606.289062500
flecs_columns,all_light_color,1000000,5,1250000,0,10,0.804000,0.643,1868922.539062500
flecs_columns,health_position,1000000,5,2500000,0,15,1.578000,0.631,371020340.000000000
flecs_columns,enemy_health_position,1000000,5,1200000,0,5,0.750000,0.625,178365505.000000000
flecs_columns,explosion_r50_first,1000000,5,500000,125290,3,1.243000,2.486,71071818.000000000
flecs_columns,shuffled_position,1000000,5,1000000,0,0,60.688000,60.688,-453538.000000000
flecs_columns,add_10pct_live_queries_batch100,1000000,5,100000,0,0,1.142000,11.420,0.000000000
flecs_columns,all_light_after_add,1000000,5,1375000,0,10,0.839000,0.610,2055966.582031250
flecs_columns,health_after_add,1000000,5,2750000,0,15,2.076000,0.755,408175930.000000000
flecs_columns,remove_1pct,1000000,5,10000,0,0,2.330000,233.000,0.000000000
flecs_columns,replace_1pct,1000000,5,10000,0,0,7.147000,714.700,0.000000000
flecs_columns,health_after_churn,1000000,5,2750000,0,15,1.672000,0.608,408175930.000000000
data,create_individual,1000000,5,1000000,0,0,37.593000,37.593,0.000000000
data,create_bulk,1000000,5,1000000,0,0,28.346000,28.346,0.000000000
data,create_queries,1000000,5,5,0,0,0.006000,1200.000,0.000000000
data,spot_color,1000000,5,500000,0,5,0.371000,0.742,747606.289062500
data,all_light_color,1000000,5,1250000,0,10,0.992000,0.794,1868922.539062500
data,health_position,1000000,5,2500000,0,15,2.508000,1.003,371020340.000000000
data,enemy_health_position,1000000,5,1200000,0,5,1.223000,1.019,178365505.000000000
data,explosion_r50_first,1000000,5,500000,125290,3,1.813000,3.626,71071818.000000000
data,shuffled_position,1000000,5,1000000,0,0,164.593000,164.593,-453538.000000000
data,add_10pct_live_queries_batch100,1000000,5,100000,0,0,3.684000,36.840,0.000000000
data,all_light_after_add,1000000,5,1375000,0,10,0.933000,0.679,2055966.582031250
data,health_after_add,1000000,5,2750000,0,15,2.761000,1.004,408175930.000000000
data,remove_1pct,1000000,5,10000,0,0,0.791000,79.100,0.000000000
data,replace_1pct,1000000,5,10000,0,0,2.811000,281.100,0.000000000
data,health_after_churn,1000000,5,2750000,0,15,2.808000,1.021,408175930.000000000
flecs_rows,create_individual,1000000,5,1000000,0,0,125.266000,125.266,0.000000000
flecs_rows,create_bulk,1000000,5,1000000,0,0,2.780000,2.780,0.000000000
flecs_rows,create_queries,1000000,5,5,0,0,0.038000,7600.000,0.000000000
flecs_rows,spot_color,1000000,5,500000,0,5,0.331000,0.662,747606.289062500
flecs_rows,all_light_color,1000000,5,1250000,0,10,0.825000,0.660,1868922.539062500
flecs_rows,health_position,1000000,5,2500000,0,15,1.590000,0.636,371020340.000000000
flecs_rows,enemy_health_position,1000000,5,1200000,0,5,0.780000,0.650,178365505.000000000
flecs_rows,explosion_r50_first,1000000,5,500000,125290,3,1.263000,2.526,71071818.000000000
flecs_rows,shuffled_position,1000000,5,1000000,0,0,68.378000,68.378,-453538.000000000
flecs_rows,add_10pct_live_queries_batch100,1000000,5,100000,0,0,1.370000,13.700,0.000000000
flecs_rows,all_light_after_add,1000000,5,1375000,0,10,0.918000,0.668,2055966.582031250
flecs_rows,health_after_add,1000000,5,2750000,0,15,2.487000,0.904,408175930.000000000
flecs_rows,remove_1pct,1000000,5,10000,0,0,1.926000,192.600,0.000000000
flecs_rows,replace_1pct,1000000,5,10000,0,0,4.281000,428.100,0.000000000
flecs_rows,health_after_churn,1000000,5,2750000,0,15,1.825000,0.664,408175930.000000000
data,create_individual,1000000,6,1000000,0,0,37.627000,37.627,0.000000000
data,create_bulk,1000000,6,1000000,0,0,28.211000,28.211,0.000000000
data,create_queries,1000000,6,5,0,0,0.005000,1000.000,0.000000000
data,spot_color,1000000,6,500000,0,5,0.368000,0.736,747606.289062500
data,all_light_color,1000000,6,1250000,0,10,0.886000,0.709,1868922.539062500
data,health_position,1000000,6,2500000,0,15,2.561000,1.024,371020340.000000000
data,enemy_health_position,1000000,6,1200000,0,5,1.247000,1.039,178365505.000000000
data,explosion_r50_first,1000000,6,500000,125290,3,1.756000,3.512,71071818.000000000
data,shuffled_position,1000000,6,1000000,0,0,175.619000,175.619,-453538.000000000
data,add_10pct_live_queries_batch100,1000000,6,100000,0,0,4.131000,41.310,0.000000000
data,all_light_after_add,1000000,6,1375000,0,10,0.991000,0.721,2055966.582031250
data,health_after_add,1000000,6,2750000,0,15,2.947000,1.072,408175930.000000000
data,remove_1pct,1000000,6,10000,0,0,0.809000,80.900,0.000000000
data,replace_1pct,1000000,6,10000,0,0,2.878000,287.800,0.000000000
data,health_after_churn,1000000,6,2750000,0,15,2.883000,1.048,408175930.000000000
flecs_rows,create_individual,1000000,6,1000000,0,0,127.843000,127.843,0.000000000
flecs_rows,create_bulk,1000000,6,1000000,0,0,3.022000,3.022,0.000000000
flecs_rows,create_queries,1000000,6,5,0,0,0.044000,8800.000,0.000000000
flecs_rows,spot_color,1000000,6,500000,0,5,0.364000,0.728,747606.289062500
flecs_rows,all_light_color,1000000,6,1250000,0,10,0.923000,0.738,1868922.539062500
flecs_rows,health_position,1000000,6,2500000,0,15,1.558000,0.623,371020340.000000000
flecs_rows,enemy_health_position,1000000,6,1200000,0,5,0.775000,0.646,178365505.000000000
flecs_rows,explosion_r50_first,1000000,6,500000,125290,3,1.302000,2.604,71071818.000000000
flecs_rows,shuffled_position,1000000,6,1000000,0,0,68.583000,68.583,-453538.000000000
flecs_rows,add_10pct_live_queries_batch100,1000000,6,100000,0,0,1.071000,10.710,0.000000000
flecs_rows,all_light_after_add,1000000,6,1375000,0,10,0.889000,0.647,2055966.582031250
flecs_rows,health_after_add,1000000,6,2750000,0,15,2.139000,0.778,408175930.000000000
flecs_rows,remove_1pct,1000000,6,10000,0,0,2.008000,200.800,0.000000000
flecs_rows,replace_1pct,1000000,6,10000,0,0,4.090000,409.000,0.000000000
flecs_rows,health_after_churn,1000000,6,2750000,0,15,1.788000,0.650,408175930.000000000
flecs_columns,create_individual,1000000,6,1000000,0,0,201.320000,201.320,0.000000000
flecs_columns,create_bulk,1000000,6,1000000,0,0,2.714000,2.714,0.000000000
flecs_columns,create_queries,1000000,6,5,0,0,0.027000,5400.000,0.000000000
flecs_columns,spot_color,1000000,6,500000,0,5,0.304000,0.608,747606.289062500
flecs_columns,all_light_color,1000000,6,1250000,0,10,0.828000,0.662,1868922.539062500
flecs_columns,health_position,1000000,6,2500000,0,15,1.601000,0.640,371020340.000000000
flecs_columns,enemy_health_position,1000000,6,1200000,0,5,0.733000,0.611,178365505.000000000
flecs_columns,explosion_r50_first,1000000,6,500000,125290,3,1.298000,2.596,71071818.000000000
flecs_columns,shuffled_position,1000000,6,1000000,0,0,63.024000,63.024,-453538.000000000
flecs_columns,add_10pct_live_queries_batch100,1000000,6,100000,0,0,1.130000,11.300,0.000000000
flecs_columns,all_light_after_add,1000000,6,1375000,0,10,0.840000,0.611,2055966.582031250
flecs_columns,health_after_add,1000000,6,2750000,0,15,2.087000,0.759,408175930.000000000
flecs_columns,remove_1pct,1000000,6,10000,0,0,2.306000,230.600,0.000000000
flecs_columns,replace_1pct,1000000,6,10000,0,0,7.043000,704.300,0.000000000
flecs_columns,health_after_churn,1000000,6,2750000,0,15,1.671000,0.608,408175930.000000000
flecs_rows,create_individual,1000000,7,1000000,0,0,127.614000,127.614,0.000000000
flecs_rows,create_bulk,1000000,7,1000000,0,0,2.537000,2.537,0.000000000
flecs_rows,create_queries,1000000,7,5,0,0,0.032000,6400.000,0.000000000
flecs_rows,spot_color,1000000,7,500000,0,5,0.331000,0.662,747606.289062500
flecs_rows,all_light_color,1000000,7,1250000,0,10,0.826000,0.661,1868922.539062500
flecs_rows,health_position,1000000,7,2500000,0,15,1.651000,0.660,371020340.000000000
flecs_rows,enemy_health_position,1000000,7,1200000,0,5,0.787000,0.656,178365505.000000000
flecs_rows,explosion_r50_first,1000000,7,500000,125290,3,1.320000,2.640,71071818.000000000
flecs_rows,shuffled_position,1000000,7,1000000,0,0,66.894000,66.894,-453538.000000000
flecs_rows,add_10pct_live_queries_batch100,1000000,7,100000,0,0,1.133000,11.330,0.000000000
flecs_rows,all_light_after_add,1000000,7,1375000,0,10,0.985000,0.716,2055966.582031250
flecs_rows,health_after_add,1000000,7,2750000,0,15,2.524000,0.918,408175930.000000000
flecs_rows,remove_1pct,1000000,7,10000,0,0,1.897000,189.700,0.000000000
flecs_rows,replace_1pct,1000000,7,10000,0,0,4.055000,405.500,0.000000000
flecs_rows,health_after_churn,1000000,7,2750000,0,15,1.729000,0.629,408175930.000000000
flecs_columns,create_individual,1000000,7,1000000,0,0,201.836000,201.836,0.000000000
flecs_columns,create_bulk,1000000,7,1000000,0,0,2.771000,2.771,0.000000000
flecs_columns,create_queries,1000000,7,5,0,0,0.032000,6400.000,0.000000000
flecs_columns,spot_color,1000000,7,500000,0,5,0.331000,0.662,747606.289062500
flecs_columns,all_light_color,1000000,7,1250000,0,10,0.832000,0.666,1868922.539062500
flecs_columns,health_position,1000000,7,2500000,0,15,1.840000,0.736,371020340.000000000
flecs_columns,enemy_health_position,1000000,7,1200000,0,5,0.784000,0.653,178365505.000000000
flecs_columns,explosion_r50_first,1000000,7,500000,125290,3,1.490000,2.980,71071818.000000000
flecs_columns,shuffled_position,1000000,7,1000000,0,0,66.007000,66.007,-453538.000000000
flecs_columns,add_10pct_live_queries_batch100,1000000,7,100000,0,0,1.203000,12.030,0.000000000
flecs_columns,all_light_after_add,1000000,7,1375000,0,10,0.911000,0.663,2055966.582031250
flecs_columns,health_after_add,1000000,7,2750000,0,15,2.054000,0.747,408175930.000000000
flecs_columns,remove_1pct,1000000,7,10000,0,0,2.179000,217.900,0.000000000
flecs_columns,replace_1pct,1000000,7,10000,0,0,6.950000,695.000,0.000000000
flecs_columns,health_after_churn,1000000,7,2750000,0,15,1.779000,0.647,408175930.000000000
data,create_individual,1000000,7,1000000,0,0,38.451000,38.451,0.000000000
data,create_bulk,1000000,7,1000000,0,0,28.651000,28.651,0.000000000
data,create_queries,1000000,7,5,0,0,0.005000,1000.000,0.000000000
data,spot_color,1000000,7,500000,0,5,0.346000,0.692,747606.289062500
data,all_light_color,1000000,7,1250000,0,10,0.851000,0.681,1868922.539062500
data,health_position,1000000,7,2500000,0,15,2.651000,1.060,371020340.000000000
data,enemy_health_position,1000000,7,1200000,0,5,1.250000,1.042,178365505.000000000
data,explosion_r50_first,1000000,7,500000,125290,3,1.664000,3.328,71071818.000000000
data,shuffled_position,1000000,7,1000000,0,0,176.972000,176.972,-453538.000000000
data,add_10pct_live_queries_batch100,1000000,7,100000,0,0,4.358000,43.580,0.000000000
data,all_light_after_add,1000000,7,1375000,0,10,0.976000,0.710,2055966.582031250
data,health_after_add,1000000,7,2750000,0,15,2.915000,1.060,408175930.000000000
data,remove_1pct,1000000,7,10000,0,0,0.793000,79.300,0.000000000
data,replace_1pct,1000000,7,10000,0,0,2.951000,295.100,0.000000000
data,health_after_churn,1000000,7,2750000,0,15,2.971000,1.080,408175930.000000000
bevy_columns,create_individual,1000000,1,1000000,0,0,67.724375,67.724,0.000000000
bevy_columns,create_bulk,1000000,1,1000000,0,0,51.668958,51.669,0.000000000
bevy_columns,create_queries,1000000,1,5,0,0,0.010125,2025.000,0.000000000
bevy_columns,spot_color,1000000,1,500000,0,5,0.358583,0.717,747606.289062500
bevy_columns,all_light_color,1000000,1,1250000,0,10,0.765542,0.612,1868922.539062500
bevy_columns,health_position,1000000,1,2500000,0,15,2.192334,0.877,371020340.000000000
bevy_columns,enemy_health_position,1000000,1,1200000,0,5,0.994709,0.829,178365505.000000000
bevy_columns,explosion_r50_first,1000000,1,500000,125290,3,1.502458,3.005,71071818.000000000
bevy_columns,shuffled_position,1000000,1,1000000,0,0,61.891584,61.892,-453538.000000000
bevy_columns,add_10pct_live_queries_batch100,1000000,1,100000,0,0,9.288625,92.886,0.000000000
bevy_columns,all_light_after_add,1000000,1,1375000,0,10,1.149917,0.836,2055966.582031250
bevy_columns,health_after_add,1000000,1,2750000,0,15,2.492291,0.906,408175930.000000000
bevy_columns,remove_1pct,1000000,1,10000,0,0,5.001708,500.171,0.000000000
bevy_columns,replace_1pct,1000000,1,10000,0,0,1.204750,120.475,0.000000000
bevy_columns,health_after_churn,1000000,1,2750000,0,15,2.384584,0.867,408175930.000000000
bevy_rows,create_individual,1000000,1,1000000,0,0,40.216417,40.216,0.000000000
bevy_rows,create_bulk,1000000,1,1000000,0,0,35.586667,35.587,0.000000000
bevy_rows,create_queries,1000000,1,5,0,0,0.016833,3366.600,0.000000000
bevy_rows,spot_color,1000000,1,500000,0,5,0.401084,0.802,747606.289062500
bevy_rows,all_light_color,1000000,1,1250000,0,10,0.844709,0.676,1868922.539062500
bevy_rows,health_position,1000000,1,2500000,0,15,2.017875,0.807,371020340.000000000
bevy_rows,enemy_health_position,1000000,1,1200000,0,5,0.935833,0.780,178365505.000000000
bevy_rows,explosion_r50_first,1000000,1,500000,125290,3,1.480375,2.961,71071818.000000000
bevy_rows,shuffled_position,1000000,1,1000000,0,0,69.143125,69.143,-453538.000000000
bevy_rows,add_10pct_live_queries_batch100,1000000,1,100000,0,0,6.973125,69.731,0.000000000
bevy_rows,all_light_after_add,1000000,1,1375000,0,10,1.759917,1.280,2055966.582031250
bevy_rows,health_after_add,1000000,1,2750000,0,15,2.989042,1.087,408175930.000000000
bevy_rows,remove_1pct,1000000,1,10000,0,0,3.538333,353.833,0.000000000
bevy_rows,replace_1pct,1000000,1,10000,0,0,0.883875,88.388,0.000000000
bevy_rows,health_after_churn,1000000,1,2750000,0,15,2.323375,0.845,408175930.000000000
bevy_rows,create_individual,1000000,2,1000000,0,0,39.737375,39.737,0.000000000
bevy_rows,create_bulk,1000000,2,1000000,0,0,35.511333,35.511,0.000000000
bevy_rows,create_queries,1000000,2,5,0,0,0.011291,2258.200,0.000000000
bevy_rows,spot_color,1000000,2,500000,0,5,0.375792,0.752,747606.289062500
bevy_rows,all_light_color,1000000,2,1250000,0,10,0.914583,0.732,1868922.539062500
bevy_rows,health_position,1000000,2,2500000,0,15,2.113000,0.845,371020340.000000000
bevy_rows,enemy_health_position,1000000,2,1200000,0,5,0.931250,0.776,178365505.000000000
bevy_rows,explosion_r50_first,1000000,2,500000,125290,3,1.547959,3.096,71071818.000000000
bevy_rows,shuffled_position,1000000,2,1000000,0,0,64.251000,64.251,-453538.000000000
bevy_rows,add_10pct_live_queries_batch100,1000000,2,100000,0,0,7.303709,73.037,0.000000000
bevy_rows,all_light_after_add,1000000,2,1375000,0,10,1.814250,1.319,2055966.582031250
bevy_rows,health_after_add,1000000,2,2750000,0,15,2.909167,1.058,408175930.000000000
bevy_rows,remove_1pct,1000000,2,10000,0,0,3.562542,356.254,0.000000000
bevy_rows,replace_1pct,1000000,2,10000,0,0,0.867875,86.787,0.000000000
bevy_rows,health_after_churn,1000000,2,2750000,0,15,2.051666,0.746,408175930.000000000
bevy_columns,create_individual,1000000,2,1000000,0,0,68.924875,68.925,0.000000000
bevy_columns,create_bulk,1000000,2,1000000,0,0,53.083250,53.083,0.000000000
bevy_columns,create_queries,1000000,2,5,0,0,0.010000,2000.000,0.000000000
bevy_columns,spot_color,1000000,2,500000,0,5,0.313500,0.627,747606.289062500
bevy_columns,all_light_color,1000000,2,1250000,0,10,0.823500,0.659,1868922.539062500
bevy_columns,health_position,1000000,2,2500000,0,15,2.182875,0.873,371020340.000000000
bevy_columns,enemy_health_position,1000000,2,1200000,0,5,1.025375,0.854,178365505.000000000
bevy_columns,explosion_r50_first,1000000,2,500000,125290,3,1.572666,3.145,71071818.000000000
bevy_columns,shuffled_position,1000000,2,1000000,0,0,57.058958,57.059,-453538.000000000
bevy_columns,add_10pct_live_queries_batch100,1000000,2,100000,0,0,9.344834,93.448,0.000000000
bevy_columns,all_light_after_add,1000000,2,1375000,0,10,1.152834,0.838,2055966.582031250
bevy_columns,health_after_add,1000000,2,2750000,0,15,2.691375,0.979,408175930.000000000
bevy_columns,remove_1pct,1000000,2,10000,0,0,4.593417,459.342,0.000000000
bevy_columns,replace_1pct,1000000,2,10000,0,0,1.245500,124.550,0.000000000
bevy_columns,health_after_churn,1000000,2,2750000,0,15,2.273500,0.827,408175930.000000000
bevy_columns,create_individual,1000000,3,1000000,0,0,66.951208,66.951,0.000000000
bevy_columns,create_bulk,1000000,3,1000000,0,0,51.367042,51.367,0.000000000
bevy_columns,create_queries,1000000,3,5,0,0,0.011292,2258.400,0.000000000
bevy_columns,spot_color,1000000,3,500000,0,5,0.367458,0.735,747606.289062500
bevy_columns,all_light_color,1000000,3,1250000,0,10,0.796916,0.638,1868922.539062500
bevy_columns,health_position,1000000,3,2500000,0,15,2.182292,0.873,371020340.000000000
bevy_columns,enemy_health_position,1000000,3,1200000,0,5,0.953500,0.795,178365505.000000000
bevy_columns,explosion_r50_first,1000000,3,500000,125290,3,1.506792,3.014,71071818.000000000
bevy_columns,shuffled_position,1000000,3,1000000,0,0,62.010750,62.011,-453538.000000000
bevy_columns,add_10pct_live_queries_batch100,1000000,3,100000,0,0,9.221125,92.211,0.000000000
bevy_columns,all_light_after_add,1000000,3,1375000,0,10,1.114333,0.810,2055966.582031250
bevy_columns,health_after_add,1000000,3,2750000,0,15,2.331750,0.848,408175930.000000000
bevy_columns,remove_1pct,1000000,3,10000,0,0,4.498250,449.825,0.000000000
bevy_columns,replace_1pct,1000000,3,10000,0,0,1.192500,119.250,0.000000000
bevy_columns,health_after_churn,1000000,3,2750000,0,15,2.322875,0.845,408175930.000000000
bevy_rows,create_individual,1000000,3,1000000,0,0,40.358042,40.358,0.000000000
bevy_rows,create_bulk,1000000,3,1000000,0,0,35.839583,35.840,0.000000000
bevy_rows,create_queries,1000000,3,5,0,0,0.010875,2175.000,0.000000000
bevy_rows,spot_color,1000000,3,500000,0,5,0.376542,0.753,747606.289062500
bevy_rows,all_light_color,1000000,3,1250000,0,10,0.913041,0.730,1868922.539062500
bevy_rows,health_position,1000000,3,2500000,0,15,2.163292,0.865,371020340.000000000
bevy_rows,enemy_health_position,1000000,3,1200000,0,5,0.921917,0.768,178365505.000000000
bevy_rows,explosion_r50_first,1000000,3,500000,125290,3,1.528708,3.057,71071818.000000000
bevy_rows,shuffled_position,1000000,3,1000000,0,0,63.892708,63.893,-453538.000000000
bevy_rows,add_10pct_live_queries_batch100,1000000,3,100000,0,0,7.166625,71.666,0.000000000
bevy_rows,all_light_after_add,1000000,3,1375000,0,10,1.732125,1.260,2055966.582031250
bevy_rows,health_after_add,1000000,3,2750000,0,15,2.780416,1.011,408175930.000000000
bevy_rows,remove_1pct,1000000,3,10000,0,0,4.211208,421.121,0.000000000
bevy_rows,replace_1pct,1000000,3,10000,0,0,0.826375,82.638,0.000000000
bevy_rows,health_after_churn,1000000,3,2750000,0,15,2.271834,0.826,408175930.000000000
bevy_rows,create_individual,1000000,4,1000000,0,0,40.171291,40.171,0.000000000
bevy_rows,create_bulk,1000000,4,1000000,0,0,34.928500,34.928,0.000000000
bevy_rows,create_queries,1000000,4,5,0,0,0.011917,2383.400,0.000000000
bevy_rows,spot_color,1000000,4,500000,0,5,0.411292,0.823,747606.289062500
bevy_rows,all_light_color,1000000,4,1250000,0,10,0.886916,0.710,1868922.539062500
bevy_rows,health_position,1000000,4,2500000,0,15,1.906584,0.763,371020340.000000000
bevy_rows,enemy_health_position,1000000,4,1200000,0,5,0.915458,0.763,178365505.000000000
bevy_rows,explosion_r50_first,1000000,4,500000,125290,3,1.459000,2.918,71071818.000000000
bevy_rows,shuffled_position,1000000,4,1000000,0,0,63.811083,63.811,-453538.000000000
bevy_rows,add_10pct_live_queries_batch100,1000000,4,100000,0,0,7.248500,72.485,0.000000000
bevy_rows,all_light_after_add,1000000,4,1375000,0,10,1.298166,0.944,2055966.582031250
bevy_rows,health_after_add,1000000,4,2750000,0,15,2.843625,1.034,408175930.000000000
bevy_rows,remove_1pct,1000000,4,10000,0,0,3.908375,390.837,0.000000000
bevy_rows,replace_1pct,1000000,4,10000,0,0,0.820125,82.013,0.000000000
bevy_rows,health_after_churn,1000000,4,2750000,0,15,2.371041,0.862,408175930.000000000
bevy_columns,create_individual,1000000,4,1000000,0,0,69.090000,69.090,0.000000000
bevy_columns,create_bulk,1000000,4,1000000,0,0,51.895750,51.896,0.000000000
bevy_columns,create_queries,1000000,4,5,0,0,0.009750,1950.000,0.000000000
bevy_columns,spot_color,1000000,4,500000,0,5,0.329417,0.659,747606.289062500
bevy_columns,all_light_color,1000000,4,1250000,0,10,0.742083,0.594,1868922.539062500
bevy_columns,health_position,1000000,4,2500000,0,15,2.090792,0.836,371020340.000000000
bevy_columns,enemy_health_position,1000000,4,1200000,0,5,0.998625,0.832,178365505.000000000
bevy_columns,explosion_r50_first,1000000,4,500000,125290,3,1.568000,3.136,71071818.000000000
bevy_columns,shuffled_position,1000000,4,1000000,0,0,57.757167,57.757,-453538.000000000
bevy_columns,add_10pct_live_queries_batch100,1000000,4,100000,0,0,9.623584,96.236,0.000000000
bevy_columns,all_light_after_add,1000000,4,1375000,0,10,1.198458,0.872,2055966.582031250
bevy_columns,health_after_add,1000000,4,2750000,0,15,2.589958,0.942,408175930.000000000
bevy_columns,remove_1pct,1000000,4,10000,0,0,4.594083,459.408,0.000000000
bevy_columns,replace_1pct,1000000,4,10000,0,0,1.186792,118.679,0.000000000
bevy_columns,health_after_churn,1000000,4,2750000,0,15,2.243833,0.816,408175930.000000000
bevy_columns,create_individual,1000000,5,1000000,0,0,66.520042,66.520,0.000000000
bevy_columns,create_bulk,1000000,5,1000000,0,0,51.159000,51.159,0.000000000
bevy_columns,create_queries,1000000,5,5,0,0,0.009917,1983.400,0.000000000
bevy_columns,spot_color,1000000,5,500000,0,5,0.304042,0.608,747606.289062500
bevy_columns,all_light_color,1000000,5,1250000,0,10,0.763667,0.611,1868922.539062500
bevy_columns,health_position,1000000,5,2500000,0,15,2.134583,0.854,371020340.000000000
bevy_columns,enemy_health_position,1000000,5,1200000,0,5,1.012792,0.844,178365505.000000000
bevy_columns,explosion_r50_first,1000000,5,500000,125290,3,1.526166,3.052,71071818.000000000
bevy_columns,shuffled_position,1000000,5,1000000,0,0,62.690542,62.691,-453538.000000000
bevy_columns,add_10pct_live_queries_batch100,1000000,5,100000,0,0,9.163084,91.631,0.000000000
bevy_columns,all_light_after_add,1000000,5,1375000,0,10,1.134792,0.825,2055966.582031250
bevy_columns,health_after_add,1000000,5,2750000,0,15,2.362625,0.859,408175930.000000000
bevy_columns,remove_1pct,1000000,5,10000,0,0,4.396416,439.642,0.000000000
bevy_columns,replace_1pct,1000000,5,10000,0,0,1.155875,115.588,0.000000000
bevy_columns,health_after_churn,1000000,5,2750000,0,15,2.217791,0.806,408175930.000000000
bevy_rows,create_individual,1000000,5,1000000,0,0,39.762625,39.763,0.000000000
bevy_rows,create_bulk,1000000,5,1000000,0,0,34.489833,34.490,0.000000000
bevy_rows,create_queries,1000000,5,5,0,0,0.012291,2458.200,0.000000000
bevy_rows,spot_color,1000000,5,500000,0,5,0.403959,0.808,747606.289062500
bevy_rows,all_light_color,1000000,5,1250000,0,10,0.889750,0.712,1868922.539062500
bevy_rows,health_position,1000000,5,2500000,0,15,1.952000,0.781,371020340.000000000
bevy_rows,enemy_health_position,1000000,5,1200000,0,5,0.888875,0.741,178365505.000000000
bevy_rows,explosion_r50_first,1000000,5,500000,125290,3,1.491834,2.984,71071818.000000000
bevy_rows,shuffled_position,1000000,5,1000000,0,0,63.427542,63.428,-453538.000000000
bevy_rows,add_10pct_live_queries_batch100,1000000,5,100000,0,0,6.952583,69.526,0.000000000
bevy_rows,all_light_after_add,1000000,5,1375000,0,10,1.576583,1.147,2055966.582031250
bevy_rows,health_after_add,1000000,5,2750000,0,15,2.791416,1.015,408175930.000000000
bevy_rows,remove_1pct,1000000,5,10000,0,0,3.530125,353.012,0.000000000
bevy_rows,replace_1pct,1000000,5,10000,0,0,0.827333,82.733,0.000000000
bevy_rows,health_after_churn,1000000,5,2750000,0,15,2.094000,0.761,408175930.000000000
bevy_rows,create_individual,1000000,6,1000000,0,0,39.726375,39.726,0.000000000
bevy_rows,create_bulk,1000000,6,1000000,0,0,35.526709,35.527,0.000000000
bevy_rows,create_queries,1000000,6,5,0,0,0.016542,3308.400,0.000000000
bevy_rows,spot_color,1000000,6,500000,0,5,0.346041,0.692,747606.289062500
bevy_rows,all_light_color,1000000,6,1250000,0,10,0.865750,0.693,1868922.539062500
bevy_rows,health_position,1000000,6,2500000,0,15,1.981042,0.792,371020340.000000000
bevy_rows,enemy_health_position,1000000,6,1200000,0,5,0.899750,0.750,178365505.000000000
bevy_rows,explosion_r50_first,1000000,6,500000,125290,3,1.482375,2.965,71071818.000000000
bevy_rows,shuffled_position,1000000,6,1000000,0,0,63.253083,63.253,-453538.000000000
bevy_rows,add_10pct_live_queries_batch100,1000000,6,100000,0,0,7.116250,71.162,0.000000000
bevy_rows,all_light_after_add,1000000,6,1375000,0,10,1.726042,1.255,2055966.582031250
bevy_rows,health_after_add,1000000,6,2750000,0,15,2.793708,1.016,408175930.000000000
bevy_rows,remove_1pct,1000000,6,10000,0,0,3.485375,348.538,0.000000000
bevy_rows,replace_1pct,1000000,6,10000,0,0,0.864917,86.492,0.000000000
bevy_rows,health_after_churn,1000000,6,2750000,0,15,2.166375,0.788,408175930.000000000
bevy_columns,create_individual,1000000,6,1000000,0,0,69.798833,69.799,0.000000000
bevy_columns,create_bulk,1000000,6,1000000,0,0,53.413000,53.413,0.000000000
bevy_columns,create_queries,1000000,6,5,0,0,0.009167,1833.400,0.000000000
bevy_columns,spot_color,1000000,6,500000,0,5,0.329334,0.659,747606.289062500
bevy_columns,all_light_color,1000000,6,1250000,0,10,0.796208,0.637,1868922.539062500
bevy_columns,health_position,1000000,6,2500000,0,15,2.084375,0.834,371020340.000000000
bevy_columns,enemy_health_position,1000000,6,1200000,0,5,1.014334,0.845,178365505.000000000
bevy_columns,explosion_r50_first,1000000,6,500000,125290,3,1.534167,3.068,71071818.000000000
bevy_columns,shuffled_position,1000000,6,1000000,0,0,57.800959,57.801,-453538.000000000
bevy_columns,add_10pct_live_queries_batch100,1000000,6,100000,0,0,9.668041,96.680,0.000000000
bevy_columns,all_light_after_add,1000000,6,1375000,0,10,1.171583,0.852,2055966.582031250
bevy_columns,health_after_add,1000000,6,2750000,0,15,2.648125,0.963,408175930.000000000
bevy_columns,remove_1pct,1000000,6,10000,0,0,4.497166,449.717,0.000000000
bevy_columns,replace_1pct,1000000,6,10000,0,0,1.182917,118.292,0.000000000
bevy_columns,health_after_churn,1000000,6,2750000,0,15,2.215417,0.806,408175930.000000000
bevy_columns,create_individual,1000000,7,1000000,0,0,66.428500,66.428,0.000000000
bevy_columns,create_bulk,1000000,7,1000000,0,0,50.893416,50.893,0.000000000
bevy_columns,create_queries,1000000,7,5,0,0,0.007500,1500.000,0.000000000
bevy_columns,spot_color,1000000,7,500000,0,5,0.370375,0.741,747606.289062500
bevy_columns,all_light_color,1000000,7,1250000,0,10,0.778541,0.623,1868922.539062500
bevy_columns,health_position,1000000,7,2500000,0,15,2.090458,0.836,371020340.000000000
bevy_columns,enemy_health_position,1000000,7,1200000,0,5,0.998125,0.832,178365505.000000000
bevy_columns,explosion_r50_first,1000000,7,500000,125290,3,1.574292,3.149,71071818.000000000
bevy_columns,shuffled_position,1000000,7,1000000,0,0,62.831167,62.831,-453538.000000000
bevy_columns,add_10pct_live_queries_batch100,1000000,7,100000,0,0,9.260416,92.604,0.000000000
bevy_columns,all_light_after_add,1000000,7,1375000,0,10,1.212625,0.882,2055966.582031250
bevy_columns,health_after_add,1000000,7,2750000,0,15,2.285417,0.831,408175930.000000000
bevy_columns,remove_1pct,1000000,7,10000,0,0,4.460500,446.050,0.000000000
bevy_columns,replace_1pct,1000000,7,10000,0,0,1.320209,132.021,0.000000000
bevy_columns,health_after_churn,1000000,7,2750000,0,15,2.241334,0.815,408175930.000000000
bevy_rows,create_individual,1000000,7,1000000,0,0,39.904959,39.905,0.000000000
bevy_rows,create_bulk,1000000,7,1000000,0,0,35.863958,35.864,0.000000000
bevy_rows,create_queries,1000000,7,5,0,0,0.010708,2141.600,0.000000000
bevy_rows,spot_color,1000000,7,500000,0,5,0.368958,0.738,747606.289062500
bevy_rows,all_light_color,1000000,7,1250000,0,10,0.956208,0.765,1868922.539062500
bevy_rows,health_position,1000000,7,2500000,0,15,2.088083,0.835,371020340.000000000
bevy_rows,enemy_health_position,1000000,7,1200000,0,5,0.904417,0.754,178365505.000000000
bevy_rows,explosion_r50_first,1000000,7,500000,125290,3,1.429584,2.859,71071818.000000000
bevy_rows,shuffled_position,1000000,7,1000000,0,0,63.111583,63.112,-453538.000000000
bevy_rows,add_10pct_live_queries_batch100,1000000,7,100000,0,0,7.054834,70.548,0.000000000
bevy_rows,all_light_after_add,1000000,7,1375000,0,10,1.642709,1.195,2055966.582031250
bevy_rows,health_after_add,1000000,7,2750000,0,15,2.764917,1.005,408175930.000000000
bevy_rows,remove_1pct,1000000,7,10000,0,0,3.500166,350.017,0.000000000
bevy_rows,replace_1pct,1000000,7,10000,0,0,0.827833,82.783,0.000000000
bevy_rows,health_after_churn,1000000,7,2750000,0,15,2.046667,0.744,408175930.000000000
