# packed_rows=16; repeated prototype values; Bevy always owns mutable component values
# Bevy ECS 0.19.1; seed=305419896; samples=7; one warmup; read_passes=5; damage=25; radii=17/36/63
# single-threaded World/QueryState; default table storage; normal change tracking; no rendering, schedule, serialization, reset/unload timing or disk I/O
# batches counts matched tables per query pass; fixture and caller ID arrays excluded from backend heap; no RSS or allocator overhead
backend,operation,rows,sample,operations,hits,batches,total_ms,ns_per_operation,checksum
bevy_columns,packed_populate_and_ids,1000000,1,1000000,0,0,50.990625,50.991,0.000000000
bevy_columns,packed_create_queries,1000000,1,2,0,0,0.008459,4229.500,0.000000000
bevy_columns,packed_light_color,1000000,1,1250000,0,10,0.744333,0.595,1825317.382812500
bevy_columns,packed_0pct_random_get,1000000,1,1000000,0,0,43.337708,43.338,80237500.000000000
bevy_columns,packed_0pct_health_query,1000000,1,2500000,0,15,2.042708,0.817,372846875.000000000
bevy_columns,packed_1pct_update_first,1000000,1,10000,0,0,0.628750,62.875,690123.000000000
bevy_columns,packed_1pct_update_repeat,1000000,1,10000,0,0,0.136125,13.613,700123.000000000
bevy_columns,packed_1pct_random_get,1000000,1,1000000,0,0,46.075333,46.075,80257500.000000000
bevy_columns,packed_1pct_health_query,1000000,1,2500000,0,15,2.014375,0.806,372888465.000000000
bevy_columns,packed_10pct_update_first,1000000,1,100000,0,0,5.865417,58.654,7010657.000000000
bevy_columns,packed_10pct_update_repeat,1000000,1,100000,0,0,5.291375,52.914,7110657.000000000
bevy_columns,packed_10pct_random_get,1000000,1,1000000,0,0,45.896542,45.897,80437500.000000000
bevy_columns,packed_10pct_health_query,1000000,1,2500000,0,15,2.081625,0.833,373270815.000000000
bevy_rows,packed_populate_and_ids,1000000,1,1000000,0,0,35.591584,35.592,0.000000000
bevy_rows,packed_create_queries,1000000,1,2,0,0,0.014500,7250.000,0.000000000
bevy_rows,packed_light_color,1000000,1,1250000,0,10,0.913708,0.731,1825317.382812500
bevy_rows,packed_0pct_random_get,1000000,1,1000000,0,0,52.142250,52.142,80237500.000000000
bevy_rows,packed_0pct_health_query,1000000,1,2500000,0,15,2.278625,0.911,372846875.000000000
bevy_rows,packed_1pct_update_first,1000000,1,10000,0,0,0.665708,66.571,690123.000000000
bevy_rows,packed_1pct_update_repeat,1000000,1,10000,0,0,0.213250,21.325,700123.000000000
bevy_rows,packed_1pct_random_get,1000000,1,1000000,0,0,51.481791,51.482,80257500.000000000
bevy_rows,packed_1pct_health_query,1000000,1,2500000,0,15,2.198666,0.879,372888465.000000000
bevy_rows,packed_10pct_update_first,1000000,1,100000,0,0,6.091000,60.910,7010657.000000000
bevy_rows,packed_10pct_update_repeat,1000000,1,100000,0,0,5.684750,56.847,7110657.000000000
bevy_rows,packed_10pct_random_get,1000000,1,1000000,0,0,52.887750,52.888,80437500.000000000
bevy_rows,packed_10pct_health_query,1000000,1,2500000,0,15,2.197916,0.879,373270815.000000000
bevy_rows,packed_populate_and_ids,1000000,2,1000000,0,0,35.001000,35.001,0.000000000
bevy_rows,packed_create_queries,1000000,2,2,0,0,0.007834,3917.000,0.000000000
bevy_rows,packed_light_color,1000000,2,1250000,0,10,0.891042,0.713,1825317.382812500
bevy_rows,packed_0pct_random_get,1000000,2,1000000,0,0,51.941375,51.941,80237500.000000000
bevy_rows,packed_0pct_health_query,1000000,2,2500000,0,15,2.188958,0.876,372846875.000000000
bevy_rows,packed_1pct_update_first,1000000,2,10000,0,0,0.649708,64.971,690123.000000000
bevy_rows,packed_1pct_update_repeat,1000000,2,10000,0,0,0.205542,20.554,700123.000000000
bevy_rows,packed_1pct_random_get,1000000,2,1000000,0,0,60.888917,60.889,80257500.000000000
bevy_rows,packed_1pct_health_query,1000000,2,2500000,0,15,2.182000,0.873,372888465.000000000
bevy_rows,packed_10pct_update_first,1000000,2,100000,0,0,6.253709,62.537,7010657.000000000
bevy_rows,packed_10pct_update_repeat,1000000,2,100000,0,0,5.678792,56.788,7110657.000000000
bevy_rows,packed_10pct_random_get,1000000,2,1000000,0,0,52.893958,52.894,80437500.000000000
bevy_rows,packed_10pct_health_query,1000000,2,2500000,0,15,2.127958,0.851,373270815.000000000
bevy_columns,packed_populate_and_ids,1000000,2,1000000,0,0,51.238791,51.239,0.000000000
bevy_columns,packed_create_queries,1000000,2,2,0,0,0.007750,3875.000,0.000000000
bevy_columns,packed_light_color,1000000,2,1250000,0,10,0.779041,0.623,1825317.382812500
bevy_columns,packed_0pct_random_get,1000000,2,1000000,0,0,41.294708,41.295,80237500.000000000
bevy_columns,packed_0pct_health_query,1000000,2,2500000,0,15,2.052583,0.821,372846875.000000000
bevy_columns,packed_1pct_update_first,1000000,2,10000,0,0,0.594625,59.462,690123.000000000
bevy_columns,packed_1pct_update_repeat,1000000,2,10000,0,0,0.134292,13.429,700123.000000000
bevy_columns,packed_1pct_random_get,1000000,2,1000000,0,0,40.634208,40.634,80257500.000000000
bevy_columns,packed_1pct_health_query,1000000,2,2500000,0,15,2.136834,0.855,372888465.000000000
bevy_columns,packed_10pct_update_first,1000000,2,100000,0,0,5.501875,55.019,7010657.000000000
bevy_columns,packed_10pct_update_repeat,1000000,2,100000,0,0,4.805458,48.055,7110657.000000000
bevy_columns,packed_10pct_random_get,1000000,2,1000000,0,0,42.312583,42.313,80437500.000000000
bevy_columns,packed_10pct_health_query,1000000,2,2500000,0,15,2.053917,0.822,373270815.000000000
bevy_columns,packed_populate_and_ids,1000000,3,1000000,0,0,51.472917,51.473,0.000000000
bevy_columns,packed_create_queries,1000000,3,2,0,0,0.008000,4000.000,0.000000000
bevy_columns,packed_light_color,1000000,3,1250000,0,10,0.794625,0.636,1825317.382812500
bevy_columns,packed_0pct_random_get,1000000,3,1000000,0,0,44.393292,44.393,80237500.000000000
bevy_columns,packed_0pct_health_query,1000000,3,2500000,0,15,2.073958,0.830,372846875.000000000
bevy_columns,packed_1pct_update_first,1000000,3,10000,0,0,0.651959,65.196,690123.000000000
bevy_columns,packed_1pct_update_repeat,1000000,3,10000,0,0,0.153792,15.379,700123.000000000
bevy_columns,packed_1pct_random_get,1000000,3,1000000,0,0,46.339791,46.340,80257500.000000000
bevy_columns,packed_1pct_health_query,1000000,3,2500000,0,15,2.008875,0.804,372888465.000000000
bevy_columns,packed_10pct_update_first,1000000,3,100000,0,0,5.770917,57.709,7010657.000000000
bevy_columns,packed_10pct_update_repeat,1000000,3,100000,0,0,5.257750,52.578,7110657.000000000
bevy_columns,packed_10pct_random_get,1000000,3,1000000,0,0,46.058958,46.059,80437500.000000000
bevy_columns,packed_10pct_health_query,1000000,3,2500000,0,15,2.103333,0.841,373270815.000000000
bevy_rows,packed_populate_and_ids,1000000,3,1000000,0,0,35.245791,35.246,0.000000000
bevy_rows,packed_create_queries,1000000,3,2,0,0,0.009458,4729.000,0.000000000
bevy_rows,packed_light_color,1000000,3,1250000,0,10,0.906125,0.725,1825317.382812500
bevy_rows,packed_0pct_random_get,1000000,3,1000000,0,0,52.260208,52.260,80237500.000000000
bevy_rows,packed_0pct_health_query,1000000,3,2500000,0,15,2.178167,0.871,372846875.000000000
bevy_rows,packed_1pct_update_first,1000000,3,10000,0,0,0.635333,63.533,690123.000000000
bevy_rows,packed_1pct_update_repeat,1000000,3,10000,0,0,0.449334,44.933,700123.000000000
bevy_rows,packed_1pct_random_get,1000000,3,1000000,0,0,53.006750,53.007,80257500.000000000
bevy_rows,packed_1pct_health_query,1000000,3,2500000,0,15,2.217625,0.887,372888465.000000000
bevy_rows,packed_10pct_update_first,1000000,3,100000,0,0,5.871041,58.710,7010657.000000000
bevy_rows,packed_10pct_update_repeat,1000000,3,100000,0,0,5.858584,58.586,7110657.000000000
bevy_rows,packed_10pct_random_get,1000000,3,1000000,0,0,52.606166,52.606,80437500.000000000
bevy_rows,packed_10pct_health_query,1000000,3,2500000,0,15,2.030916,0.812,373270815.000000000
bevy_rows,packed_populate_and_ids,1000000,4,1000000,0,0,34.446042,34.446,0.000000000
bevy_rows,packed_create_queries,1000000,4,2,0,0,0.009416,4708.000,0.000000000
bevy_rows,packed_light_color,1000000,4,1250000,0,10,0.839250,0.671,1825317.382812500
bevy_rows,packed_0pct_random_get,1000000,4,1000000,0,0,53.383834,53.384,80237500.000000000
bevy_rows,packed_0pct_health_query,1000000,4,2500000,0,15,2.156541,0.863,372846875.000000000
bevy_rows,packed_1pct_update_first,1000000,4,10000,0,0,0.585291,58.529,690123.000000000
bevy_rows,packed_1pct_update_repeat,1000000,4,10000,0,0,0.140208,14.021,700123.000000000
bevy_rows,packed_1pct_random_get,1000000,4,1000000,0,0,53.186125,53.186,80257500.000000000
bevy_rows,packed_1pct_health_query,1000000,4,2500000,0,15,2.296750,0.919,372888465.000000000
bevy_rows,packed_10pct_update_first,1000000,4,100000,0,0,6.110125,61.101,7010657.000000000
bevy_rows,packed_10pct_update_repeat,1000000,4,100000,0,0,5.837041,58.370,7110657.000000000
bevy_rows,packed_10pct_random_get,1000000,4,1000000,0,0,52.671333,52.671,80437500.000000000
bevy_rows,packed_10pct_health_query,1000000,4,2500000,0,15,2.006959,0.803,373270815.000000000
bevy_columns,packed_populate_and_ids,1000000,4,1000000,0,0,50.360083,50.360,0.000000000
bevy_columns,packed_create_queries,1000000,4,2,0,0,0.008083,4041.500,0.000000000
bevy_columns,packed_light_color,1000000,4,1250000,0,10,0.743166,0.595,1825317.382812500
bevy_columns,packed_0pct_random_get,1000000,4,1000000,0,0,43.693750,43.694,80237500.000000000
bevy_columns,packed_0pct_health_query,1000000,4,2500000,0,15,2.013916,0.806,372846875.000000000
bevy_columns,packed_1pct_update_first,1000000,4,10000,0,0,0.553583,55.358,690123.000000000
bevy_columns,packed_1pct_update_repeat,1000000,4,10000,0,0,0.183584,18.358,700123.000000000
bevy_columns,packed_1pct_random_get,1000000,4,1000000,0,0,43.434667,43.435,80257500.000000000
bevy_columns,packed_1pct_health_query,1000000,4,2500000,0,15,2.040625,0.816,372888465.000000000
bevy_columns,packed_10pct_update_first,1000000,4,100000,0,0,5.327542,53.275,7010657.000000000
bevy_columns,packed_10pct_update_repeat,1000000,4,100000,0,0,5.043250,50.432,7110657.000000000
bevy_columns,packed_10pct_random_get,1000000,4,1000000,0,0,42.095625,42.096,80437500.000000000
bevy_columns,packed_10pct_health_query,1000000,4,2500000,0,15,2.134834,0.854,373270815.000000000
bevy_columns,packed_populate_and_ids,1000000,5,1000000,0,0,49.648667,49.649,0.000000000
bevy_columns,packed_create_queries,1000000,5,2,0,0,0.005542,2771.000,0.000000000
bevy_columns,packed_light_color,1000000,5,1250000,0,10,0.798000,0.638,1825317.382812500
bevy_columns,packed_0pct_random_get,1000000,5,1000000,0,0,50.176208,50.176,80237500.000000000
bevy_columns,packed_0pct_health_query,1000000,5,2500000,0,15,2.457208,0.983,372846875.000000000
bevy_columns,packed_1pct_update_first,1000000,5,10000,0,0,0.619875,61.987,690123.000000000
bevy_columns,packed_1pct_update_repeat,1000000,5,10000,0,0,0.183334,18.333,700123.000000000
bevy_columns,packed_1pct_random_get,1000000,5,1000000,0,0,47.096875,47.097,80257500.000000000
bevy_columns,packed_1pct_health_query,1000000,5,2500000,0,15,2.117667,0.847,372888465.000000000
bevy_columns,packed_10pct_update_first,1000000,5,100000,0,0,6.129709,61.297,7010657.000000000
bevy_columns,packed_10pct_update_repeat,1000000,5,100000,0,0,5.309209,53.092,7110657.000000000
bevy_columns,packed_10pct_random_get,1000000,5,1000000,0,0,46.357834,46.358,80437500.000000000
bevy_columns,packed_10pct_health_query,1000000,5,2500000,0,15,2.117375,0.847,373270815.000000000
bevy_rows,packed_populate_and_ids,1000000,5,1000000,0,0,36.473875,36.474,0.000000000
bevy_rows,packed_create_queries,1000000,5,2,0,0,0.010000,5000.000,0.000000000
bevy_rows,packed_light_color,1000000,5,1250000,0,10,0.838292,0.671,1825317.382812500
bevy_rows,packed_0pct_random_get,1000000,5,1000000,0,0,52.228208,52.228,80237500.000000000
bevy_rows,packed_0pct_health_query,1000000,5,2500000,0,15,2.135875,0.854,372846875.000000000
bevy_rows,packed_1pct_update_first,1000000,5,10000,0,0,0.616708,61.671,690123.000000000
bevy_rows,packed_1pct_update_repeat,1000000,5,10000,0,0,0.149416,14.942,700123.000000000
bevy_rows,packed_1pct_random_get,1000000,5,1000000,0,0,51.863166,51.863,80257500.000000000
bevy_rows,packed_1pct_health_query,1000000,5,2500000,0,15,2.149833,0.860,372888465.000000000
bevy_rows,packed_10pct_update_first,1000000,5,100000,0,0,5.984209,59.842,7010657.000000000
bevy_rows,packed_10pct_update_repeat,1000000,5,100000,0,0,5.541583,55.416,7110657.000000000
bevy_rows,packed_10pct_random_get,1000000,5,1000000,0,0,51.823042,51.823,80437500.000000000
bevy_rows,packed_10pct_health_query,1000000,5,2500000,0,15,2.028625,0.811,373270815.000000000
bevy_rows,packed_populate_and_ids,1000000,6,1000000,0,0,33.671750,33.672,0.000000000
bevy_rows,packed_create_queries,1000000,6,2,0,0,0.009583,4791.500,0.000000000
bevy_rows,packed_light_color,1000000,6,1250000,0,10,0.938541,0.751,1825317.382812500
bevy_rows,packed_0pct_random_get,1000000,6,1000000,0,0,52.763250,52.763,80237500.000000000
bevy_rows,packed_0pct_health_query,1000000,6,2500000,0,15,2.160167,0.864,372846875.000000000
bevy_rows,packed_1pct_update_first,1000000,6,10000,0,0,0.698167,69.817,690123.000000000
bevy_rows,packed_1pct_update_repeat,1000000,6,10000,0,0,0.423250,42.325,700123.000000000
bevy_rows,packed_1pct_random_get,1000000,6,1000000,0,0,52.955792,52.956,80257500.000000000
bevy_rows,packed_1pct_health_query,1000000,6,2500000,0,15,1.997208,0.799,372888465.000000000
bevy_rows,packed_10pct_update_first,1000000,6,100000,0,0,5.930375,59.304,7010657.000000000
bevy_rows,packed_10pct_update_repeat,1000000,6,100000,0,0,5.966833,59.668,7110657.000000000
bevy_rows,packed_10pct_random_get,1000000,6,1000000,0,0,53.079625,53.080,80437500.000000000
bevy_rows,packed_10pct_health_query,1000000,6,2500000,0,15,2.220416,0.888,373270815.000000000
bevy_columns,packed_populate_and_ids,1000000,6,1000000,0,0,50.827167,50.827,0.000000000
bevy_columns,packed_create_queries,1000000,6,2,0,0,0.009083,4541.500,0.000000000
bevy_columns,packed_light_color,1000000,6,1250000,0,10,0.792709,0.634,1825317.382812500
bevy_columns,packed_0pct_random_get,1000000,6,1000000,0,0,41.850541,41.851,80237500.000000000
bevy_columns,packed_0pct_health_query,1000000,6,2500000,0,15,2.030750,0.812,372846875.000000000
bevy_columns,packed_1pct_update_first,1000000,6,10000,0,0,0.576458,57.646,690123.000000000
bevy_columns,packed_1pct_update_repeat,1000000,6,10000,0,0,0.237333,23.733,700123.000000000
bevy_columns,packed_1pct_random_get,1000000,6,1000000,0,0,41.279917,41.280,80257500.000000000
bevy_columns,packed_1pct_health_query,1000000,6,2500000,0,15,1.983125,0.793,372888465.000000000
bevy_columns,packed_10pct_update_first,1000000,6,100000,0,0,5.323750,53.237,7010657.000000000
bevy_columns,packed_10pct_update_repeat,1000000,6,100000,0,0,5.088125,50.881,7110657.000000000
bevy_columns,packed_10pct_random_get,1000000,6,1000000,0,0,44.624583,44.625,80437500.000000000
bevy_columns,packed_10pct_health_query,1000000,6,2500000,0,15,2.100875,0.840,373270815.000000000
bevy_columns,packed_populate_and_ids,1000000,7,1000000,0,0,48.994000,48.994,0.000000000
bevy_columns,packed_create_queries,1000000,7,2,0,0,0.011417,5708.500,0.000000000
bevy_columns,packed_light_color,1000000,7,1250000,0,10,0.805208,0.644,1825317.382812500
bevy_columns,packed_0pct_random_get,1000000,7,1000000,0,0,45.682166,45.682,80237500.000000000
bevy_columns,packed_0pct_health_query,1000000,7,2500000,0,15,2.007625,0.803,372846875.000000000
bevy_columns,packed_1pct_update_first,1000000,7,10000,0,0,0.667666,66.767,690123.000000000
bevy_columns,packed_1pct_update_repeat,1000000,7,10000,0,0,0.223625,22.363,700123.000000000
bevy_columns,packed_1pct_random_get,1000000,7,1000000,0,0,45.166375,45.166,80257500.000000000
bevy_columns,packed_1pct_health_query,1000000,7,2500000,0,15,2.025125,0.810,372888465.000000000
bevy_columns,packed_10pct_update_first,1000000,7,100000,0,0,5.716000,57.160,7010657.000000000
bevy_columns,packed_10pct_update_repeat,1000000,7,100000,0,0,4.748209,47.482,7110657.000000000
bevy_columns,packed_10pct_random_get,1000000,7,1000000,0,0,44.194583,44.195,80437500.000000000
bevy_columns,packed_10pct_health_query,1000000,7,2500000,0,15,2.082708,0.833,373270815.000000000
bevy_rows,packed_populate_and_ids,1000000,7,1000000,0,0,34.629667,34.630,0.000000000
bevy_rows,packed_create_queries,1000000,7,2,0,0,0.008083,4041.500,0.000000000
bevy_rows,packed_light_color,1000000,7,1250000,0,10,0.845125,0.676,1825317.382812500
bevy_rows,packed_0pct_random_get,1000000,7,1000000,0,0,51.436334,51.436,80237500.000000000
bevy_rows,packed_0pct_health_query,1000000,7,2500000,0,15,1.931750,0.773,372846875.000000000
bevy_rows,packed_1pct_update_first,1000000,7,10000,0,0,0.614791,61.479,690123.000000000
bevy_rows,packed_1pct_update_repeat,1000000,7,10000,0,0,0.142208,14.221,700123.000000000
bevy_rows,packed_1pct_random_get,1000000,7,1000000,0,0,50.387250,50.387,80257500.000000000
bevy_rows,packed_1pct_health_query,1000000,7,2500000,0,15,2.025250,0.810,372888465.000000000
bevy_rows,packed_10pct_update_first,1000000,7,100000,0,0,5.861542,58.615,7010657.000000000
bevy_rows,packed_10pct_update_repeat,1000000,7,100000,0,0,5.691917,56.919,7110657.000000000
bevy_rows,packed_10pct_random_get,1000000,7,1000000,0,0,50.721167,50.721,80437500.000000000
bevy_rows,packed_10pct_health_query,1000000,7,2500000,0,15,1.940500,0.776,373270815.000000000
