rows,packed_rows,backend,operation,samples,operations,hits,batches,median_ms,median_ns_per_operation,min_ns_per_operation,max_ns_per_operation
1000000,0,bevy_columns,add_10pct_live_queries_batch100,7,100000,0,0,9.288625,92.886,91.631,96.680
1000000,0,bevy_columns,all_light_after_add,7,1375000,0,10,1.152834,0.838,0.810,0.882
1000000,0,bevy_columns,all_light_color,7,1250000,0,10,0.778541,0.623,0.594,0.659
1000000,0,bevy_columns,create_bulk,7,1000000,0,0,51.668958,51.669,50.893,53.413
1000000,0,bevy_columns,create_individual,7,1000000,0,0,67.724375,67.724,66.428,69.799
1000000,0,bevy_columns,create_queries,7,5,0,0,0.009917,1983.400,1500.000,2258.400
1000000,0,bevy_columns,enemy_health_position,7,1200000,0,5,0.998625,0.832,0.795,0.854
1000000,0,bevy_columns,explosion_r50_first,7,500000,125290,3,1.534167,3.068,3.005,3.149
1000000,0,bevy_columns,health_after_add,7,2750000,0,15,2.492291,0.906,0.831,0.979
1000000,0,bevy_columns,health_after_churn,7,2750000,0,15,2.243833,0.816,0.806,0.867
1000000,0,bevy_columns,health_position,7,2500000,0,15,2.134583,0.854,0.834,0.877
1000000,0,bevy_columns,remove_1pct,7,10000,0,0,4.498250,449.825,439.642,500.171
1000000,0,bevy_columns,replace_1pct,7,10000,0,0,1.192500,119.250,115.588,132.021
1000000,0,bevy_columns,shuffled_position,7,1000000,0,0,61.891584,61.892,57.059,62.831
1000000,0,bevy_columns,spot_color,7,500000,0,5,0.329417,0.659,0.608,0.741
1000000,0,bevy_rows,add_10pct_live_queries_batch100,7,100000,0,0,7.116250,71.162,69.526,73.037
1000000,0,bevy_rows,all_light_after_add,7,1375000,0,10,1.726042,1.255,0.944,1.319
1000000,0,bevy_rows,all_light_color,7,1250000,0,10,0.889750,0.712,0.676,0.765
1000000,0,bevy_rows,create_bulk,7,1000000,0,0,35.526709,35.527,34.490,35.864
1000000,0,bevy_rows,create_individual,7,1000000,0,0,39.904959,39.905,39.726,40.358
1000000,0,bevy_rows,create_queries,7,5,0,0,0.011917,2383.400,2141.600,3366.600
1000000,0,bevy_rows,enemy_health_position,7,1200000,0,5,0.915458,0.763,0.741,0.780
1000000,0,bevy_rows,explosion_r50_first,7,500000,125290,3,1.482375,2.965,2.859,3.096
1000000,0,bevy_rows,health_after_add,7,2750000,0,15,2.793708,1.016,1.005,1.087
1000000,0,bevy_rows,health_after_churn,7,2750000,0,15,2.166375,0.788,0.744,0.862
1000000,0,bevy_rows,health_position,7,2500000,0,15,2.017875,0.807,0.763,0.865
1000000,0,bevy_rows,remove_1pct,7,10000,0,0,3.538333,353.833,348.538,421.121
1000000,0,bevy_rows,replace_1pct,7,10000,0,0,0.827833,82.783,82.013,88.388
1000000,0,bevy_rows,shuffled_position,7,1000000,0,0,63.811083,63.811,63.112,69.143
1000000,0,bevy_rows,spot_color,7,500000,0,5,0.376542,0.753,0.692,0.823
1000000,0,data,add_10pct_live_queries_batch100,7,100000,0,0,4.085000,40.850,36.840,43.580
1000000,0,data,all_light_after_add,7,1375000,0,10,0.969000,0.705,0.670,0.740
1000000,0,data,all_light_color,7,1250000,0,10,0.886000,0.709,0.681,0.794
1000000,0,data,create_bulk,7,1000000,0,0,28.211000,28.211,28.088,28.651
1000000,0,data,create_individual,7,1000000,0,0,37.675000,37.675,37.013,38.451
1000000,0,data,create_queries,7,5,0,0,0.006000,1200.000,1000.000,2000.000
1000000,0,data,enemy_health_position,7,1200000,0,5,1.250000,1.042,1.019,1.060
1000000,0,data,explosion_r50_first,7,500000,125290,3,1.726000,3.452,3.328,3.626
1000000,0,data,health_after_add,7,2750000,0,15,2.826000,1.028,0.988,1.072
1000000,0,data,health_after_churn,7,2750000,0,15,2.837000,1.032,1.015,1.080
1000000,0,data,health_position,7,2500000,0,15,2.622000,1.049,1.003,1.082
1000000,0,data,remove_1pct,7,10000,0,0,0.791000,79.100,73.200,82.700
1000000,0,data,replace_1pct,7,10000,0,0,2.811000,281.100,274.300,295.100
1000000,0,data,shuffled_position,7,1000000,0,0,175.619000,175.619,163.770,178.014
1000000,0,data,spot_color,7,500000,0,5,0.362000,0.724,0.692,0.752
1000000,0,flecs_columns,add_10pct_live_queries_batch100,7,100000,0,0,1.142000,11.420,10.920,17.320
1000000,0,flecs_columns,all_light_after_add,7,1375000,0,10,0.848000,0.617,0.610,0.664
1000000,0,flecs_columns,all_light_color,7,1250000,0,10,0.808000,0.646,0.612,0.666
1000000,0,flecs_columns,create_bulk,7,1000000,0,0,2.692000,2.692,2.448,2.865
1000000,0,flecs_columns,create_individual,7,1000000,0,0,201.114000,201.114,200.100,201.836
1000000,0,flecs_columns,create_queries,7,5,0,0,0.030000,6000.000,5400.000,6600.000
1000000,0,flecs_columns,enemy_health_position,7,1200000,0,5,0.753000,0.627,0.608,0.653
1000000,0,flecs_columns,explosion_r50_first,7,500000,125290,3,1.298000,2.596,2.462,2.980
1000000,0,flecs_columns,health_after_add,7,2750000,0,15,2.062000,0.750,0.693,0.768
1000000,0,flecs_columns,health_after_churn,7,2750000,0,15,1.674000,0.609,0.605,0.647
1000000,0,flecs_columns,health_position,7,2500000,0,15,1.610000,0.644,0.606,0.736
1000000,0,flecs_columns,remove_1pct,7,10000,0,0,2.289000,228.900,217.900,233.000
1000000,0,flecs_columns,replace_1pct,7,10000,0,0,7.043000,704.300,632.400,762.800
1000000,0,flecs_columns,shuffled_position,7,1000000,0,0,63.024000,63.024,59.252,66.007
1000000,0,flecs_columns,spot_color,7,500000,0,5,0.305000,0.610,0.608,0.662
1000000,0,flecs_rows,add_10pct_live_queries_batch100,7,100000,0,0,1.133000,11.330,10.540,13.700
1000000,0,flecs_rows,all_light_after_add,7,1375000,0,10,0.918000,0.668,0.647,0.716
1000000,0,flecs_rows,all_light_color,7,1250000,0,10,0.827000,0.662,0.658,0.774
1000000,0,flecs_rows,create_bulk,7,1000000,0,0,2.819000,2.819,2.537,3.022
1000000,0,flecs_rows,create_individual,7,1000000,0,0,127.252000,127.252,125.266,127.843
1000000,0,flecs_rows,create_queries,7,5,0,0,0.037000,7400.000,6200.000,8800.000
1000000,0,flecs_rows,enemy_health_position,7,1200000,0,5,0.787000,0.656,0.646,0.670
1000000,0,flecs_rows,explosion_r50_first,7,500000,125290,3,1.320000,2.640,2.526,2.718
1000000,0,flecs_rows,health_after_add,7,2750000,0,15,2.466000,0.897,0.778,0.949
1000000,0,flecs_rows,health_after_churn,7,2750000,0,15,1.768000,0.643,0.615,0.664
1000000,0,flecs_rows,health_position,7,2500000,0,15,1.635000,0.654,0.620,0.665
1000000,0,flecs_rows,remove_1pct,7,10000,0,0,1.926000,192.600,181.400,201.500
1000000,0,flecs_rows,replace_1pct,7,10000,0,0,4.055000,405.500,376.300,428.100
1000000,0,flecs_rows,shuffled_position,7,1000000,0,0,68.353000,68.353,66.894,68.823
1000000,0,flecs_rows,spot_color,7,500000,0,5,0.334000,0.668,0.652,0.728
1000000,16,bevy_columns,packed_0pct_health_query,7,2500000,0,15,2.042708,0.817,0.803,0.983
1000000,16,bevy_columns,packed_0pct_random_get,7,1000000,0,0,43.693750,43.694,41.295,50.176
1000000,16,bevy_columns,packed_10pct_health_query,7,2500000,0,15,2.100875,0.840,0.822,0.854
1000000,16,bevy_columns,packed_10pct_random_get,7,1000000,0,0,44.624583,44.625,42.096,46.358
1000000,16,bevy_columns,packed_10pct_update_first,7,100000,0,0,5.716000,57.160,53.237,61.297
1000000,16,bevy_columns,packed_10pct_update_repeat,7,100000,0,0,5.088125,50.881,47.482,53.092
1000000,16,bevy_columns,packed_1pct_health_query,7,2500000,0,15,2.025125,0.810,0.793,0.855
1000000,16,bevy_columns,packed_1pct_random_get,7,1000000,0,0,45.166375,45.166,40.634,47.097
1000000,16,bevy_columns,packed_1pct_update_first,7,10000,0,0,0.619875,61.987,55.358,66.767
1000000,16,bevy_columns,packed_1pct_update_repeat,7,10000,0,0,0.183334,18.333,13.429,23.733
1000000,16,bevy_columns,packed_create_queries,7,2,0,0,0.008083,4041.500,2771.000,5708.500
1000000,16,bevy_columns,packed_light_color,7,1250000,0,10,0.792709,0.634,0.595,0.644
1000000,16,bevy_columns,packed_populate_and_ids,7,1000000,0,0,50.827167,50.827,48.994,51.473
1000000,16,bevy_rows,packed_0pct_health_query,7,2500000,0,15,2.160167,0.864,0.773,0.911
1000000,16,bevy_rows,packed_0pct_random_get,7,1000000,0,0,52.228208,52.228,51.436,53.384
1000000,16,bevy_rows,packed_10pct_health_query,7,2500000,0,15,2.030916,0.812,0.776,0.888
1000000,16,bevy_rows,packed_10pct_random_get,7,1000000,0,0,52.671333,52.671,50.721,53.080
1000000,16,bevy_rows,packed_10pct_update_first,7,100000,0,0,5.984209,59.842,58.615,62.537
1000000,16,bevy_rows,packed_10pct_update_repeat,7,100000,0,0,5.691917,56.919,55.416,59.668
1000000,16,bevy_rows,packed_1pct_health_query,7,2500000,0,15,2.182000,0.873,0.799,0.919
1000000,16,bevy_rows,packed_1pct_random_get,7,1000000,0,0,52.955792,52.956,50.387,60.889
1000000,16,bevy_rows,packed_1pct_update_first,7,10000,0,0,0.635333,63.533,58.529,69.817
1000000,16,bevy_rows,packed_1pct_update_repeat,7,10000,0,0,0.205542,20.554,14.021,44.933
1000000,16,bevy_rows,packed_create_queries,7,2,0,0,0.009458,4729.000,3917.000,7250.000
1000000,16,bevy_rows,packed_light_color,7,1250000,0,10,0.891042,0.713,0.671,0.751
1000000,16,bevy_rows,packed_populate_and_ids,7,1000000,0,0,35.001000,35.001,33.672,36.474
1000000,16,data,packed_0pct_health_query,7,2500000,0,15,2.656000,1.062,1.028,1.092
1000000,16,data,packed_0pct_random_get,7,1000000,0,0,65.481000,65.481,64.534,80.312
1000000,16,data,packed_0pct_reset,7,1000000,0,0,8.531000,8.531,8.393,8.662
1000000,16,data,packed_10pct_health_query,7,2500000,0,15,2.712000,1.085,1.056,1.101
1000000,16,data,packed_10pct_random_get,7,1000000,0,0,67.621000,67.621,65.944,69.597
1000000,16,data,packed_10pct_reset,7,1000000,0,0,8.486000,8.486,8.356,9.053
1000000,16,data,packed_10pct_update_first,7,100000,0,0,17.657000,176.570,173.920,192.410
1000000,16,data,packed_10pct_update_repeat,7,100000,0,0,16.785000,167.850,156.360,204.070
1000000,16,data,packed_1pct_health_query,7,2500000,0,15,2.654000,1.062,1.036,1.096
1000000,16,data,packed_1pct_random_get,7,1000000,0,0,66.875000,66.875,64.142,74.683
1000000,16,data,packed_1pct_reset,7,1000000,0,0,8.517000,8.517,8.385,9.421
1000000,16,data,packed_1pct_update_first,7,10000,0,0,2.020000,202.000,191.600,208.900
1000000,16,data,packed_1pct_update_repeat,7,10000,0,0,0.542000,54.200,45.800,97.300
1000000,16,data,packed_create_queries,7,2,0,0,0.003000,1500.000,1000.000,3500.000
1000000,16,data,packed_light_color,7,1250000,0,10,0.877000,0.702,0.677,0.734
1000000,16,data,packed_populate_and_ids,7,1000000,0,0,7.946000,7.946,7.809,8.433
1000000,16,data,packed_unload_no_queries,7,1000000,0,0,5.181000,5.181,5.126,5.235
1000000,16,flecs_columns,packed_0pct_health_query,7,2500000,0,15,1.597000,0.639,0.634,0.650
1000000,16,flecs_columns,packed_0pct_random_get,7,1000000,0,0,20.589000,20.589,19.826,21.636
1000000,16,flecs_columns,packed_10pct_health_query,7,2500000,0,15,1.627000,0.651,0.626,0.667
1000000,16,flecs_columns,packed_10pct_random_get,7,1000000,0,0,20.801000,20.801,19.376,24.032
1000000,16,flecs_columns,packed_10pct_update_first,7,100000,0,0,6.585000,65.850,61.340,67.230
1000000,16,flecs_columns,packed_10pct_update_repeat,7,100000,0,0,5.849000,58.490,52.910,62.120
1000000,16,flecs_columns,packed_1pct_health_query,7,2500000,0,15,1.610000,0.644,0.631,0.661
1000000,16,flecs_columns,packed_1pct_random_get,7,1000000,0,0,20.961000,20.961,19.631,23.599
1000000,16,flecs_columns,packed_1pct_update_first,7,10000,0,0,0.736000,73.600,71.500,77.600
1000000,16,flecs_columns,packed_1pct_update_repeat,7,10000,0,0,0.196000,19.600,16.000,43.000
1000000,16,flecs_columns,packed_create_queries,7,2,0,0,0.020000,10000.000,9000.000,11500.000
1000000,16,flecs_columns,packed_light_color,7,1250000,0,10,0.791000,0.633,0.610,0.678
1000000,16,flecs_columns,packed_populate_and_ids,7,1000000,0,0,2.301000,2.301,2.159,3.721
1000000,16,flecs_rows,packed_0pct_health_query,7,2500000,0,15,1.646000,0.658,0.650,0.684
1000000,16,flecs_rows,packed_0pct_random_get,7,1000000,0,0,27.714000,27.714,27.308,27.781
1000000,16,flecs_rows,packed_10pct_health_query,7,2500000,0,15,1.669000,0.668,0.656,0.706
1000000,16,flecs_rows,packed_10pct_random_get,7,1000000,0,0,27.285000,27.285,26.675,27.679
1000000,16,flecs_rows,packed_10pct_update_first,7,100000,0,0,6.690000,66.900,64.200,69.550
1000000,16,flecs_rows,packed_10pct_update_repeat,7,100000,0,0,6.477000,64.770,62.350,71.310
1000000,16,flecs_rows,packed_1pct_health_query,7,2500000,0,15,1.680000,0.672,0.640,0.709
1000000,16,flecs_rows,packed_1pct_random_get,7,1000000,0,0,27.437000,27.437,26.844,27.558
1000000,16,flecs_rows,packed_1pct_update_first,7,10000,0,0,0.756000,75.600,73.900,79.000
1000000,16,flecs_rows,packed_1pct_update_repeat,7,10000,0,0,0.186000,18.600,17.300,27.600
1000000,16,flecs_rows,packed_create_queries,7,2,0,0,0.024000,12000.000,12000.000,14500.000
1000000,16,flecs_rows,packed_light_color,7,1250000,0,10,0.844000,0.675,0.641,0.718
1000000,16,flecs_rows,packed_populate_and_ids,7,1000000,0,0,2.264000,2.264,2.185,2.447
