case,mode,repeat,seconds,updates_per_second,p99_ms,p99_lower_bound_ms,timing_overflow_samples,timing_samples,histogram_limit_ms,peak_live_mib,wasm_mib,cleanup_live_mib,width,height,dpr,start_thermal_status,max_thermal_status,peak_skin_c,start_skin_c,measurement_start_skin_c,battery_before_cooldown_c,battery_end_c,start_battery_c,idle_cpu_fraction_before,replay_validated
space_game,vanilla,1,281.66791009903,51.124034665281,38.9,,0,14400,1000,213.26522827148438,292.5,13.930160522460938,1280,720,2.75,0,1,43.147003,36.963,38,35.2,35.9,35.2,0.9825,True
space_game,poc_direct,1,308.421200037,46.689397480693,44.65,,0,14400,1000,213.98712158203125,292.5,13.942939758300781,1280,720,2.75,1,1,43.43,43.071003,42.121002,35.9,36.9,35.9,0.955,True
space_game,threaded,1,305.06710028648,47.202730109137,42.7,,0,14400,1000,219.72898864746094,292.5,19.455543518066406,1280,720,2.75,1,1,44.422,43.226,42.653004,36.9,37.6,36.9,0.96,True
space_game,threaded_ready,1,312.28253984451,46.112088133937,45.1,,0,14400,1000,219.38150787353516,292.5,19.461219787597656,1280,720,2.75,1,2,45.092003,44.271004,43.581,37.6,38.5,37.600002,0.94375,True
space_game,poc_direct,2,310.51238512993,46.374961803777,44.2,,0,14400,1000,213.57998657226562,292.5,13.944610595703125,1280,720,2.75,1,2,45.075,42.845,43.015003,38.6,38.9,38.600002,0.98625,True
space_game,threaded,2,326.68398022652,44.079296419786,50.25,,0,14400,1000,219.63385772705078,292.5,19.459228515625,1280,720,2.75,1,2,45.176003,42.887,43.215,38.9,39.1,39,0.985,True
space_game,threaded_ready,2,303.77462005615,47.403565173872,42.9,,0,14400,1000,219.3796615600586,292.5,19.45575714111328,1280,720,2.75,1,1,44.773003,42.792004,42.657,39.1,37.7,38.9,0.9725,True
space_game,vanilla,2,314.05699014664,45.851550679628,48.1,,0,14400,1000,213.16332244873047,292.5,13.934463500976562,1280,720,2.75,1,2,45.13,44.637,43.864002,37.7,38.4,37.800003,0.9475,True
space_game,threaded,3,339.38579487801,42.429589621381,51.75,,0,14400,1000,219.1362762451172,292.5,19.461158752441406,1280,720,2.75,1,2,45.315002,42.898003,43.298,38.4,38.8,38.4,0.98625,True
space_game,threaded_ready,3,342.47442507744,42.046935320043,53.65,,0,14400,1000,219.69483184814453,292.5,19.460281372070312,1280,720,2.75,1,2,45.387,42.136,42.996002,38.8,38.9,38.7,0.90125,True
space_game,vanilla,3,338.61078000069,42.526702782383,52.35,,0,14400,1000,213.59505462646484,292.5,13.939376831054688,1280,720,2.75,1,2,45.285004,42.2,42.936,38.9,39,38.9,0.975,True
space_game,poc_direct,3,343.90092992783,41.87252416858,54.25,,0,14400,1000,213.4778823852539,292.5,13.948837280273438,1280,720,2.75,1,2,45.353,42.219,42.989002,39,39.2,39,0.97875,True
