case,mode,repeat,seconds,ups,p99_ms,live_mib,wasm_mib,growth_mib,replay_signature,replay,frame_mib,owned_upload_bytes
geometry1000,direct,1,60.01075387001,66.654720063414,16.55,34.52027130126953,46.125,0.240203857421875,,False,0.0,0
geometry1000,copied,1,60.002035856247,84.747124450621,15.1,46.379478454589844,55.375,0.44643402099609375,,False,6.432464599609375,0
geometry1000,owned,1,60.007415056229,84.656204491393,15.5,46.111907958984375,55.375,0.42780303955078125,,False,6.644660949707031,504000
geometry1000,copied,2,60.001009941101,83.71525754201,15.35,46.37626647949219,55.375,0.42484283447265625,,False,6.432464599609375,0
geometry1000,owned,2,60.005315065384,84.342528565767,15.05,46.110435485839844,55.375,0.42685699462890625,,False,6.644660949707031,504000
geometry1000,direct,2,60.006278991699,68.009549476723,16.3,34.52549743652344,46.125,0.24446868896484375,,False,0.0,0
geometry1000,owned,3,60.008214950562,85.0716856718,15.25,46.115325927734375,55.375,0.43012237548828125,,False,6.644660949707031,504000
geometry1000,direct,3,60.013000011444,67.318747591848,16.45,34.5228271484375,46.125,0.24242401123046875,,False,0.0,0
geometry1000,copied,3,60.007730007172,84.055837462893,15.8,46.37769317626953,55.375,0.42733001708984375,,False,6.432464599609375,0
