case,mode,repeat,seconds,ups,p99_ms,live_mib,wasm_mib,growth_mib,browser_peak_live_mib,start_live_mib,end_live_mib,cleanup_live_mib,cleanup_lua_mib,peak_rss_mib,ready_renders,producer_wait_ms_per_update,frame_age_ms,cleanup_frame_capacity_mib,cleanup_upload_capacity_mib,worker_stack_mib,cleanup_retained_references,replay_validated
space_game,vanilla,1,121.59926009178,118.42177320101,15.8,214.23068237304688,320.8125,3.4833526611328125,213.13028717041016,206.84056091308594,211.55448150634766,13.978416442871094,3.0253992080688477,2785.046875,0,0.0,0,0.0,0.0,0.0,0,True
space_game,poc_direct,1,121.53828525543,118.48118450689,15.8,213.8711700439453,292.5,3.5051727294921875,213.2274627685547,206.845703125,211.56639099121094,13.986198425292969,3.0315380096435547,2531.390625,0,0.0,0,0.0,0.0,0.0,0,True
space_game,threaded,1,120.11724996567,119.88286448546,8.5,220.4961166381836,292.5,5.1938629150390625,219.58086395263672,210.7566909790039,217.5626220703125,19.507286071777344,3.040822982788086,2132.203125,0,2.3660286805555555,13.319832708333333,3.4892120361328125,3.36077880859375,2.0,0,True
space_game,threaded_ready,1,120.09970998764,119.90037279426,8.5,219.6397705078125,292.5,5.608123779296875,219.6397705078125,210.7563705444336,217.56079864501953,19.507102966308594,3.040822982788086,2798.859375,5692,0.000373125,5.504381944444445,3.4892120361328125,3.36077880859375,2.0,0,True
space_game,poc_direct,2,123.49199986458,116.60674388455,16.8,213.89978790283203,292.5,2.7678146362304688,212.9120635986328,206.84578704833984,211.56576538085938,13.98443603515625,3.030149459838867,1903.953125,0,0.0,0,0.0,0.0,0.0,0,True
space_game,threaded,2,120.14589500427,119.85428215827,8.6,220.35986328125,292.5,4.155372619628906,219.91656494140625,210.7571029663086,217.55093383789062,19.502487182617188,3.0402584075927734,2538.1875,0,0.9143103472222223,11.436977706785193,3.4853057861328125,3.36077880859375,2.0,0,True
space_game,threaded_ready,2,120.13104009628,119.86910284352,8.55,220.09026336669922,292.5,5.480964660644531,220.09026336669922,210.7571258544922,217.5629653930664,19.506752014160156,3.040822982788086,2592.578125,9035,0.299871875,5.843608263888889,3.4892120361328125,3.36077880859375,2.0,0,True
space_game,vanilla,2,123.6444849968,116.46293807907,16.9,214.0618667602539,320.8125,3.091827392578125,212.8285903930664,206.84188079833984,211.55583953857422,13.978965759277344,3.02626895904541,1842.78125,0,0.0,0,0.0,0.0,0.0,0,True
space_game,threaded,3,120.12389969826,119.87622809592,8.45,220.17182159423828,292.5,4.6461944580078125,220.17182159423828,210.75772094726562,217.55294799804688,19.50304412841797,3.040822982788086,2506.46875,0,2.047494236111111,13.365497048816055,3.4853057861328125,3.36077880859375,2.0,0,True
space_game,threaded_ready,3,120.1062848568,119.89380919716,8.6,220.12139129638672,292.5,5.0839080810546875,219.79354858398438,210.7566909790039,217.55216217041016,19.503334045410156,3.040822982788086,1993.125,2467,0.29355284722222225,7.2570508333333335,3.4853057861328125,3.36077880859375,2.0,0,True
space_game,vanilla,3,123.52658009529,116.57410080399,16.9,213.81117248535156,320.8125,3.6482620239257812,213.76089477539062,206.8416290283203,211.5559844970703,13.978065490722656,3.02498722076416,2971.984375,0,0.0,0,0.0,0.0,0.0,0,True
space_game,poc_direct,3,123.65848016739,116.44975727105,16.85,214.23717498779297,292.5,3.6238250732421875,213.59178161621094,206.84514617919922,211.56424713134766,13.9837646484375,3.0297985076904297,2731.109375,0,0.0,0,0.0,0.0,0.0,0,True
